row,sample,default,pd_model
0,development,1,0.4767684662648691
1,development,0,0.14551626580094057
2,development,0,0.16651864594824226
3,holdout,0,0.1780824963768432
4,development,0,0.1608701520383351
5,development,0,0.1425271372901538
6,development,0,0.17044655600607705
7,holdout,0,0.11014472428442157
8,development,0,0.17303682068446904
9,development,0,0.1931776833499562
10,holdout,0,0.09583227027386951
11,development,0,0.10841834151652849
12,holdout,0,0.3216050293697163
13,holdout,1,0.4757680535747669
14,development,0,0.1427432309780873
15,holdout,0,0.3062102089903163
16,development,0,0.29687281238519
17,development,0,0.13985189648523255
18,development,1,0.5806773732281839
19,holdout,1,0.07105074712595778
20,holdout,0,0.15037356998902712
21,development,0,0.13293841509289775
22,development,1,0.344581161656826
23,holdout,0,0.1399122479507781
24,development,0,0.16422660678147358
25,development,0,0.1452750373578533
26,development,0,0.10581916610610938
27,development,1,0.37142305109957524
28,development,0,0.13626707165938698
29,development,0,0.08817331665452671
30,holdout,0,0.07975485093215177
31,holdout,0,0.08280061536273454
32,development,0,0.12315374411585576
33,holdout,1,0.34917911862498857
34,development,0,0.1604063132760822
35,development,0,0.11239649766425631
36,development,0,0.13885136467414677
37,development,0,0.2146691545484019
38,development,1,0.0401478386532274
39,development,0,0.1018487631176352
40,development,1,0.5860180521022432
41,development,0,0.08102136751249547
42,development,0,0.28005855061631607
43,development,0,0.2990784813917256
44,development,0,0.13507922185276636
45,development,0,0.1288327333224816
46,development,0,0.406912266762085
47,development,0,0.10684253886368025
48,development,1,0.08710959582969444
49,development,0,0.1584424781717656
50,development,1,0.17237486797291565
51,holdout,0,0.15563803586035918
52,development,1,0.16196681895098272
53,development,1,0.6768282194433463
54,development,0,0.3841437218367734
55,development,0,0.1321591237304619
56,development,1,0.6575631976394035
57,development,0,0.17746151615011094
58,holdout,0,0.25963930766291293
59,development,0,0.10003883616352971
60,development,0,0.12422210702158
61,development,1,0.16350623639201226
62,development,1,0.323541714990365
63,development,0,0.09136420389785727
64,development,0,0.12097834039224982
65,development,1,0.13393427123125515
66,holdout,0,0.17504990072149784
67,development,0,0.1637081700455954
68,development,0,0.13571001483619094
69,development,1,0.16764387059657473
70,holdout,0,0.13563522872490527
71,holdout,0,0.14103872364133288
72,holdout,1,0.7274116281689968
73,development,0,0.0929363416948309
74,holdout,0,0.0917169710785872
75,development,0,0.13549534277878986
76,development,0,0.14148260184692488
77,development,0,0.14596907817610613
78,development,0,0.12600421018659122
79,holdout,0,0.12911213079491218
80,development,0,0.08785174045689007
81,holdout,0,0.06115161464642701
82,development,0,0.25602474949502313
83,development,1,0.1314158740064298
84,development,0,0.669845592585404
85,development,0,0.13628916903811591
86,development,0,0.12808192479085792
87,holdout,0,0.1656934465210561
88,development,0,0.28630038328149615
89,development,0,0.15906766050410406
90,development,0,0.2364558732025413
91,holdout,0,0.7103794308288623
92,development,0,0.1262745604795015
93,development,0,0.169269374719246
94,development,0,0.11204535173543417
95,holdout,0,0.12198030775870378
96,development,1,0.7560816067722099
97,development,1,0.27805167096191646
98,development,0,0.36124930904143077
99,development,1,0.29201852990406424
100,holdout,0,0.17677776426592134
101,development,1,0.1238823656360965
102,development,0,0.3698070539509656
103,development,0,0.2876881078487998
104,development,0,0.10756496137194257
105,development,0,0.11273898196995281
106,holdout,0,0.2929785596981798
107,development,0,0.1217080114699308
108,development,0,0.12479161008585916
109,holdout,1,0.16251477676532175
110,development,1,0.32098104990709575
111,development,0,0.5164318057247581
112,holdout,0,0.086357410341113
113,development,0,0.1847399753440706
114,development,0,0.23614238077699276
115,development,1,0.1174261741305364
116,holdout,0,0.30603829858941783
117,holdout,0,0.4977890704385221
118,development,0,0.34546043855834785
119,development,0,0.19419013246435554
120,development,0,0.14364923020049314
121,development,0,0.28686189589884437
122,development,0,0.13260507647516595
123,development,0,0.12238327122680931
124,holdout,0,0.10913920506122492
125,development,0,0.5746852424809542
126,development,0,0.7242243129031792
127,development,0,0.5159797648286124
128,development,0,0.1735311490972895
129,development,0,0.1721459273333928
130,development,0,0.1283052992149812
131,development,0,0.08626582133418571
132,holdout,0,0.20914714725636535
133,development,0,0.21977754839013403
134,development,0,0.1458009053868296
135,development,0,0.12067025651124427
136,development,0,0.10920074499873984
137,development,0,0.1342675807208099
138,holdout,1,0.3469290006256289
139,development,0,0.2664145313921406
140,holdout,0,0.08615802639217937
141,development,0,0.445180566600378
142,development,0,0.2100299749036154
143,holdout,0,0.17287093624814204
144,development,0,0.14197049926346722
145,holdout,0,0.12736650233301292
146,development,1,0.14421551520451917
147,development,0,0.17983273654206572
148,development,1,0.42187756089901285
149,development,0,0.2731308628430577
150,development,1,0.7011099785639489
151,development,0,0.262612251842273
152,development,0,0.7702270143903697
153,development,0,0.10943203869661781
154,holdout,1,0.4152038899006968
155,development,0,0.10320549742776594
156,holdout,0,0.15383958949096868
157,holdout,0,0.1796089094252156
158,holdout,1,0.6619616167958434
159,holdout,0,0.09346685147819572
160,development,0,0.1831331884455035
161,development,1,0.4208097707280177
162,holdout,0,0.05766475870607202
163,development,0,0.2602605802941104
164,development,0,0.119030299252992
165,development,0,0.12471791985770922
166,development,0,0.15864325612566146
167,development,0,0.15518607856567582
168,development,1,0.11859725883059437
169,development,1,0.137405839731363
170,development,0,0.10560818219011919
171,development,0,0.11631327212153332
172,holdout,0,0.16536395181561195
173,development,0,0.2701086373693799
174,development,1,0.3067109977991536
175,holdout,0,0.3610822972911279
176,holdout,0,0.12352378350650586
177,holdout,0,0.10522477849076847
178,holdout,0,0.1138578032140045
179,holdout,0,0.11812539070771026
180,development,0,0.11312438588819812
181,development,1,0.46390016078681495
182,development,0,0.11990318483305537
183,holdout,0,0.09389977844816264
184,holdout,0,0.19992327454674455
185,development,1,0.3513261516943141
186,development,0,0.37240458183878183
187,holdout,0,0.14278813454445827
188,development,0,0.16573455689067582
189,development,0,0.15336636172599
190,development,0,0.13925552161324822
191,holdout,0,0.0877971857164871
192,development,1,0.12572414953021094
193,holdout,0,0.4136522591037391
194,development,0,0.16495691434089538
195,holdout,0,0.15237266612105332
196,development,0,0.2013440575470868
197,development,0,0.5054920438048448
198,development,0,0.2025087501228471
199,holdout,0,0.17291040368713323
200,holdout,0,0.13189656010790504
201,holdout,0,0.15031851199131893
202,holdout,0,0.1596790321270062
203,holdout,0,0.17117665142847882
204,holdout,1,0.12552094661837784
205,development,0,0.08891855700925845
206,holdout,0,0.14952703993638375
207,holdout,0,0.13097423237138572
208,development,0,0.13151075304155496
209,holdout,1,0.3263890501426157
210,development,0,0.10524987510307665
211,development,0,0.15803440165053861
212,development,0,0.18611678517497635
213,development,0,0.08392294151617051
214,development,0,0.13911902790097608
215,development,0,0.08702024713668785
216,holdout,0,0.26492997920251393
217,holdout,1,0.13586580603515466
218,development,0,0.18455477877014406
219,development,0,0.16870214958297464
220,holdout,1,0.34087059125576125
221,development,0,0.12511101579436923
222,development,1,0.07440443476693526
223,development,0,0.15860677464537282
224,development,1,0.364203560705071
225,development,0,0.1305967687253454
226,development,0,0.14429547795198322
227,development,0,0.11522562359311071
228,holdout,0,0.18741612380697095
229,holdout,0,0.14014524446062512
230,development,0,0.13099662589157127
231,development,0,0.10614293071236634
232,holdout,0,0.11293471947752044
233,holdout,0,0.11661314820397876
234,development,1,0.3207516401228987
235,development,0,0.1330655152923752
236,development,1,0.1135375684808139
237,development,1,0.3518102078225667
238,holdout,0,0.8525984229152568
239,development,1,0.3011916891816515
240,holdout,0,0.3118462851656981
241,holdout,0,0.11836786814527823
242,holdout,0,0.13374136978930912
243,holdout,0,0.12597318834596063
244,development,0,0.11190046504545076
245,holdout,1,0.25804919699020135
246,holdout,0,0.14645526209359744
247,development,0,0.07395172270657965
248,holdout,0,0.10856285320150375
249,development,0,0.09038483549375893
250,development,0,0.09834885586607471
251,development,0,0.12965866338183285
252,holdout,0,0.11774182462868961
253,holdout,0,0.12816057119692129
254,holdout,1,0.2422441037370769
255,holdout,0,0.1409279220066747
256,holdout,0,0.31174666226291636
257,holdout,0,0.6329766313554306
258,holdout,0,0.30549617481052754
259,holdout,0,0.1234849169706825
260,development,1,0.12002250411944548
261,development,0,0.2621630650317915
262,development,1,0.29285386178821465
263,development,1,0.6823227181959999
264,development,0,0.10273505509134805
265,holdout,1,0.41074308303346846
266,development,1,0.21051558302103549
267,development,0,0.3681198039833275
268,development,0,0.17774887610330267
269,development,0,0.05916820140084169
270,development,1,0.1592163497436151
271,holdout,0,0.1435709721544821
272,development,0,0.08216591485837475
273,holdout,0,0.16844751316252615
274,development,0,0.19415283284388934
275,development,0,0.1450179288113241
276,development,0,0.11477099598587284
277,development,1,0.1578787341849381
278,development,0,0.14598294144565166
279,development,0,0.3064250512595818
280,holdout,1,0.26602300443925203
281,development,0,0.15957000616995987
282,holdout,1,0.10219272936415306
283,development,0,0.11022950237895578
284,development,0,0.03349764217316433
285,holdout,0,0.11111024092869176
286,development,0,0.10743448519413824
287,holdout,0,0.7187631839968623
288,development,1,0.29861501437549254
289,development,0,0.20194935470780087
290,development,0,0.3589378440357971
291,development,1,0.37856081103828854
292,development,0,0.1236166383812989
293,development,0,0.33812699745802755
294,development,0,0.19242261927475618
295,holdout,0,0.14797301426556142
296,development,0,0.1960804455225106
297,holdout,0,0.5076567463174853
298,holdout,0,0.12208747314320299
299,holdout,0,0.11461863665499224
300,holdout,1,0.16458395045994803
301,development,0,0.12972888840974311
302,holdout,0,0.12432290472292416
303,holdout,1,0.13959448516565853
304,development,0,0.1417161220573225
305,development,0,0.030000667686402697
306,holdout,1,0.3394014483682609
307,development,1,0.11979191530892942
308,holdout,0,0.28515725903465045
309,development,1,0.23856377225876738
310,development,0,0.12975350092898189
311,development,0,0.09780085361335496
312,development,0,0.12458209588366959
313,development,0,0.13904770660670362
314,development,0,0.1182617866507116
315,development,0,0.7055045067592131
316,development,0,0.15001709441480698
317,holdout,1,0.1957730453621966
318,holdout,0,0.20181803704335577
319,development,0,0.1278453874482341
320,development,0,0.10734244660377593
321,development,0,0.10990290723430506
322,development,1,0.6481745655236254
323,development,0,0.1226382632769853
324,development,0,0.2919928314479307
325,holdout,1,0.28642461477435904
326,development,0,0.06939467047165486
327,development,0,0.10709725304837082
328,development,0,0.07769952679675154
329,holdout,0,0.22236797851204196
330,development,1,0.2944408936532016
331,development,0,0.45386614796702945
332,development,0,0.09756473991505751
333,development,0,0.10536284628333877
334,holdout,1,0.4684853463940443
335,development,0,0.09990151352934196
336,development,1,0.6771071411932669
337,development,1,0.13098010037194893
338,development,0,0.14378374873857447
339,holdout,0,0.12195673764273886
340,development,0,0.1361431940597611
341,holdout,1,0.10003067924523082
342,development,0,0.12822736948701452
343,development,0,0.09755491140278898
344,holdout,0,0.15130320109698656
345,development,1,0.6051945578933371
346,holdout,0,0.15647288681080868
347,holdout,0,0.12785051549112067
348,holdout,0,0.14589694463162162
349,development,1,0.13682263770916797
350,development,0,0.13556501564000187
351,development,0,0.2618613219160327
352,development,0,0.113477725049936
353,development,1,0.12853475906960843
354,development,0,0.11899817705226622
355,holdout,0,0.11885534198264978
356,holdout,0,0.12127883183709526
357,holdout,0,0.0342262018833337
358,development,0,0.17446324686550999
359,holdout,1,0.30785866058891204
360,development,0,0.12886436645541124
361,holdout,0,0.10945857664650913
362,holdout,0,0.16824633734026825
363,development,0,0.1791706055380454
364,development,0,0.6263507002375145
365,holdout,0,0.11391925078810401
366,development,0,0.13111727142746052
367,development,1,0.17166014672630822
368,development,0,0.13289355305027556
369,development,0,0.15331494856014408
370,holdout,0,0.12626689602505844
371,development,0,0.12035212932400237
372,development,0,0.3384263017972131
373,holdout,1,0.1098781188341515
374,development,1,0.12404543587607675
375,development,0,0.11572957931232823
376,development,0,0.11891539516617232
377,holdout,0,0.13646571188035117
378,development,1,0.09978466776533297
379,development,0,0.11591630974154768
380,development,0,0.13728699679438475
381,development,0,0.14860752542263692
382,development,0,0.16953682496870515
383,development,0,0.231995094050234
384,development,0,0.15967775888978558
385,holdout,0,0.08280073886844992
386,holdout,0,0.23644847428148444
387,development,1,0.3873365544574836
388,development,0,0.2132826131374492
389,development,0,0.6669078456283967
390,development,0,0.1532105383008961
391,development,0,0.12345478624578396
392,holdout,0,0.12081141522347759
393,development,1,0.13487439399416
394,development,0,0.07384771446922574
395,development,0,0.1702174089707958
396,development,1,0.1333100056534831
397,holdout,0,0.1676804478610965
398,development,0,0.1273539552595142
399,development,0,0.26279558374556417
400,development,0,0.3521835403345948
401,holdout,0,0.33774850672016127
402,development,0,0.6643608849325408
403,development,0,0.03566184389235446
404,holdout,1,0.12633835368569454
405,development,0,0.0395368970435656
406,development,0,0.1220660263346708
407,development,0,0.12426284777817224
408,development,0,0.17769216631520085
409,development,0,0.2090419018551714
410,development,0,0.12178500685252511
411,development,0,0.20096117988409395
412,holdout,1,0.14059710736853723
413,development,0,0.0985636831573827
414,development,0,0.2573130637062111
415,development,0,0.16578984438230368
416,development,0,0.13733000484022934
417,development,0,0.18174546329924204
418,development,0,0.11138885445769971
419,development,0,0.21453447883114327
420,development,1,0.11183357243729182
421,holdout,1,0.14330616161729276
422,holdout,0,0.11532761501564376
423,development,0,0.11719785960023855
424,development,0,0.2607611098740619
425,development,0,0.31063771023575126
426,development,0,0.15704722892053588
427,holdout,0,0.1566080810386487
428,development,1,0.4957799269685669
429,development,1,0.6062398951100344
430,development,0,0.09772115778500075
431,holdout,0,0.145089354840254
432,development,0,0.10385960840163368
433,holdout,0,0.14862957124243362
434,development,0,0.184127550247693
435,holdout,0,0.669720242929368
436,development,0,0.30315206481414536
437,development,1,0.6669042579112576
438,development,0,0.13839537809351563
439,development,0,0.10195929768243128
440,development,0,0.1018704016123775
441,development,1,0.3124149376461114
442,development,0,0.08518382635812594
443,holdout,0,0.09377933335076367
444,holdout,1,0.3606442994558543
445,development,1,0.11136477003971236
446,holdout,1,0.18767820564281976
447,development,0,0.3105107398654583
448,development,0,0.07720707949225745
449,development,0,0.1297608559765328
450,holdout,0,0.07693258120326431
451,development,0,0.12788209675360404
452,development,0,0.11117113849540192
453,development,0,0.09222309684578187
454,development,0,0.16940591396442037
455,development,0,0.09323743915130588
456,holdout,0,0.6869329856184101
457,holdout,0,0.0760921776691542
458,development,1,0.1298278193440466
459,development,0,0.10364596614561718
460,development,0,0.23780641020357207
461,holdout,0,0.1481973327581777
462,development,0,0.09084293788552432
463,development,1,0.11838134069575378
464,holdout,0,0.15352555508868085
465,development,1,0.3249102240282719
466,holdout,0,0.09633358115619105
467,development,0,0.18802484265901634
468,development,0,0.16629262135534525
469,development,0,0.1212145425222386
470,holdout,0,0.11949603708652043
471,holdout,0,0.1577596274471118
472,development,0,0.2538523295069933
473,holdout,1,0.3166189207913574
474,holdout,1,0.1466745869940894
475,development,0,0.11691729536902101
476,development,0,0.12599674940816707
477,holdout,0,0.1575813042141246
478,development,0,0.13014860767159084
479,development,0,0.10677765977838966
480,development,0,0.2768535397124927
481,development,0,0.33271850116387425
482,development,1,0.1904908123314484
483,development,0,0.12027067810569378
484,development,1,0.18906475175777102
485,development,0,0.14181420520597737
486,development,0,0.5429455797626969
487,holdout,0,0.3096489839353072
488,holdout,0,0.6800527800955347
489,holdout,0,0.18506226159554992
490,development,0,0.06740328659500082
491,holdout,0,0.15900082267948712
492,holdout,1,0.11808983482908864
493,development,0,0.1682004080636795
494,development,0,0.6326076257340354
495,holdout,0,0.126256402851471
496,development,0,0.14026776609965858
497,holdout,0,0.1410203029856059
498,holdout,0,0.1281540420672092
499,development,0,0.13638291943923037
500,development,0,0.12274193380457664
501,development,0,0.1253614190641466
502,development,0,0.29030564225997824
503,development,0,0.08501172260731409
504,development,0,0.2591464325473799
505,development,0,0.16315265531548812
506,development,0,0.1822131047985747
507,development,0,0.12488542576068916
508,development,0,0.09629679609259872
509,development,0,0.21980139188000483
510,holdout,0,0.15988553955723153
511,holdout,0,0.09809945954843113
512,holdout,0,0.15099242050615033
513,development,0,0.1518674745578246
514,development,0,0.16920463695668353
515,development,0,0.10333810807522884
516,development,0,0.123858878290403
517,development,0,0.12457130365930769
518,holdout,0,0.11177555271363229
519,development,0,0.12145317548736148
520,development,0,0.10504034893752084
521,development,0,0.25411808622071275
522,holdout,1,0.3219366998033232
523,development,0,0.13768278622436086
524,development,1,0.7026576688891247
525,holdout,0,0.9796525295151575
526,development,0,0.07868658116751853
527,holdout,0,0.14088892519906876
528,development,0,0.1715085033541879
529,development,1,0.28218267108058614
530,development,0,0.22536733310437157
531,development,1,0.08642148589681443
532,holdout,1,0.1133346491691805
533,holdout,0,0.13032038920591923
534,holdout,0,0.16857288438337986
535,development,0,0.08176904781691136
536,development,1,0.1497518033263091
537,development,0,0.133053323412629
538,development,0,0.1430320890827526
539,development,0,0.38455871860747026
540,development,0,0.13246076125497222
541,development,0,0.18169798875793217
542,development,0,0.637082574158761
543,development,1,0.5666969027645228
544,development,1,0.1941925092725677
545,holdout,1,0.32108956116283
546,holdout,1,0.813238506609743
547,development,0,0.11472030713772256
548,holdout,1,0.7195426260906019
549,development,1,0.7152129179030946
550,development,0,0.11941602148399742
551,development,0,0.11481396587349427
552,development,0,0.1839817107015965
553,development,0,0.15225591883555367
554,holdout,0,0.07909423238527992
555,development,0,0.11913222149661988
556,development,0,0.10787316543032081
557,development,0,0.11697407593729009
558,development,1,0.18652179110535716
559,development,0,0.12422336890623929
560,holdout,0,0.13756031099343186
561,holdout,0,0.1449960257632623
562,development,0,0.1537337787669883
563,development,0,0.1729514469226724
564,development,0,0.27287538723676275
565,holdout,0,0.06416468030201364
566,development,0,0.08612782096927687
567,development,0,0.15969471634299048
568,development,0,0.20480007116054214
569,development,0,0.1584971012615542
570,holdout,0,0.08684138049961997
571,development,0,0.10554008038578379
572,development,0,0.7250020339364848
573,development,1,0.10949747498374948
574,development,0,0.3914045947029928
575,development,0,0.2565414753943984
576,development,0,0.17636951779131083
577,development,0,0.19395237564409873
578,holdout,0,0.26798226696704036
579,development,0,0.33588527245074146
580,development,0,0.07092348402569455
581,development,0,0.12204875163485246
582,development,1,0.14893466863248844
583,development,0,0.3177553009711935
584,development,0,0.17290972839626922
585,holdout,0,0.24179534534152275
586,development,0,0.2930233712253955
587,development,0,0.11292322178183663
588,development,0,0.34828019196671206
589,development,1,0.3369686586244627
590,development,0,0.11411241598454779
591,development,0,0.07442394784485092
592,development,0,0.12099017429053463
593,holdout,1,0.3117423331409197
594,development,0,0.13516646298053533
595,development,0,0.1301594614914888
596,development,0,0.33515441224866666
597,development,0,0.1307475508625952
598,holdout,0,0.0924314875925951
599,development,1,0.4080648347968038
600,development,0,0.1267977242567637
601,development,0,0.12404899159924604
602,development,0,0.24813587325119107
603,development,0,0.07682792465637606
604,development,0,0.12080527027617202
605,development,1,0.10391630294695552
606,holdout,1,0.3978414174657732
607,development,1,0.969593477361112
608,holdout,0,0.33879654501290357
609,holdout,1,0.15767682425791485
610,development,0,0.08177883652317075
611,development,0,0.11015089265222047
612,development,0,0.14694168313244396
613,development,1,0.3488292847350543
614,development,0,0.12605183629440558
615,development,0,0.16800864157553888
616,development,1,0.496797471384869
617,development,0,0.11772136315935765
618,holdout,0,0.14887039427895818
619,holdout,0,0.12196839679915689
620,development,0,0.08771344956042633
621,development,0,0.1405131618893988
622,holdout,0,0.13085412928298013
623,development,0,0.07929763117352673
624,development,0,0.13181492633437802
625,development,0,0.1265663364871049
626,development,0,0.13759626549977477
627,holdout,0,0.3553022543704374
628,development,0,0.0777328075648546
629,development,0,0.18137801613772925
630,development,1,0.3701506021515283
631,development,0,0.4213455545830316
632,development,0,0.2779064047765281
633,holdout,1,0.7102573156786443
634,development,1,0.316724541823538
635,development,1,0.17622984499001126
636,holdout,0,0.1987883163747937
637,development,0,0.10307505225163716
638,holdout,0,0.11621056987187088
639,development,0,0.14090841748065844
640,development,0,0.5270182366273017
641,development,0,0.33707287389704443
642,holdout,0,0.2819361013585437
643,development,0,0.15721389527686958
644,development,0,0.13898294641899905
645,development,0,0.07909077171645812
646,development,0,0.152120547061485
647,development,0,0.6769226568060926
648,holdout,0,0.12213262361085067
649,development,0,0.1097628370975731
650,development,1,0.7450477531933792
651,development,0,0.13449290853553517
652,development,1,0.4841134600202028
653,holdout,0,0.16701084266536514
654,development,0,0.14183238785942967
655,development,0,0.20987519500539478
656,development,0,0.10500677620231375
657,development,0,0.29811804125365937
658,holdout,0,0.07510190656199643
659,development,1,0.6159905169860439
660,development,0,0.2295098686389903
661,development,0,0.14677367199876806
662,holdout,0,0.15858233437405683
663,holdout,0,0.1241588376413588
664,development,1,0.35485569532712885
665,development,0,0.17593180333965167
666,development,0,0.17052715846045632
667,holdout,1,0.15797790452218216
668,holdout,0,0.316650434889858
669,development,0,0.4284325092778736
670,holdout,0,0.3986911397808483
671,development,0,0.15626015549794614
672,development,0,0.2155266694636442
673,development,0,0.09945373937258706
674,development,0,0.9719384838606248
675,development,1,0.1059721168392911
676,development,0,0.1722056120138424
677,holdout,1,0.1895099872152747
678,development,0,0.7115945335748988
679,development,0,0.11195188831590339
680,holdout,1,0.27932790338789326
681,holdout,0,0.32466170121610033
682,development,0,0.10593681466663524
683,holdout,0,0.1260063313627763
684,development,0,0.0992091026368962
685,development,0,0.10658824695377155
686,development,0,0.053429316483722775
687,holdout,1,0.47744566568834523
688,holdout,0,0.19248234842445267
689,development,0,0.44700370140494144
690,development,0,0.4815980200092596
691,development,0,0.15395995200423282
692,development,0,0.11946679925564677
693,development,0,0.17079571577629477
694,development,1,0.44868427214725476
695,development,0,0.13265616952274784
696,holdout,0,0.10411473413125608
697,development,0,0.08178221667903025
698,development,1,0.8333974371622843
699,development,0,0.21940172937370275
700,development,0,0.11604431607363075
701,development,0,0.12466821918152202
702,holdout,0,0.1969781621051655
703,development,0,0.13937772186600458
704,development,0,0.13965027705028715
705,holdout,0,0.061663738765076935
706,development,0,0.13274088583440896
707,development,0,0.1511684772855042
708,development,0,0.24584530024300047
709,development,0,0.1277247655805713
710,development,0,0.1022858822166353
711,development,0,0.5322303541690852
712,development,0,0.10762241351776784
713,development,1,0.3407912572338811
714,development,0,0.14080017822968152
715,holdout,0,0.1232518489569604
716,holdout,0,0.19391043105087002
717,holdout,0,0.10262101828103501
718,holdout,0,0.44283009556462816
719,development,0,0.14287262961036234
720,development,0,0.10171229319537393
721,development,1,0.08153758083128071
722,development,0,0.08280317029727037
723,development,1,0.7075719900671918
724,holdout,1,0.21761909051241837
725,development,0,0.0780901562787885
726,development,0,0.10762230252544228
727,development,0,0.11188012317079118
728,development,0,0.5270832988145483
729,holdout,0,0.2631241574136677
730,holdout,1,0.6943886378460794
731,development,0,0.12708159881578387
732,development,0,0.1505613950099337
733,development,0,0.5608404930949616
734,holdout,0,0.07540321698951367
735,development,0,0.25671936651063565
736,development,0,0.08893755498080295
737,holdout,0,0.11844330476773705
738,development,0,0.2884389556567328
739,holdout,0,0.15187216949613166
740,development,0,0.2656830049486097
741,development,0,0.16458741091639126
742,development,1,0.1276027154243967
743,development,0,0.14704006601733194
744,holdout,0,0.08761384652299802
745,development,0,0.08376545459155944
746,development,0,0.10730900407099472
747,development,1,0.44011937162214
748,development,1,0.6425136673903915
749,holdout,0,0.15567102362714055
750,holdout,0,0.14053247175172456
751,development,0,0.3831022558593401
752,development,1,0.46222788436305123
753,development,0,0.1248066840419322
754,development,0,0.2140518893431281
755,development,0,0.17787415562236128
756,holdout,0,0.09806704921467994
757,holdout,1,0.7496279473318981
758,development,0,0.0965838199789722
759,development,0,0.10807453489162896
760,development,0,0.12494722412989125
761,development,0,0.19748530385657365
762,holdout,0,0.11500226660318123
763,development,0,0.2156922932744521
764,development,1,0.1254321359934495
765,development,0,0.1485077075468839
766,development,0,0.06279515351970932
767,development,0,0.12693397132905954
768,holdout,0,0.1409857125975994
769,development,0,0.2638858246866998
770,development,1,0.0908062856325102
771,holdout,0,0.11837916473117685
772,holdout,1,0.1273360209757555
773,development,1,0.34642027407004483
774,holdout,0,0.19184568664640525
775,development,0,0.12073063539625888
776,development,0,0.13180449666481395
777,development,0,0.17435463120770198
778,holdout,0,0.10291012363100016
779,development,0,0.3818319288670764
780,development,0,0.1179569753365511
781,development,0,0.1932251605646893
782,development,0,0.13912602582629932
783,holdout,1,0.10337200560230755
784,development,0,0.13632650869004131
785,development,1,0.6104879405856645
786,development,1,0.12907864065524324
787,development,0,0.1482388394670168
788,holdout,1,0.48708563189040904
789,holdout,1,0.12014323040472384
790,development,0,0.16149501819658243
791,holdout,0,0.13670258871807095
792,holdout,0,0.9740868995302083
793,development,1,0.06857679361782958
794,holdout,0,0.16181233479371296
795,holdout,0,0.07005050404826925
796,development,1,0.32350821331112156
797,development,0,0.06549548631042726
798,holdout,0,0.08212747759930404
799,development,0,0.6576185178152796
800,holdout,0,0.4796543178259929
801,development,0,0.2597103682408385
802,development,1,0.23540513909663213
803,development,0,0.1406060205008893
804,development,1,0.09637681067472811
805,development,1,0.27569931899332695
806,development,0,0.08918091157025297
807,development,0,0.2654264962773647
808,holdout,1,0.28391075868488336
809,development,1,0.15938205921280854
810,development,0,0.3887833166791645
811,development,0,0.14984347038980958
812,development,0,0.12842448795130515
813,development,0,0.14942246590787464
814,development,1,0.07973648884746085
815,development,0,0.11223238801158009
816,holdout,0,0.11781796401720196
817,holdout,0,0.13354866156365378
818,development,0,0.443408154552392
819,development,0,0.16544010672006956
820,development,0,0.21784681532964537
821,holdout,0,0.10043247724324739
822,holdout,0,0.1501079323336451
823,development,0,0.11893099564795244
824,development,0,0.13414111125233563
825,holdout,1,0.1611762419692917
826,development,1,0.34861181870167135
827,development,0,0.2888324713414575
828,development,0,0.08273671164313592
829,development,0,0.12540714861510863
830,development,0,0.05322086923836348
831,development,0,0.09167906797698011
832,holdout,0,0.19126423730605047
833,development,0,0.10956458356793633
834,holdout,0,0.10981923278991687
835,holdout,0,0.30127557280734596
836,development,1,0.7172182260840978
837,development,0,0.11737984858940129
838,holdout,0,0.12496724055548862
839,development,0,0.381078320624759
840,development,1,0.5126908236639303
841,development,0,0.1242081098317015
842,holdout,1,0.13491524398382687
843,holdout,0,0.13330007185879622
844,holdout,0,0.1162955721878431
845,development,0,0.14771715668876353
846,development,0,0.14379883856517905
847,holdout,1,0.7720623674254905
848,holdout,1,0.16123144668896575
849,development,1,0.4209503473970885
850,holdout,0,0.08184782683567758
851,holdout,0,0.23141080218231128
852,development,0,0.665071711676662
853,development,0,0.13382925413120672
854,holdout,0,0.2091411372196963
855,development,0,0.14666374795053555
856,development,0,0.4343559889509589
857,development,0,0.18391613551755118
858,development,0,0.29467284947974803
859,holdout,0,0.1884524754584897
860,development,1,0.40406935057332455
861,development,1,0.20795059054968634
862,holdout,0,0.1989638933892985
863,development,0,0.13413297062425228
864,development,1,0.4271924318674866
865,development,0,0.1205563455070867
866,development,0,0.124437006144207
867,development,1,0.1320388807557026
868,development,0,0.2579389582460053
869,holdout,0,0.14952790896506732
870,development,1,0.14571626388392955
871,development,0,0.08405315855921294
872,holdout,0,0.039529163612361515
873,development,0,0.3378333379702151
874,holdout,0,0.15361462587085567
875,holdout,0,0.09305635070946879
876,holdout,0,0.1293920997755323
877,holdout,0,0.25741516710888274
878,development,0,0.13584872837994716
879,development,0,0.7613484136747335
880,holdout,0,0.7331787327728607
881,development,1,0.6675880757012641
882,development,0,0.10090144306108685
883,holdout,1,0.11725555809976419
884,development,0,0.31132640918573157
885,holdout,0,0.16422024209542874
886,holdout,0,0.10630941558487372
887,development,0,0.1548719416263343
888,development,0,0.11264498179702231
889,development,1,0.2984013961902198
890,development,0,0.4481519481932012
891,holdout,0,0.0894579669303755
892,development,0,0.3267531367607047
893,development,0,0.13562699371595932
894,development,0,0.15269238605262064
895,holdout,1,0.3395469335553264
896,holdout,1,0.3833145850307237
897,development,0,0.32640174400507965
898,development,0,0.0846508650189941
899,development,1,0.6857474251771806
900,development,0,0.09408872490943661
901,development,0,0.06140004813663967
902,development,0,0.14992846426187195
903,development,0,0.3975053603830612
904,development,0,0.48320754874714816
905,development,0,0.15005508935841594
906,development,0,0.13572555693446162
907,development,0,0.15861497126812077
908,holdout,0,0.1734227439923547
909,development,0,0.08631621257927805
910,development,1,0.13302507113368459
911,holdout,0,0.38482149406971233
912,development,0,0.33571197384895524
913,holdout,1,0.3226474461041768
914,development,1,0.7537964383827217
915,holdout,0,0.16149669440558945
916,development,0,0.13254291245605404
917,development,0,0.07706243432478899
918,development,0,0.07576769829236475
919,holdout,0,0.11050504601854415
920,holdout,0,0.1253515054576126
921,holdout,0,0.30224432893519615
922,holdout,0,0.7898557060573946
923,development,0,0.6251276673496731
924,development,0,0.22604366880076476
925,development,0,0.14890080045297746
926,development,0,0.16992556019707886
927,development,0,0.19875096717078042
928,development,0,0.12105633363151337
929,development,0,0.2986357573359903
930,development,0,0.116192491033584
931,development,0,0.12450579029806803
932,development,1,0.5072477987055962
933,development,1,0.44537604097280165
934,development,1,0.7861443548343092
935,development,0,0.3108505879211611
936,development,0,0.11995170967466004
937,development,0,0.34419555310831074
938,development,1,0.7134849490993258
939,development,0,0.1083657428181135
940,development,0,0.5159130305089
941,development,0,0.10493221436410036
942,development,0,0.12237074452736253
943,development,0,0.257838889687645
944,development,0,0.10973377946898637
945,development,0,0.4961557319436789
946,development,0,0.14304340392413656
947,development,0,0.086898958547658
948,development,0,0.14389702912737337
949,development,0,0.1561673794850551
950,development,0,0.3212578639834113
951,development,0,0.13938611292861555
952,development,0,0.17918983764973995
953,development,0,0.11710180076610088
954,development,0,0.19514953258211445
955,development,1,0.18489297489552803
956,holdout,0,0.11543665309658149
957,development,0,0.12254113220188842
958,development,1,0.1404499541789955
959,development,0,0.16183194953660926
960,development,0,0.16561686471822976
961,development,0,0.1478319579294876
962,development,0,0.0725531509722547
963,development,0,0.2583116784036245
964,development,1,0.47485260650253186
965,development,0,0.11797731987994993
966,development,0,0.09857801351299895
967,development,0,0.20074610902818657
968,development,1,0.1739787605869473
969,holdout,0,0.18650409643734367
970,holdout,0,0.10925808251478529
971,holdout,0,0.11473467852912564
972,holdout,0,0.1238917200448826
973,holdout,0,0.08438277397049071
974,development,1,0.1189787307777678
975,development,0,0.1682987364006723
976,development,0,0.1697891364659216
977,development,0,0.09295434523321533
978,development,0,0.16158135133073595
979,development,1,0.10874244666102649
980,holdout,0,0.08242716919067872
981,development,0,0.14247218994163477
982,holdout,0,0.12478340391229066
983,development,0,0.1259532067590578
984,holdout,0,0.5179890568819546
985,holdout,1,0.11633390312571881
986,holdout,0,0.2033157574478197
987,development,1,0.1376722706504625
988,development,0,0.12608242789289312
989,development,0,0.11051951129292269
990,holdout,1,0.10990942337415428
991,holdout,0,0.12389159917502203
992,holdout,0,0.10462091505002068
993,development,0,0.10686221104863132
994,development,0,0.13972886826379846
995,development,0,0.15834883664384666
996,development,0,0.15525986794431548
997,development,0,0.171793097282158
998,development,0,0.11298856156285494
999,development,0,0.1721588839668506
1000,holdout,0,0.09809034167992403
1001,development,0,0.09114603414905587
1002,development,1,0.13990480426933766
1003,development,0,0.16002114937304218
1004,development,0,0.12510130444056944
1005,development,0,0.4817075802839817
1006,development,0,0.11155014196240658
1007,development,1,0.2105405464662978
1008,development,0,0.15193163382528868
1009,holdout,1,0.16840522212831618
1010,development,0,0.15502258144256234
1011,development,0,0.42113297731011323
1012,holdout,0,0.1016688382476164
1013,development,1,0.5322819779507519
1014,development,0,0.2040012762298993
1015,development,1,0.7345654719065369
1016,holdout,0,0.12054107843340461
1017,development,0,0.13048949357411804
1018,holdout,0,0.11903553750615929
1019,holdout,1,0.12154630323621428
1020,holdout,0,0.1733660915025691
1021,holdout,0,0.13676420034299988
1022,development,0,0.12928436411862387
1023,development,0,0.07226790577629454
1024,development,0,0.12655698729742226
1025,development,0,0.12881263222784495
1026,development,1,0.138816656759903
1027,development,0,0.17514203652718283
1028,holdout,1,0.18265281520479487
1029,holdout,0,0.11695035511857932
1030,development,0,0.1225540922654608
1031,holdout,0,0.5176023892690327
1032,development,1,0.20572218774599968
1033,development,0,0.13146475980733838
1034,development,0,0.17875821395125918
1035,development,0,0.5024820770301829
1036,development,0,0.12186520397245118
1037,development,0,0.13284222091611647
1038,holdout,0,0.1338321375413982
1039,development,1,0.16612780744965572
1040,holdout,0,0.0690900376914815
1041,holdout,0,0.2042543268250807
1042,development,0,0.12323201236178064
1043,development,0,0.07418264473401134
1044,holdout,0,0.11759503416603183
1045,development,0,0.2760501569002808
1046,development,0,0.03863749590857631
1047,holdout,0,0.12707608566663203
1048,development,0,0.11241019218865593
1049,development,0,0.2038239763694828
1050,development,0,0.19866031493548758
1051,development,0,0.10572720419922256
1052,development,0,0.5266515270321503
1053,development,0,0.09404835378292728
1054,development,1,0.13520366291141658
1055,holdout,1,0.19272358590562821
1056,development,0,0.5207810954738239
1057,holdout,1,0.2641521198770591
1058,development,1,0.31119530063774004
1059,development,0,0.16526310902262964
1060,development,0,0.13048285936354637
1061,development,0,0.13592072069804947
1062,development,0,0.19737765920739253
1063,development,0,0.11770230016499036
1064,development,1,0.4813578631824113
1065,development,0,0.602810752724984
1066,holdout,0,0.11120117877879353
1067,holdout,0,0.10551276715069564
1068,holdout,0,0.48273580097102886
1069,development,1,0.19566065884143466
1070,development,0,0.08436154080905317
1071,development,0,0.14649292762188665
1072,development,0,0.2725928617849096
1073,development,0,0.13527809541810787
1074,holdout,0,0.07260401749083358
1075,development,0,0.13869914928524785
1076,holdout,0,0.11649663631303477
1077,holdout,0,0.2794260955374806
1078,holdout,0,0.15943687049317973
1079,development,0,0.383830410991519
1080,holdout,0,0.23054193970161094
1081,development,0,0.14305325962078969
1082,holdout,0,0.23431117360626677
1083,holdout,0,0.08536350728260633
1084,holdout,0,0.1528344694268044
1085,holdout,1,0.33006045906191017
1086,development,0,0.10568081937519544
1087,development,1,0.06944607358552793
1088,development,0,0.0980944276568373
1089,development,0,0.1302902399352
1090,development,0,0.12021994706958992
1091,development,0,0.08515123287767319
1092,development,1,0.14365775355338858
1093,development,0,0.43064978689880207
1094,development,1,0.12197182050957563
1095,development,0,0.3250911107770766
1096,holdout,0,0.14000731117197315
1097,holdout,0,0.10266381677369905
1098,holdout,1,0.4928491698653413
1099,development,1,0.09610017046575126
1100,development,0,0.2255341120935044
1101,development,0,0.13993287759063602
1102,development,0,0.14192709281582358
1103,development,1,0.5598994521399232
1104,development,0,0.104561528176927
1105,development,0,0.13977441186927259
1106,holdout,0,0.087515108828057
1107,development,0,0.29719356793121304
1108,development,0,0.42219971825365715
1109,development,0,0.3068540755258534
1110,development,0,0.03346389065597596
1111,development,1,0.13009295207970176
1112,development,0,0.5324900894749695
1113,holdout,0,0.05658863857207311
1114,development,0,0.12347100636068702
1115,development,0,0.13494193087134765
1116,development,0,0.7243691937630697
1117,holdout,0,0.14304625311211522
1118,holdout,0,0.18275420324458264
1119,development,0,0.19547030079559743
1120,development,0,0.1168022096217297
1121,holdout,0,0.1479516451631895
1122,development,0,0.6262556294553687
1123,holdout,0,0.2856494666607319
1124,development,0,0.10092209500873049
1125,holdout,0,0.11395968559660327
1126,development,0,0.5210614653039178
1127,holdout,0,0.12986933314400362
1128,holdout,1,0.8311699824604561
1129,holdout,0,0.13094877945032798
1130,development,0,0.11396048627904777
1131,holdout,0,0.05072446240396931
1132,development,1,0.6038615944671957
1133,development,0,0.13106705231046784
1134,development,0,0.4371371629957947
1135,development,0,0.2093805651267143
1136,development,0,0.13592082705753283
1137,development,0,0.4912283359250533
1138,holdout,1,0.169802114612568
1139,development,0,0.10974433223057255
1140,development,0,0.07453461455127594
1141,development,1,0.10481299128900418
1142,development,0,0.07703377969184201
1143,development,0,0.13993534249570241
1144,development,1,0.11341393713408403
1145,development,0,0.06802090490142854
1146,holdout,0,0.1857307183726321
1147,development,0,0.1168392662248235
1148,development,0,0.07756372080447693
1149,holdout,0,0.14210700944176397
1150,development,0,0.14239608555222177
1151,development,0,0.22658288750946912
1152,development,0,0.1685317351802911
1153,holdout,0,0.06480536107599158
1154,development,0,0.13819516573566937
1155,holdout,0,0.12432898486796541
1156,development,0,0.12361377388351161
1157,development,0,0.2712049968974048
1158,holdout,0,0.13845388019924842
1159,holdout,0,0.0913566129817349
1160,holdout,1,0.6889342970086886
1161,development,0,0.16516270275272177
1162,development,0,0.15004194966114873
1163,holdout,1,0.7590640266031741
1164,development,1,0.6877016139198895
1165,development,0,0.22090504532204952
1166,holdout,1,0.7095107339394975
1167,development,0,0.12473931606746852
1168,development,0,0.42136809054700136
1169,holdout,0,0.12393886382551282
1170,development,0,0.4047884560832363
1171,holdout,0,0.14000533638275253
1172,development,0,0.737802526833751
1173,development,1,0.30626684299366175
1174,holdout,0,0.25216961082162365
1175,development,0,0.20094405963207612
1176,holdout,0,0.12610586001676882
1177,development,0,0.33142083242476017
1178,development,0,0.17016258317798505
1179,development,0,0.2761079557299098
1180,development,1,0.39826377265273577
1181,holdout,1,0.12024874861845314
1182,development,0,0.20963949414048466
1183,development,1,0.7647034448017668
1184,development,0,0.2560467132348875
1185,development,0,0.11403088619090128
1186,development,0,0.10936726065466684
1187,development,0,0.13638381745081646
1188,holdout,1,0.2960647309551608
1189,development,0,0.11394101955975468
1190,development,0,0.15400604150539118
1191,development,1,0.2525840457970926
1192,holdout,0,0.12083465605324904
1193,development,0,0.1286681859148772
1194,development,1,0.1225239239720335
1195,development,0,0.13393407049996509
1196,development,0,0.09756280069473412
1197,development,0,0.17214639403136162
1198,development,1,0.29245863692473867
1199,holdout,0,0.281264662563018
1200,development,0,0.12452955971324864
1201,development,0,0.11286670012722907
1202,holdout,0,0.10726590275764858
1203,development,1,0.8515768359117925
1204,holdout,0,0.12134941070826302
1205,holdout,0,0.16853954822062941
1206,development,1,0.6152691824992418
1207,development,1,0.42987818309191234
1208,development,0,0.03317490538742194
1209,development,0,0.1361673430902974
1210,development,0,0.12072338092967197
1211,development,0,0.543134601788318
1212,development,1,0.4352747759438044
1213,holdout,0,0.1993003107234429
1214,development,0,0.33646479511373867
1215,development,0,0.4903215245887494
1216,development,0,0.09224342613265092
1217,development,0,0.1772006368336356
1218,development,0,0.13052095271893535
1219,development,0,0.14284377609291748
1220,holdout,0,0.14090947325607786
1221,holdout,0,0.11320084283747743
1222,holdout,1,0.5972495831449105
1223,development,0,0.3985635965119025
1224,development,0,0.18756553159219558
1225,development,1,0.28086353639965256
1226,holdout,0,0.2933103227456338
1227,development,0,0.23780489775391098
1228,development,1,0.7079891736579353
1229,holdout,0,0.4194703773822625
1230,holdout,0,0.11085162293587346
1231,development,0,0.1327953456848401
1232,holdout,1,0.7623119464021394
1233,development,0,0.13455210963285966
1234,development,0,0.5087378231489772
1235,holdout,1,0.13621201971130154
1236,development,0,0.12263441174437402
1237,development,0,0.3348441664005458
1238,development,0,0.1289093211951381
1239,development,0,0.5268847739534549
1240,development,0,0.15776477568520542
1241,development,0,0.13426115847590472
1242,holdout,0,0.18297032955480852
1243,development,0,0.4625889542608649
1244,holdout,0,0.2334551720826667
1245,holdout,0,0.3238907084752683
1246,holdout,0,0.1212966658917281
1247,holdout,0,0.1420522310619159
1248,development,1,0.284316565668467
1249,development,1,0.13245703513366927
1250,holdout,0,0.14548688733299464
1251,holdout,0,0.14159167133666203
1252,development,1,0.14476008731498732
1253,development,0,0.11545981404111101
1254,development,0,0.19292917875305293
1255,holdout,0,0.3507961583064891
1256,development,1,0.0901675241813602
1257,development,0,0.1288680157589996
1258,development,1,0.16685112030592628
1259,development,0,0.1797437315803117
1260,development,0,0.1459905466889881
1261,holdout,0,0.35290424722853214
1262,development,1,0.11348876223311606
1263,holdout,0,0.16008476642013067
1264,holdout,0,0.1188610219717815
1265,development,0,0.12638177917208276
1266,holdout,0,0.3608681086690504
1267,development,1,0.14556760039276603
1268,development,0,0.3026035100058706
1269,development,0,0.21551003238495256
1270,development,1,0.14735959418673553
1271,development,0,0.3870905793425586
1272,holdout,0,0.16732490164357203
1273,holdout,0,0.08257002905116925
1274,development,0,0.14759720755054961
1275,development,0,0.30430473845367445
1276,development,0,0.19479300421868526
1277,holdout,0,0.15244442008327982
1278,holdout,0,0.5306925381688582
1279,holdout,0,0.1586521107678484
1280,holdout,0,0.14553670603070587
1281,holdout,0,0.12264502420328059
1282,development,0,0.09315544899268774
1283,development,0,0.09329783768967617
1284,holdout,0,0.14030024602138563
1285,development,0,0.17047160921556687
1286,holdout,0,0.1377039651631334
1287,development,0,0.07746381240914849
1288,development,0,0.09377220749485789
1289,development,0,0.1771981986290342
1290,development,0,0.10722614822519887
1291,development,1,0.1539267008021736
1292,development,0,0.12241088571530799
1293,development,0,0.30936152055449573
1294,development,0,0.15380379369874425
1295,holdout,0,0.08686305216207663
1296,development,0,0.16921322960769106
1297,development,1,0.5212863236350997
1298,development,0,0.09935077825770447
1299,holdout,0,0.24583509973623252
1300,development,0,0.09516371336714669
1301,development,0,0.11978259693159733
1302,development,1,0.09237027486312263
1303,development,0,0.17971188624756448
1304,development,1,0.28321321338067595
1305,development,1,0.42918325599147505
1306,holdout,0,0.05162713632686072
1307,development,0,0.12893622438613542
1308,holdout,1,0.15939083658721925
1309,development,0,0.2435572026217133
1310,development,0,0.11273566078903398
1311,development,0,0.12609384721820663
1312,holdout,1,0.7643422982093324
1313,development,0,0.1952483435833044
1314,development,1,0.17697120483484285
1315,development,0,0.680230856680528
1316,development,0,0.12111364871103719
1317,development,0,0.11255368653033791
1318,development,0,0.10560442873953284
1319,development,0,0.18428001316165113
1320,development,0,0.6324879254266419
1321,holdout,1,0.4440624848471185
1322,holdout,0,0.10799747203408853
1323,development,0,0.09289609738490595
1324,development,1,0.20822825079707502
1325,development,0,0.0757973008791631
1326,development,1,0.5993587374169537
1327,development,1,0.6713225526697807
1328,holdout,0,0.13749583725254133
1329,development,0,0.07941523620416913
1330,development,0,0.16319621344653398
1331,holdout,0,0.11277136886544523
1332,development,0,0.09305851971523324
1333,development,0,0.168299027314387
1334,holdout,1,0.3022160368433306
1335,development,0,0.15752750564846812
1336,development,1,0.18215503808690178
1337,holdout,0,0.15030073787880222
1338,holdout,0,0.12469648468256493
1339,holdout,0,0.15741137338486316
1340,development,0,0.5616994105345003
1341,holdout,0,0.2113679577588012
1342,development,1,0.07207588681880654
1343,development,0,0.11721627085335673
1344,development,0,0.1799066080232334
1345,development,0,0.7351809784013565
1346,development,0,0.09122873245836238
1347,development,0,0.5121315739276062
1348,development,0,0.18907834943923338
1349,development,0,0.19748892073953198
1350,development,0,0.11094691231516042
1351,development,0,0.10747168886745655
1352,development,1,0.1909692205869308
1353,holdout,0,0.07814552103221113
1354,holdout,0,0.1280023255421238
1355,development,0,0.2904339002503975
1356,development,0,0.1394784355438955
1357,development,0,0.14800058063301
1358,development,0,0.08669223869354986
1359,development,0,0.12091846340448151
1360,development,0,0.2640498426359645
1361,holdout,0,0.09793934807631283
1362,holdout,0,0.08461543216456908
1363,development,0,0.14852431012398085
1364,development,1,0.14298378197941794
1365,development,0,0.11900959045735894
1366,development,0,0.12721446598245903
1367,development,0,0.18848558528306514
1368,development,0,0.11142651042682591
1369,development,0,0.1907477213842379
1370,holdout,0,0.15261094138262876
1371,development,1,0.2612430352951322
1372,holdout,0,0.09421329369338759
1373,development,0,0.13910081913029232
1374,development,1,0.4144630678210695
1375,development,0,0.6814916303461444
1376,development,0,0.11535000897781791
1377,holdout,0,0.08995228213142885
1378,holdout,1,0.2013668647546269
1379,holdout,0,0.13574338779791298
1380,development,1,0.43807032094380666
1381,development,0,0.10805382412701323
1382,holdout,0,0.398182805673419
1383,development,0,0.12547407189896895
1384,holdout,1,0.1293846527305514
1385,holdout,0,0.06137636265157303
1386,development,0,0.11661197583168872
1387,development,0,0.32354088844302414
1388,development,1,0.36965367021394546
1389,development,0,0.16768198206228285
1390,holdout,0,0.10693426750369499
1391,development,0,0.10305860746765048
1392,holdout,0,0.39735910753599807
1393,development,1,0.4794895873237716
1394,holdout,0,0.2178245030849851
1395,holdout,0,0.5339005985044409
1396,holdout,1,0.08770002370534752
1397,development,1,0.12596169058877602
1398,development,0,0.11982653402379738
1399,development,0,0.12062554649364278
1400,development,0,0.10305966057731923
1401,development,0,0.13522848828245418
1402,development,1,0.3438868487006909
1403,development,0,0.17261198670550001
1404,holdout,1,0.17681326727816776
1405,development,0,0.46592435603835364
1406,holdout,1,0.1656993016164874
1407,development,0,0.12365605078858971
1408,development,0,0.07911855221850804
1409,development,0,0.2008354718453795
1410,holdout,0,0.1267028880727214
1411,holdout,0,0.14102455169676942
1412,development,0,0.07271218655568269
1413,development,0,0.12457367169687383
1414,holdout,0,0.12860875903963187
1415,development,0,0.1252392773875346
1416,holdout,1,0.8239858528373782
1417,development,0,0.11805869278118301
1418,development,0,0.16189300820057229
1419,holdout,0,0.1271682004759083
1420,holdout,0,0.0742685727487091
1421,development,0,0.14889652774607784
1422,development,0,0.36075411975833727
1423,development,0,0.3667484269499834
1424,development,0,0.13579430953661625
1425,holdout,0,0.18196186820234161
1426,development,0,0.10151589011464036
1427,holdout,0,0.6119286064782342
1428,holdout,1,0.1655815709841188
1429,development,0,0.14593923868077363
1430,holdout,0,0.11382049519582621
1431,development,1,0.18019746796082173
1432,holdout,0,0.17477306325188482
1433,holdout,0,0.10979387390365669
1434,holdout,0,0.08926238583169896
1435,development,1,0.7401426843494119
1436,development,0,0.30638151319403545
1437,development,1,0.16599930762870527
1438,development,0,0.15184029799376672
1439,holdout,0,0.14904668783969657
1440,holdout,0,0.09282065045012172
1441,development,0,0.1828144916826032
1442,development,0,0.23714248271648955
1443,development,0,0.16236954151095398
1444,holdout,1,0.1520537546902083
1445,holdout,1,0.44639157526366335
1446,development,0,0.12892417288619662
1447,development,0,0.13173160227480837
1448,development,0,0.32918004141505924
1449,development,0,0.10249957778357346
1450,development,0,0.0807719274655583
1451,development,1,0.12838255985628838
1452,holdout,0,0.1086482267046802
1453,holdout,0,0.1115456499828492
1454,development,0,0.1182592723853186
1455,development,1,0.1332312304995068
1456,development,0,0.1396777639070732
1457,holdout,0,0.09308853092623204
1458,development,0,0.13021146722305138
1459,holdout,1,0.09361985330167846
1460,development,0,0.08215999982128029
1461,development,0,0.12199983202621169
1462,development,0,0.13343017779786218
1463,holdout,0,0.15858718561855908
1464,development,1,0.15203595576549475
1465,development,0,0.367174263289363
1466,development,0,0.13501090029131535
1467,development,0,0.25060013053989294
1468,development,0,0.32554503558849396
1469,development,0,0.14039199745091144
1470,holdout,0,0.12238792921624478
1471,development,0,0.1418693822940194
1472,holdout,1,0.15738881332373378
1473,holdout,0,0.12835259379644315
1474,development,0,0.11104386152790754
1475,holdout,0,0.4036996678016133
1476,holdout,0,0.14954650000485317
1477,development,1,0.12444346167937348
1478,holdout,0,0.14267480992951448
1479,development,0,0.0984744956409901
1480,development,0,0.09908360815388517
1481,development,1,0.1763270709669062
1482,development,0,0.020563685237433023
1483,development,0,0.1018854153235816
1484,development,0,0.19428026215682273
1485,holdout,0,0.10457929091239174
1486,development,1,0.6978608429232332
1487,development,0,0.17146232885159968
1488,development,0,0.14440696108263842
1489,development,1,0.718536859178784
1490,development,1,0.09508869545812719
1491,development,1,0.1293461816657985
1492,development,0,0.09537385995032246
1493,development,1,0.2882388881284423
1494,development,0,0.18775148870625977
1495,holdout,1,0.5671873203432164
1496,development,1,0.17235986851785795
1497,development,0,0.30891719036520393
1498,development,0,0.12481838899272248
1499,holdout,0,0.1097882726619537
1500,holdout,0,0.1087304933657148
1501,holdout,0,0.09567445041040795
1502,development,0,0.11276434780353578
1503,development,0,0.11583462259440208
1504,development,0,0.47777013803936336
1505,development,0,0.40397544062102275
1506,development,1,0.8107631362322998
1507,development,0,0.1486672006116056
1508,development,0,0.2349813322052952
1509,development,0,0.07603871925577795
1510,holdout,1,0.7489245966067087
1511,development,0,0.1371551734106243
1512,development,0,0.1481900659020032
1513,holdout,0,0.19444264154507915
1514,development,0,0.1608187691886474
1515,development,1,0.13546186190020493
1516,development,0,0.16662558414569925
1517,development,0,0.11359134096020573
1518,holdout,0,0.129566889839888
1519,development,0,0.17149203240728417
1520,development,1,0.13243414260042105
1521,development,0,0.11853700504586102
1522,development,0,0.17222100055626624
1523,development,0,0.6626063818689345
1524,development,1,0.28683078090651615
1525,holdout,0,0.15789409090516995
1526,development,0,0.40022076194194295
1527,holdout,0,0.3371698357044185
1528,development,1,0.1311529476452382
1529,holdout,1,0.7486321273926541
1530,development,0,0.13221020037559425
1531,development,0,0.11350332701117903
1532,development,0,0.13520938214531067
1533,development,0,0.11713610093108888
1534,development,0,0.11457074192486406
1535,development,0,0.16039014572178964
1536,holdout,0,0.3498925885644279
1537,development,0,0.10701028630057707
1538,holdout,0,0.10759947555837032
1539,development,0,0.1272250744797393
1540,holdout,0,0.1086138688448562
1541,development,0,0.10900050511557038
1542,development,0,0.8434396646529466
1543,development,0,0.13550267257061718
1544,development,1,0.10518328254050256
1545,development,0,0.12301980243734681
1546,development,0,0.22378585160848147
1547,development,0,0.09155125725606704
1548,development,0,0.14248874155431024
1549,development,0,0.11297890045458454
1550,holdout,0,0.12054077084460214
1551,holdout,0,0.21746095074038505
1552,development,1,0.5236856950366557
1553,holdout,0,0.1022461331790604
1554,development,1,0.11378476542623714
1555,holdout,0,0.09702347115183352
1556,development,0,0.1375857377879922
1557,development,0,0.1623902595691249
1558,development,0,0.11814873997026626
1559,holdout,0,0.1661053912262564
1560,development,1,0.3785371288280581
1561,development,0,0.08794612221783134
1562,development,0,0.1945082515574248
1563,development,1,0.3590551184238539
1564,development,0,0.1088349159046838
1565,holdout,1,0.5770723883759684
1566,development,1,0.10517694677077997
1567,holdout,0,0.11637732944622509
1568,holdout,0,0.13985671060133342
1569,holdout,0,0.08301771786086226
1570,development,0,0.14226883465208115
1571,development,0,0.12478983166704123
1572,development,1,0.4503684371773381
1573,development,1,0.13367820638470235
1574,development,0,0.10980751411052797
1575,development,0,0.1156608527759848
1576,development,0,0.15339609801806717
1577,development,0,0.14025214024024615
1578,development,0,0.1394297828807065
1579,holdout,1,0.2144822818025513
1580,holdout,0,0.11519531550363085
1581,development,0,0.777153647827286
1582,development,0,0.14640243404662345
1583,holdout,0,0.16652933845123483
1584,holdout,1,0.6715912728311083
1585,holdout,0,0.14233930868243277
1586,development,0,0.1233283610637648
1587,development,0,0.20622747563767968
1588,holdout,1,0.32412970210048336
1589,development,0,0.14385314218399678
1590,development,0,0.4117791046109406
1591,holdout,0,0.12025868840631804
1592,holdout,0,0.08969774424353313
1593,development,0,0.14708194482735037
1594,development,1,0.43976314212992906
1595,holdout,0,0.08491712694049507
1596,holdout,1,0.30353914933890846
1597,development,0,0.19586835622919135
1598,holdout,0,0.1873288556470629
1599,development,0,0.06110269962344421
1600,development,0,0.20652067767416343
1601,holdout,1,0.32412970210048336
1602,development,1,0.7964404661832186
1603,development,0,0.11643670419433579
1604,development,0,0.11386898712232901
1605,holdout,1,0.43900345098736
1606,holdout,0,0.17092796433609161
1607,development,0,0.5258670269483607
1608,development,1,0.17347500223220488
1609,development,0,0.10818651255080966
1610,holdout,1,0.34031279187760083
1611,development,0,0.08463295520292524
1612,holdout,0,0.2909137736468346
1613,development,0,0.10776327949008234
1614,holdout,0,0.1393604267969081
1615,development,0,0.20049518926257376
1616,development,0,0.15637978403199565
1617,development,0,0.23507750085002238
1618,development,0,0.1061701622426368
1619,development,1,0.372514156747763
1620,development,0,0.11295229637356381
1621,holdout,0,0.1270802721473517
1622,development,0,0.16974994653565076
1623,development,0,0.1993110645931155
1624,development,1,0.280361335660268
1625,development,0,0.29043100140659106
1626,holdout,0,0.2989164197678191
1627,development,0,0.21805043943220306
1628,holdout,1,0.6232444046829285
1629,development,0,0.34949257257296856
1630,development,1,0.06850019819672486
1631,development,1,0.7065958623977825
1632,development,1,0.13258255579652048
1633,holdout,0,0.1330548217833424
1634,development,1,0.3835796152958395
1635,development,0,0.1260652477201189
1636,development,0,0.12444484113976985
1637,holdout,0,0.07901263180703345
1638,development,0,0.14149526177606894
1639,development,1,0.21955345843494584
1640,development,1,0.46066526869274643
1641,development,0,0.10539895133172758
1642,development,0,0.36982349283252597
1643,holdout,0,0.10994751168405953
1644,development,0,0.22968560289049428
1645,development,0,0.14704875033799528
1646,holdout,0,0.14198586870169666
1647,development,0,0.12901039928776847
1648,development,0,0.28380578295160275
1649,development,1,0.15389942153499997
1650,development,0,0.12658895349749327
1651,development,1,0.7070281162217935
1652,holdout,0,0.3109000262199941
1653,development,0,0.15071071042066295
1654,development,0,0.08822631845587717
1655,development,0,0.5936734933998525
1656,holdout,0,0.15423029888111828
1657,development,0,0.6972900790058665
1658,development,1,0.33619076592844355
1659,holdout,0,0.24367833432098565
1660,holdout,0,0.567727293820105
1661,development,0,0.12214315695960924
1662,development,0,0.1462944359480042
1663,development,0,0.15219960735230736
1664,development,1,0.19569834967015062
1665,holdout,0,0.10403298981393191
1666,development,1,0.19213346116991042
1667,holdout,0,0.11747551243766416
1668,development,0,0.1324634415508468
1669,development,0,0.5889841569565936
1670,development,0,0.19657467841635648
1671,holdout,0,0.10413373910912944
1672,development,0,0.21921214675321646
1673,development,0,0.18357786539774776
1674,development,1,0.44353077086674736
1675,holdout,0,0.11171492569465061
1676,development,0,0.6238401152899828
1677,development,0,0.1362705502113467
1678,development,0,0.11756269288382114
1679,development,0,0.3974513241033523
1680,holdout,0,0.11389051456829372
1681,development,1,0.7284436102362193
1682,holdout,0,0.1672306643491489
1683,development,0,0.17256787985292088
1684,development,1,0.7410235968971749
1685,development,0,0.5151234921062477
1686,development,0,0.15777304175394027
1687,development,0,0.4720895379458758
1688,development,0,0.20014662674552344
1689,development,1,0.41414037536642617
1690,development,0,0.14873392971569668
1691,development,0,0.10303944258176027
1692,development,1,0.5053525877052932
1693,development,0,0.7036498163202459
1694,development,0,0.11825772928808236
1695,development,0,0.15689944969451178
1696,holdout,1,0.47053896198280254
1697,development,0,0.13843206877052727
1698,holdout,0,0.28398957856989315
1699,holdout,0,0.6632511581551631
1700,development,0,0.1906942116223276
1701,development,0,0.13330388409825183
1702,development,1,0.30379962425506923
1703,holdout,0,0.17406696033529734
1704,development,1,0.161055469409259
1705,development,1,0.7565755767683935
1706,development,1,0.10010300655045513
1707,development,1,0.22732350891464997
1708,holdout,0,0.5142959428441619
1709,development,0,0.081704891665712
1710,development,0,0.11188327606705403
1711,development,1,0.28853435208739375
1712,development,0,0.13779812827375668
1713,development,0,0.2839241780011965
1714,development,0,0.48672496539573384
1715,holdout,0,0.07995400563877417
1716,development,1,0.7649628576264599
1717,development,0,0.17710597991650184
1718,development,1,0.7651634385672501
1719,development,0,0.11329778476283343
1720,development,0,0.34566662200988574
1721,development,0,0.11802230626875863
1722,development,1,0.262892194103269
1723,holdout,0,0.34242353180887275
1724,development,0,0.12092939034772833
1725,development,1,0.3730317743850672
1726,development,1,0.42079833453913323
1727,development,0,0.03190903810543173
1728,holdout,0,0.14353024741792708
1729,development,0,0.22324989057648217
1730,development,0,0.11406225110217337
1731,development,0,0.1450487628297686
1732,development,0,0.11856458284189429
1733,holdout,0,0.17434063247344267
1734,development,0,0.15095553793310482
1735,holdout,1,0.7099409787101639
1736,development,1,0.1058973174896705
1737,holdout,0,0.12155406266740233
1738,holdout,0,0.15369811195888738
1739,development,0,0.09962853285403127
1740,development,0,0.15455329109776697
1741,holdout,0,0.1243880030396908
1742,development,0,0.10825555452089401
1743,development,0,0.29231413747777885
1744,development,0,0.11212720510256399
1745,development,1,0.7088047997511632
1746,development,0,0.2878676882284722
1747,development,0,0.12196458166319223
1748,development,0,0.18804067929907195
1749,development,0,0.054767134999857366
1750,development,0,0.1023017443053457
1751,holdout,0,0.12863545925815378
1752,development,0,0.11635822134601118
1753,holdout,0,0.08595099821287232
1754,development,0,0.1498310602260791
1755,holdout,0,0.14724141869732185
1756,holdout,0,0.11063267560734034
1757,holdout,0,0.15855951600356794
1758,development,0,0.10542915514163137
1759,development,0,0.16484822943497107
1760,development,0,0.10781607968155456
1761,development,1,0.1917672281103256
1762,holdout,1,0.46916735350451716
1763,development,0,0.19659633907649748
1764,development,0,0.2923634672859366
1765,development,0,0.15224409081041998
1766,holdout,0,0.21548720724174794
1767,development,0,0.18355103126079966
1768,development,0,0.10802724139073921
1769,development,0,0.11719230243253043
1770,development,1,0.23698599657477537
1771,development,0,0.09288353977829192
1772,development,0,0.11916311757167526
1773,development,0,0.17943827537979054
1774,development,0,0.1718512308146519
1775,development,1,0.20387238911820837
1776,development,0,0.1704858680470134
1777,development,0,0.2626336232867599
1778,development,0,0.10020738930445985
1779,development,0,0.19833034035133748
1780,holdout,0,0.1365575820910897
1781,development,0,0.22566694908835583
1782,holdout,0,0.20069195232605527
1783,holdout,0,0.07701597859005975
1784,holdout,1,0.12743064321957395
1785,development,1,0.8967288112872133
1786,holdout,1,0.12919570018289736
1787,development,0,0.367654462006188
1788,development,0,0.09286508177619567
1789,development,0,0.1084351002788765
1790,development,1,0.33083123011839427
1791,development,1,0.1819619966574943
1792,development,0,0.15615097281790258
1793,holdout,0,0.1516188275442602
1794,development,0,0.12345661107658348
1795,development,0,0.3389011550282095
1796,holdout,1,0.5030140310471285
1797,development,0,0.09982003588176679
1798,development,0,0.5824864240482813
1799,development,0,0.13871934139923264
1800,development,0,0.1484862643224011
1801,development,0,0.12377380342466496
1802,development,0,0.12391025080002789
1803,development,0,0.1190843146171432
1804,development,0,0.6008273215969191
1805,development,1,0.380795907519689
1806,development,0,0.12659976448632754
1807,development,0,0.12611757816031102
1808,development,1,0.4479015178758902
1809,development,1,0.1267256744843333
1810,development,1,0.10692509470839888
1811,holdout,0,0.18581284112686702
1812,development,0,0.14428248106864341
1813,holdout,0,0.4625247817110481
1814,development,1,0.6952537635369168
1815,development,0,0.13506365897714193
1816,development,0,0.13295674580251743
1817,development,0,0.2733544417297892
1818,holdout,0,0.14956738133956618
1819,holdout,1,0.12236011209452398
1820,development,0,0.15618571429464853
1821,development,0,0.1023047819090944
1822,holdout,1,0.14874277828836552
1823,holdout,0,0.1444552090593236
1824,development,0,0.24032662614681727
1825,development,1,0.7279018017827145
1826,development,0,0.41466906934971315
1827,development,0,0.11663561502015848
1828,holdout,0,0.33709851910081035
1829,development,0,0.17331060316119287
1830,development,0,0.3569087926211158
1831,development,0,0.15316173443668601
1832,holdout,0,0.22774206251666904
1833,development,0,0.13400150318472098
1834,holdout,1,0.3582566092801803
1835,development,0,0.3131087068200074
1836,holdout,0,0.210587225741103
1837,development,0,0.11080804045857573
1838,development,0,0.15060072246246728
1839,holdout,0,0.26943206970983
1840,development,1,0.19003161551501252
1841,development,0,0.09442912535368672
1842,holdout,0,0.5497371456655322
1843,holdout,0,0.12201239751616287
1844,holdout,0,0.3437632986527271
1845,development,1,0.1689100795389648
1846,development,0,0.4832067829849087
1847,development,0,0.5432641535939581
1848,holdout,1,0.747090461850718
1849,development,1,0.29358306012029356
1850,development,0,0.3537159396048243
1851,development,0,0.11632332262569092
1852,development,1,0.07272605659266725
1853,development,0,0.08572696695602466
1854,holdout,0,0.15330375703230412
1855,development,0,0.31983259624797733
1856,holdout,1,0.10495668202220622
1857,development,0,0.3679880868314268
1858,development,1,0.3850091259164233
1859,development,0,0.13802323003941994
1860,development,0,0.09121769467425342
1861,holdout,0,0.2696436086620551
1862,holdout,0,0.3872990175901132
1863,development,0,0.1692774009003918
1864,development,0,0.11818484283264945
1865,development,0,0.4490817603306962
1866,development,0,0.11115582433199471
1867,development,0,0.13307910413341387
1868,development,0,0.1274765014299813
1869,development,0,0.33480079152046033
1870,development,0,0.17775198558561003
1871,development,1,0.2607517099886731
1872,development,0,0.2002265426590265
1873,development,0,0.12247476182393569
1874,development,0,0.3656177846557813
1875,development,0,0.1831449484925718
1876,holdout,0,0.20053357904881164
1877,development,0,0.15971947504785422
1878,holdout,0,0.16673200138789107
1879,development,0,0.11546752219487325
1880,holdout,0,0.11099128904545812
1881,holdout,1,0.09544380791061778
1882,development,0,0.6797817247624203
1883,development,0,0.15083822450757084
1884,development,1,0.16257419595077444
1885,holdout,0,0.11410943269071627
1886,development,0,0.11149055604947836
1887,development,0,0.13168499586871932
1888,development,0,0.48889815800825986
1889,development,0,0.2990625903122193
1890,development,0,0.1313650826176459
1891,development,0,0.10955336459589823
1892,development,0,0.21021041757150083
1893,development,0,0.07663691363123884
1894,development,1,0.12009699520727245
1895,development,0,0.4589408201806293
1896,development,1,0.13531625601850186
1897,development,0,0.1049415460844626
1898,holdout,0,0.10353206355254757
1899,development,0,0.12648762990441761
1900,development,0,0.13130118494050036
1901,development,0,0.19222950222081636
1902,development,1,0.3010770192954324
1903,development,0,0.13252917036081635
1904,holdout,0,0.11124628872733892
1905,development,0,0.11722011637280369
1906,development,0,0.2517262792257389
1907,holdout,0,0.14642339329022128
1908,development,0,0.9751533539691134
1909,holdout,1,0.08357648356227373
1910,development,0,0.13386193638896626
1911,development,1,0.3281832375737033
1912,development,0,0.1389399287928207
1913,holdout,0,0.11305373592130909
1914,holdout,0,0.10177646123685372
1915,development,0,0.127421652436507
1916,development,0,0.11895822979844238
1917,development,0,0.07519683563660354
1918,development,0,0.10081845152423925
1919,development,1,0.8106337658002435
1920,holdout,1,0.7762550669366479
1921,development,0,0.18118140565562946
1922,development,1,0.2980282924971288
1923,development,1,0.3544160498275757
1924,development,0,0.10552473779419108
1925,development,0,0.13437722594919302
1926,development,0,0.11618022489741495
1927,development,0,0.13250526338737584
1928,development,0,0.1811144460390864
1929,development,0,0.2018182989359825
1930,holdout,0,0.13021422078631092
1931,holdout,0,0.3062808916393095
1932,holdout,0,0.10248973344234327
1933,development,0,0.4816273661144084
1934,development,0,0.20664628709460414
1935,holdout,1,0.7457276304808999
1936,development,0,0.28243643542827956
1937,development,0,0.3102727993057427
1938,holdout,0,0.11702048255141867
1939,development,0,0.29284183868194474
1940,holdout,0,0.1800408219528183
1941,development,0,0.12632538818201652
1942,development,0,0.1803867388656243
1943,holdout,0,0.12494993180786836
1944,development,0,0.09020444787585843
1945,holdout,0,0.6619065510698608
1946,development,0,0.1796791182789478
1947,development,1,0.8036026962981218
1948,development,0,0.11827103240852187
1949,holdout,1,0.4073261848134456
1950,development,0,0.08829429612150266
1951,development,0,0.13735539363256047
1952,development,0,0.1751366123572454
1953,development,0,0.10764724467534205
1954,holdout,1,0.445509079103616
1955,development,1,0.4155704477939632
1956,holdout,0,0.1667106740632961
1957,development,0,0.11632236646995756
1958,development,1,0.5154791086315373
1959,development,0,0.13303161401328648
1960,development,0,0.2703166983647759
1961,holdout,1,0.8864419797620589
1962,holdout,0,0.1469291880453362
1963,development,0,0.21629401957012181
1964,development,0,0.4022016873457681
1965,development,0,0.45432377721430534
1966,holdout,1,0.5235177479126389
1967,holdout,0,0.19245854445383853
1968,development,1,0.11875932130192636
1969,development,0,0.45317225117057996
1970,holdout,0,0.3393608112305523
1971,holdout,1,0.14665702853057444
1972,holdout,0,0.10173341662636169
1973,development,0,0.09326589675596732
1974,holdout,0,0.0972977924251808
1975,development,1,0.28054291762796624
1976,development,0,0.12766976923570278
1977,holdout,0,0.2741518639529239
1978,development,0,0.18586467935972356
1979,development,1,0.7865789857940937
1980,development,0,0.12919586395704943
1981,development,1,0.3333878726939994
1982,development,1,0.17759247022232627
1983,holdout,0,0.10494045209772422
1984,development,0,0.12635927065825744
1985,development,0,0.20590737691391517
1986,development,0,0.07039045447105417
1987,holdout,0,0.10422300547598057
1988,development,0,0.11697117807880951
1989,development,0,0.5082915045480474
1990,development,0,0.6456461233587681
1991,development,0,0.10377218332450103
1992,holdout,1,0.7680055742113512
1993,development,1,0.3824067728850873
1994,development,1,0.7363048165233718
1995,development,1,0.6720760038441494
1996,holdout,1,0.12711251586001251
1997,development,0,0.1315717538204474
1998,development,0,0.12073683899565177
1999,holdout,1,0.6941524007114709
2000,development,1,0.7898867769205467
2001,holdout,0,0.1812699128628554
2002,development,0,0.2851912550822734
2003,development,0,0.17097179721980732
2004,development,0,0.11466586651480253
2005,development,0,0.20873385488464885
2006,development,0,0.12806649596222436
2007,holdout,1,0.4017523729168018
2008,development,0,0.16757108335968518
2009,development,1,0.4603073422770137
2010,development,1,0.0896754603812858
2011,holdout,0,0.4177616541603581
2012,development,0,0.09466470007012595
2013,development,0,0.12473528640610299
2014,development,1,0.6556244217447861
2015,development,0,0.36391100817402605
2016,development,0,0.22516104524312677
2017,development,1,0.11012140729139018
2018,development,0,0.08760493462681444
2019,development,0,0.11193565376526851
2020,holdout,1,0.3531193833609257
2021,holdout,0,0.09427571831153617
2022,development,0,0.10714413395596442
2023,development,0,0.1011304768817298
2024,holdout,1,0.10871168913867889
2025,development,0,0.1282911918076066
2026,development,1,0.11223139823763059
2027,holdout,0,0.1910266314373472
2028,holdout,1,0.13342787639270748
2029,development,1,0.3064263917790321
2030,development,0,0.14094841198476207
2031,development,1,0.7732922943081231
2032,holdout,1,0.5350453085394825
2033,development,1,0.10889859369294749
2034,development,1,0.14125344816568516
2035,holdout,0,0.30541518621387137
2036,holdout,0,0.1029891385557139
2037,holdout,0,0.161885252942675
2038,development,0,0.07840241945781815
2039,holdout,0,0.08817286748663206
2040,development,0,0.13355551649528338
2041,development,0,0.1496997556818715
2042,development,0,0.14870247070299433
2043,development,0,0.15135675001608542
2044,development,0,0.2226326915866987
2045,development,0,0.14846906599518878
2046,development,0,0.14918799483988154
2047,development,0,0.38361520267607235
2048,development,0,0.2851538855170667
2049,development,0,0.09361043271502842
2050,development,0,0.22546220388402502
2051,holdout,1,0.14407645736113403
2052,holdout,1,0.27886368517885723
2053,development,0,0.08469938077683435
2054,development,0,0.1402544585926823
2055,holdout,0,0.15362235916883069
2056,development,0,0.19166032446419556
2057,holdout,1,0.12170161512205861
2058,development,1,0.08594668242306927
2059,holdout,0,0.19822480170423967
2060,development,0,0.13482953412857554
2061,holdout,0,0.07888403453056177
2062,development,1,0.180933050550226
2063,holdout,1,0.1483254147400995
2064,development,0,0.13201194036867628
2065,development,0,0.48168561212066074
2066,development,0,0.1849995063016281
2067,development,0,0.137818273917269
2068,development,1,0.16908124253616696
2069,development,0,0.12258868274393993
2070,development,0,0.1671255808104306
2071,development,0,0.26041796798150973
2072,development,1,0.07276672538767129
2073,development,0,0.17284662519042374
2074,development,1,0.5727483486636973
2075,development,0,0.19195907929161413
2076,holdout,0,0.42739283955150736
2077,holdout,0,0.22125654756071803
2078,development,0,0.25835611009363585
2079,holdout,0,0.13636701427859166
2080,development,0,0.4388133233416577
2081,development,0,0.1865261947760008
2082,holdout,0,0.44658015534372136
2083,development,0,0.13286673810083366
2084,holdout,0,0.12901551575664352
2085,holdout,0,0.14062951226387238
2086,holdout,0,0.1512654627174768
2087,holdout,1,0.5338362967494082
2088,holdout,0,0.10299899314321231
2089,development,0,0.3392866934677275
2090,development,1,0.2690486387768283
2091,development,0,0.2383381595101746
2092,development,1,0.14032868688720207
2093,holdout,0,0.12306098429383962
2094,development,1,0.537320707087835
2095,development,0,0.10030572168502246
2096,holdout,0,0.4468699953934648
2097,holdout,0,0.2953153072746428
2098,holdout,0,0.04460206347066262
2099,holdout,0,0.18649187269019957
2100,development,0,0.18302349211525945
2101,holdout,1,0.3085009894521389
2102,development,0,0.13783353702550694
2103,holdout,1,0.416062763126268
2104,development,0,0.150075519190764
2105,development,0,0.09855653610355714
2106,development,0,0.18578942851792896
2107,development,0,0.15358752679329407
2108,holdout,1,0.10658210434399826
2109,development,1,0.2645361061008981
2110,holdout,0,0.11675056740515481
2111,holdout,0,0.11486213689479324
2112,holdout,0,0.2146409309433965
2113,development,0,0.07936938992503714
2114,development,0,0.41714444909940296
2115,development,0,0.14290393121694245
2116,development,1,0.10805374693951089
2117,development,1,0.36576965702646297
2118,holdout,0,0.13743049478450714
2119,holdout,1,0.3420698448074323
2120,development,0,0.1766702343404292
2121,development,0,0.3104017970765917
2122,development,0,0.19624509647475832
2123,development,0,0.12397670432534293
2124,development,0,0.1932363457402176
2125,holdout,0,0.19314987266069564
2126,development,0,0.10521339595545051
2127,development,0,0.10507250263547672
2128,development,1,0.4844108088294423
2129,development,0,0.11596897275602751
2130,holdout,0,0.15923271556820098
2131,development,1,0.09131859412412902
2132,development,0,0.07716362776232764
2133,development,0,0.19137816595286206
2134,development,0,0.12804467077089143
2135,development,1,0.6464840659015244
2136,holdout,1,0.6424000680565872
2137,development,0,0.23542475709153957
2138,holdout,0,0.2859437821917623
2139,development,1,0.344787701973285
2140,holdout,0,0.1772450048283929
2141,holdout,1,0.26119772855982604
2142,development,1,0.11311201881439592
2143,development,0,0.13476097521901081
2144,development,1,0.13806305745355973
2145,development,1,0.14255414330149016
2146,development,0,0.17413534486999566
2147,development,0,0.23983716111561737
2148,development,1,0.41432787525184583
2149,development,1,0.389779703534601
2150,development,0,0.2994760916135352
2151,development,0,0.5227886249043098
2152,holdout,1,0.10160281728757714
2153,holdout,0,0.13491860018163856
2154,development,0,0.13091545048241754
2155,development,0,0.14277108520161122
2156,development,1,0.24155215077807105
2157,holdout,0,0.15870879775032873
2158,development,0,0.12477668341099044
2159,holdout,0,0.21843460181313065
2160,holdout,1,0.04908368218276082
2161,holdout,0,0.05909404491357369
2162,development,1,0.2891441894660855
2163,development,0,0.10660515825586268
2164,development,0,0.13969983335307518
2165,holdout,0,0.26134085371770627
2166,development,0,0.22979089096266245
2167,development,0,0.25665766240291216
2168,holdout,0,0.13703504760114654
2169,development,0,0.1176758912966238
2170,development,0,0.11903267384669997
2171,development,0,0.09837939007374487
2172,holdout,1,0.4570649962250369
2173,development,0,0.13856880676229777
2174,holdout,0,0.13732440579245267
2175,development,0,0.08136437238425609
2176,development,1,0.10947819065275707
2177,development,0,0.09257279005587891
2178,development,0,0.17834067888552152
2179,development,0,0.11762516460777807
2180,holdout,0,0.4039037930371129
2181,holdout,0,0.15292091126328963
2182,development,0,0.19362872830169697
2183,development,0,0.5062198118209661
2184,development,0,0.19062262258368964
2185,holdout,0,0.23667668965705774
2186,development,0,0.1854715980093043
2187,development,0,0.461660209583863
2188,development,0,0.1329593671115404
2189,development,0,0.12064174054205913
2190,development,0,0.14417765016222392
2191,development,0,0.118307856063148
2192,development,0,0.14402402733598918
2193,holdout,0,0.11738485485198015
2194,development,0,0.15852533240236444
2195,development,0,0.3645545250894982
2196,development,0,0.1339460551013193
2197,development,0,0.30282202408811065
2198,development,0,0.13640671654193412
2199,development,0,0.0685941992454748
2200,development,0,0.11608702523703619
2201,holdout,0,0.13557947708523863
2202,development,1,0.49839496186760707
2203,holdout,0,0.19420135006034583
2204,development,0,0.33536914774749027
2205,holdout,0,0.12850924424073631
2206,development,0,0.17242302246587043
2207,development,0,0.3521379801027623
2208,development,0,0.6713276220054561
2209,development,1,0.07922946174942945
2210,development,0,0.117992281865389
2211,holdout,0,0.13390543019985027
2212,development,0,0.1539214780515563
2213,development,1,0.6427844483596185
2214,development,0,0.13378031827998257
2215,holdout,0,0.14275999321310986
2216,development,0,0.1366542440044212
2217,development,0,0.08803590947186676
2218,development,0,0.13184852699990546
2219,development,0,0.12274848437454158
2220,holdout,1,0.5146402004406405
2221,development,0,0.11945026038825678
2222,holdout,1,0.12907044576131158
2223,development,1,0.3457876415001541
2224,holdout,0,0.18269225415511114
2225,holdout,0,0.16644687734670324
2226,development,1,0.16171598914451424
2227,development,1,0.23836127937127666
2228,holdout,0,0.1730753461953299
2229,development,0,0.23025493311176348
2230,development,0,0.07402736203568483
2231,development,0,0.12871820297166928
2232,development,0,0.11917088690507886
2233,development,0,0.1200709568037858
2234,development,0,0.12962766606045267
2235,development,1,0.14022519988222654
2236,holdout,0,0.11693310927452255
2237,development,0,0.17617424434867024
2238,development,0,0.1778939517526309
2239,development,1,0.7483093186039692
2240,development,0,0.22887624622948516
2241,development,0,0.11094273858383645
2242,development,0,0.10744416461341581
2243,development,1,0.6432578044021855
2244,development,1,0.3828886173115878
2245,development,0,0.13495568187781246
2246,development,1,0.08671919759929533
2247,development,0,0.160070216093374
2248,holdout,0,0.11293333848403282
2249,development,1,0.31343967388704996
2250,holdout,0,0.16759533405937135
2251,holdout,1,0.08437547041716856
2252,development,0,0.34391539385729514
2253,development,1,0.4153328649710208
2254,development,1,0.19056809518197937
2255,holdout,0,0.2693317073727334
2256,development,0,0.26071827154205124
2257,development,1,0.3135431520727751
2258,development,0,0.3215297660843901
2259,holdout,0,0.12641955344796593
2260,holdout,0,0.11414046416984823
2261,development,0,0.18987139413011972
2262,development,1,0.5812767918036558
2263,development,1,0.17595559632272775
2264,holdout,0,0.14865603528306123
2265,development,0,0.13569277839659122
2266,holdout,0,0.3370373401470841
2267,holdout,0,0.18839965829316085
2268,holdout,0,0.2908997805780976
2269,holdout,0,0.11087623838228232
2270,development,0,0.1185722356099519
2271,development,0,0.11600256386548417
2272,development,0,0.14512951929093706
2273,development,0,0.16165919302267212
2274,development,0,0.11691316062407754
2275,development,0,0.3021638273464261
2276,development,0,0.4110498350015902
2277,holdout,1,0.36780452942508157
2278,development,1,0.19485951381426067
2279,development,1,0.11847907420510781
2280,development,1,0.13429352819365478
2281,holdout,0,0.07370679447885635
2282,development,0,0.14591622104145455
2283,development,1,0.1995441491796333
2284,holdout,0,0.2813455052550567
2285,development,0,0.11956313693232917
2286,holdout,0,0.15150566563744697
2287,development,0,0.14978493133736087
2288,holdout,0,0.17938636286969786
2289,development,1,0.5961439704136613
2290,holdout,0,0.12404242178361526
2291,development,0,0.1227743762753947
2292,development,0,0.11561941566351393
2293,development,0,0.1279850388322428
2294,development,0,0.12151651340892565
2295,development,0,0.3694704010720693
2296,development,0,0.12378375769377922
2297,development,0,0.12167188482466337
2298,development,0,0.16721387705357538
2299,holdout,0,0.11893965756814932
2300,holdout,0,0.1203540616142401
2301,development,0,0.3699100737483131
2302,development,0,0.11481562853365435
2303,holdout,1,0.5736500488013193
2304,development,1,0.716065311286097
2305,development,1,0.7379391213579611
2306,holdout,0,0.12883514651000155
2307,development,0,0.19235942105443554
2308,development,0,0.13084722777462898
2309,development,1,0.0701852974447208
2310,development,0,0.3009533997299419
2311,development,1,0.10365396600897442
2312,development,0,0.22740575239017974
2313,development,0,0.16504691091586204
2314,holdout,0,0.7779294610896739
2315,development,0,0.16080213838504873
2316,holdout,0,0.15359890026721504
2317,development,0,0.12154874908291785
2318,holdout,0,0.07916348575668607
2319,development,0,0.1622710078414558
2320,development,0,0.0781352436908183
2321,development,0,0.10229683798345929
2322,holdout,0,0.24595502875948733
2323,development,0,0.23342706221672774
2324,development,0,0.1187805123370154
2325,holdout,0,0.15945533685048868
2326,holdout,0,0.11776252883809595
2327,development,0,0.11458369533004759
2328,holdout,0,0.09855557144694116
2329,holdout,0,0.10383373690648368
2330,holdout,0,0.1119375627317188
2331,holdout,0,0.08992539789013392
2332,holdout,0,0.10136836166398541
2333,development,0,0.2132832820540965
2334,holdout,0,0.16581627843574467
2335,holdout,0,0.13831803604229276
2336,development,0,0.10930445806955634
2337,development,0,0.34646523274319113
2338,development,0,0.13247089501314077
2339,development,1,0.31817733517604024
2340,holdout,0,0.315016975401032
2341,development,0,0.1133569745830574
2342,holdout,1,0.19637013007177379
2343,development,0,0.16874682813838657
2344,holdout,0,0.2711633055163181
2345,development,1,0.4208199806490835
2346,holdout,0,0.10782349470791326
2347,holdout,0,0.10280560093552107
2348,development,1,0.10676395377283324
2349,development,1,0.2977480010223465
2350,holdout,0,0.17460620098226073
2351,development,0,0.11660649932008396
2352,development,1,0.1478907852834658
2353,development,0,0.1414662955473901
2354,development,0,0.26138008165602783
2355,development,0,0.08248819931339997
2356,development,0,0.14328780492080184
2357,development,0,0.16897620329708146
2358,development,0,0.15342813496719376
2359,holdout,0,0.16057999776042603
2360,development,1,0.24236474679883777
2361,development,0,0.18686976520225165
2362,development,0,0.40712012974760936
2363,development,1,0.7807609687803119
2364,development,0,0.22088090697294407
2365,development,0,0.16003851306826627
2366,holdout,0,0.27581489480129323
2367,development,0,0.10046039878142775
2368,development,0,0.13990171474322358
2369,development,0,0.3469377534605697
2370,development,1,0.4916348270628183
2371,holdout,0,0.13186061779186029
2372,development,0,0.3897980686280338
2373,holdout,0,0.10382068102315549
2374,holdout,0,0.15304901085119707
2375,development,1,0.1211795889612257
2376,development,0,0.2612321589593101
2377,holdout,1,0.40479240565127755
2378,development,0,0.12101277468226576
2379,holdout,1,0.497593724546476
2380,holdout,0,0.1267497547784873
2381,development,0,0.17343511616482601
2382,holdout,0,0.10296759470481008
2383,holdout,0,0.1422571747280816
2384,development,1,0.14273159538580543
2385,holdout,0,0.20854801541462537
2386,holdout,0,0.4315734384984765
2387,development,0,0.10541284498299551
2388,holdout,0,0.15699330100338607
2389,development,0,0.08055294360189487
2390,development,1,0.20312688353256075
2391,development,0,0.6256429848226399
2392,development,0,0.12110235495303816
2393,holdout,0,0.16138507379027872
2394,holdout,1,0.16538044472539437
2395,development,0,0.25539604932473786
2396,development,0,0.08731491525839062
2397,development,0,0.09800558668702838
2398,development,0,0.15218482058302854
2399,holdout,0,0.2915872723302811
2400,development,0,0.7607488830421627
2401,development,0,0.1083040249386285
2402,development,0,0.10907371615528398
2403,development,1,0.11755221915656355
2404,development,0,0.10409338436451454
2405,holdout,0,0.1312296756621803
2406,holdout,0,0.09239550119479613
2407,holdout,0,0.3106894869442976
2408,development,0,0.07772473562632602
2409,development,0,0.11213792881930651
2410,development,0,0.1266474223752607
2411,holdout,0,0.07868056599136407
2412,development,1,0.1870586595352453
2413,development,0,0.16677005219934582
2414,holdout,0,0.16647789651124537
2415,development,1,0.5489099312611252
2416,development,1,0.09428733151168811
2417,development,0,0.12779560423652825
2418,development,1,0.3337658409587383
2419,development,0,0.07793612307334155
2420,development,1,0.14823250579279448
2421,development,1,0.36232983220471787
2422,holdout,0,0.19607373801996197
2423,development,0,0.11122830563242474
2424,development,0,0.12062656212731022
2425,development,1,0.7882218912986187
2426,holdout,1,0.3846137996106256
2427,development,0,0.12964692047189533
2428,development,0,0.13932440655925846
2429,development,0,0.17726473105439983
2430,development,0,0.20143031646118129
2431,development,0,0.1533568993140034
2432,holdout,0,0.0808961671834735
2433,development,0,0.12390516303531476
2434,development,1,0.07615565102074379
2435,development,0,0.17076457847154103
2436,development,1,0.15904746279705062
2437,holdout,0,0.6702380721943161
2438,holdout,1,0.348074703084934
2439,development,1,0.5652147233075495
2440,development,0,0.27626410272078317
2441,development,0,0.1466898487351359
2442,holdout,0,0.13991305658687345
2443,holdout,0,0.09362328922060985
2444,holdout,0,0.12097387499568303
2445,development,0,0.07109127771774179
2446,holdout,0,0.5530291168847975
2447,holdout,0,0.09263908453688412
2448,development,0,0.27221962123117716
2449,development,0,0.11557837081173623
2450,holdout,0,0.09084462984068524
2451,holdout,0,0.132526537445707
2452,holdout,1,0.526152518264369
2453,holdout,0,0.15321197208666604
2454,holdout,0,0.08617674711788227
2455,development,0,0.08196976140337164
2456,development,0,0.12895775967075568
2457,development,0,0.6177197111608309
2458,holdout,0,0.07906498932894805
2459,holdout,0,0.1055484554388811
2460,development,0,0.18191916355924487
2461,development,0,0.14701115689533412
2462,holdout,0,0.30745984932191694
2463,development,0,0.1031440237375959
2464,development,1,0.33085620687021094
2465,development,0,0.05585495160477898
2466,holdout,0,0.20141591289352692
2467,development,0,0.11599140857826262
2468,development,1,0.13166859117394528
2469,development,0,0.2042106908164241
2470,development,0,0.1230225636478891
2471,development,0,0.11253979562168871
2472,development,1,0.32895533604386173
2473,holdout,0,0.4016462196914646
2474,holdout,1,0.07341889242220113
2475,development,0,0.12938141471690834
2476,development,0,0.06408850681883835
2477,development,1,0.1744743323528081
2478,development,1,0.10536963700623656
2479,development,0,0.3443897752580826
2480,development,0,0.436255629147549
2481,development,1,0.1932111085177575
2482,holdout,0,0.11640843075297538
2483,holdout,0,0.14430018548189996
2484,holdout,0,0.11809388495488085
2485,holdout,0,0.14705008086277413
2486,development,0,0.097793410559411
2487,development,0,0.12353950501194476
2488,holdout,0,0.1330139407721056
2489,development,0,0.5736498505831932
2490,development,0,0.2467027364503155
2491,holdout,0,0.11264914390322686
2492,development,0,0.16009435824716484
2493,development,0,0.2793494885758433
2494,holdout,0,0.6792509799127194
2495,holdout,1,0.11031116496215637
2496,development,0,0.11151757457695048
2497,development,0,0.16905761947988804
2498,development,0,0.1628504270967659
2499,holdout,0,0.10572913705599851
2500,development,1,0.1109899551608218
2501,development,0,0.07494476862644696
2502,holdout,0,0.12370795184954697
2503,development,1,0.2811396199366055
2504,development,0,0.11542161382909467
2505,development,0,0.06553874751163338
2506,development,0,0.10801148351070729
2507,development,0,0.10323388480380938
2508,development,0,0.11388583654486907
2509,development,0,0.1893373641832564
2510,development,0,0.1459383390670132
2511,holdout,0,0.1529046707477829
2512,development,0,0.1096900941983802
2513,holdout,0,0.09752467178021171
2514,development,0,0.1233293367091115
2515,holdout,0,0.24875791209300385
2516,holdout,0,0.16764985105546104
2517,development,0,0.12968156230329025
2518,development,0,0.16955222339492929
2519,development,0,0.10382422825011232
2520,development,0,0.14319406549519587
2521,development,0,0.12146437063258667
2522,holdout,0,0.1103830032192608
2523,holdout,0,0.1247941107467679
2524,holdout,0,0.4152767574793917
2525,holdout,0,0.12843233927115205
2526,development,0,0.1193895751300211
2527,development,0,0.11023875580678598
2528,development,1,0.18643375356224848
2529,development,0,0.12958370871321634
2530,holdout,0,0.130998230976701
2531,development,0,0.1867067916535831
2532,development,0,0.13267825437246833
2533,development,0,0.08030089200770502
2534,development,0,0.13738035483574243
2535,development,1,0.6295355961512086
2536,development,0,0.09682575943322377
2537,development,1,0.7571212945640492
2538,holdout,0,0.17344778838518315
2539,development,0,0.14477100222540776
2540,development,1,0.1423258976706062
2541,development,0,0.12141607997451236
2542,development,0,0.09628630882421871
2543,holdout,1,0.07704535331263422
2544,development,0,0.40320165709236694
2545,development,0,0.11112374485417488
2546,holdout,0,0.3182217171340673
2547,holdout,0,0.11225495156282464
2548,holdout,1,0.5999389858748818
2549,holdout,0,0.16039529634858152
2550,development,0,0.13755007972860184
2551,holdout,0,0.11504276976176048
2552,holdout,0,0.11631357977834593
2553,development,0,0.16024100869294666
2554,development,1,0.29533840879829854
2555,holdout,0,0.39511875931275475
2556,holdout,0,0.22933649826912803
2557,development,0,0.08536350728260633
2558,holdout,0,0.13952538654591967
2559,development,0,0.15907775760714069
2560,holdout,0,0.15798165844132578
2561,development,1,0.5517721184739038
2562,development,1,0.14700274245841355
2563,holdout,0,0.132614902113017
2564,development,0,0.2556689018880969
2565,development,0,0.07531790980072581
2566,development,0,0.11078087631374822
2567,development,0,0.11523337736062615
2568,development,0,0.1404848216469592
2569,development,1,0.5216940400132969
2570,holdout,0,0.06909413961554257
2571,development,0,0.2176545001041481
2572,holdout,0,0.10017305843981586
2573,development,0,0.20395915025994826
2574,development,0,0.14756487980728208
2575,development,1,0.3124590782977738
2576,development,0,0.08131989837024951
2577,holdout,0,0.11703739052575146
2578,development,0,0.048540280464137046
2579,development,0,0.11469633121206946
2580,holdout,0,0.13312130268187908
2581,development,1,0.3652932006943832
2582,development,0,0.33163072626368456
2583,holdout,0,0.09473784371285156
2584,holdout,0,0.2261633421201057
2585,holdout,1,0.23163134669475485
2586,holdout,1,0.22071087904323305
2587,development,1,0.6479976508528397
2588,development,0,0.1375181164346452
2589,development,0,0.16331640732269248
2590,development,0,0.08120188945281179
2591,development,1,0.30229654631612585
2592,development,0,0.121281131368299
2593,development,0,0.10604498391660722
2594,holdout,0,0.1340295946103522
2595,development,0,0.10616357515785756
2596,development,0,0.5993013997801429
2597,development,0,0.39552100523466166
2598,holdout,0,0.1157761304073817
2599,holdout,0,0.2707266057776359
2600,development,0,0.08067119348003962
2601,holdout,1,0.7809537927743208
2602,development,0,0.12071303010646359
2603,development,0,0.07909933022270528
2604,holdout,0,0.13375786365201664
2605,holdout,0,0.08009135314042633
2606,development,0,0.45635162994093126
2607,holdout,1,0.14668854397361303
2608,development,0,0.11464573218496577
2609,development,0,0.2716184131723158
2610,development,0,0.045196600795486055
2611,development,0,0.07725086196837465
2612,development,0,0.15278629857236892
2613,development,0,0.03395350110134046
2614,development,1,0.1363629524080991
2615,holdout,0,0.17762960887296328
2616,development,0,0.7666094243267213
2617,development,0,0.30892242438848877
2618,development,1,0.33204574484140786
2619,holdout,0,0.14343127612767684
2620,development,0,0.1700594266960018
2621,development,0,0.09961044719555759
2622,development,0,0.20989838064282645
2623,holdout,0,0.08579535745734947
2624,development,1,0.5258527629546297
2625,holdout,0,0.15206142304998707
2626,holdout,0,0.07722622286525375
2627,holdout,1,0.5603589114564933
2628,development,0,0.11317522296107888
2629,holdout,0,0.17668023544506622
2630,holdout,0,0.04104032684445562
2631,development,0,0.12283219215657872
2632,holdout,1,0.47752130308314117
2633,development,0,0.22818018510827417
2634,development,0,0.18215919673970926
2635,development,1,0.736871998249616
2636,development,0,0.07892867815131523
2637,development,0,0.23073243376270147
2638,holdout,0,0.13863304159516127
2639,development,0,0.19629193278798435
2640,development,0,0.12073318012480204
2641,development,0,0.10778998463226111
2642,development,1,0.2896011179602929
2643,development,0,0.1539611753189744
2644,holdout,0,0.21142670945737968
2645,holdout,1,0.4367198993995149
2646,development,0,0.14106290569897553
2647,development,0,0.1670884885733691
2648,development,1,0.7837202558996785
2649,holdout,1,0.3202762192630185
2650,development,0,0.41063817016122783
2651,holdout,0,0.10988702723965889
2652,development,0,0.11163403102464364
2653,holdout,0,0.3509802799595891
2654,holdout,0,0.10871812673761931
2655,development,0,0.13917381788543534
2656,development,0,0.1915618542320271
2657,development,0,0.16596863090331274
2658,development,0,0.1750690861101322
2659,holdout,1,0.09035623194262593
2660,holdout,1,0.39176523279696185
2661,development,0,0.1468280597999161
2662,development,0,0.16155143750351042
2663,development,0,0.106981617242152
2664,development,1,0.5420850716276554
2665,holdout,0,0.1780458560790179
2666,development,0,0.13923985166469136
2667,development,1,0.24943663455960935
2668,holdout,1,0.29250924462024963
2669,development,0,0.4728955218673541
2670,development,1,0.5812534031541481
2671,holdout,0,0.12140657471664586
2672,holdout,1,0.11994140007470307
2673,development,0,0.13127439432207808
2674,development,0,0.19863037588424723
2675,development,0,0.09084741328816281
2676,development,1,0.47895940207595034
2677,development,0,0.11124605917595365
2678,development,0,0.15935833102809857
2679,development,0,0.11199161652973098
2680,development,0,0.06484129311942405
2681,development,0,0.09593278301441428
2682,development,0,0.10231708782783308
2683,holdout,0,0.1012215366224831
2684,development,1,0.3528312987359841
2685,holdout,0,0.14190217609662922
2686,development,0,0.07507578879811837
2687,development,0,0.2343201515543088
2688,holdout,0,0.1095492512292002
2689,holdout,0,0.4037596541244328
2690,development,0,0.16175399009472408
2691,development,1,0.07367685424124885
2692,development,0,0.1823080500547546
2693,holdout,0,0.36584864925011895
2694,holdout,0,0.14359205489755597
2695,development,1,0.08859434394107271
2696,development,0,0.09897928374806592
2697,holdout,0,0.09868306931164568
2698,holdout,1,0.1745219993079912
2699,holdout,0,0.7242107155118214
2700,development,1,0.10055601897497839
2701,holdout,0,0.22024725671455564
2702,holdout,0,0.1821387120347582
2703,development,0,0.15362922668445247
2704,holdout,1,0.11138945577434133
2705,development,1,0.3585087820687186
2706,development,1,0.3540786444714909
2707,development,0,0.5070957609083349
2708,development,0,0.2618407932336984
2709,holdout,1,0.7486814011953921
2710,development,0,0.21182623554875682
2711,development,0,0.08396768986446637
2712,development,0,0.4041366694406853
2713,holdout,0,0.11665870355605361
2714,development,0,0.12605243540784264
2715,development,0,0.19834456583257795
2716,holdout,1,0.20415942106471235
2717,development,1,0.19286899668280602
2718,holdout,0,0.21243655122645275
2719,development,0,0.18643474727882434
2720,development,0,0.10110425709962689
2721,development,1,0.18814351876712637
2722,development,1,0.26770524005686314
2723,development,1,0.1650716406604012
2724,development,0,0.11346766798769907
2725,holdout,0,0.2820624380771482
2726,development,1,0.1864051789312827
2727,development,0,0.13371227975271932
2728,development,0,0.10844369758894332
2729,holdout,0,0.09163297444589341
2730,development,0,0.08350480666708905
2731,holdout,0,0.06588373056337704
2732,development,0,0.11166044190263615
2733,development,0,0.11165405556431368
2734,development,0,0.1347462692625884
2735,development,0,0.12285510078331442
2736,holdout,0,0.12544258496730742
2737,development,1,0.5086791741575354
2738,development,1,0.12950286030785388
2739,development,0,0.08382442524503465
2740,development,0,0.10072241297399974
2741,development,0,0.19994779682687983
2742,development,0,0.42614830242535945
2743,development,1,0.45165995582294255
2744,development,0,0.08820493820012226
2745,development,0,0.11445356566457027
2746,holdout,0,0.28323304834374097
2747,development,0,0.1109597702033246
2748,holdout,0,0.25479392566214765
2749,development,1,0.4073141993698292
2750,development,0,0.33576677537314725
2751,development,0,0.0978446313273205
2752,development,0,0.12974100147187864
2753,holdout,1,0.12144994840225884
2754,holdout,0,0.09693839576510593
2755,development,0,0.11353318288871621
2756,development,0,0.19353138831418973
2757,development,0,0.10197025802801332
2758,development,0,0.10902149196971354
2759,holdout,1,0.20896264297064854
2760,holdout,0,0.12952985921514917
2761,development,1,0.46286760491816453
2762,development,0,0.07693116357720642
2763,development,0,0.1300433145533831
2764,holdout,0,0.14159890926590687
2765,development,0,0.4200720317244775
2766,holdout,0,0.399082855531527
2767,development,1,0.15214467500186699
2768,development,0,0.14182067840085738
2769,development,0,0.11478419649685975
2770,development,0,0.1335081873065563
2771,development,0,0.3111059753298912
2772,holdout,0,0.3327311354984758
2773,holdout,0,0.0695749390073824
2774,holdout,1,0.18509250113928155
2775,development,0,0.13568208865375886
2776,holdout,0,0.17572880691630838
2777,development,1,0.1473567559307554
2778,development,0,0.30788042220035694
2779,development,0,0.13064544082019863
2780,development,0,0.07876747223941218
2781,development,0,0.10270740034599911
2782,development,0,0.3983948730791209
2783,development,1,0.2985429058758628
2784,development,0,0.28132483062386904
2785,development,0,0.13576070703805518
2786,holdout,0,0.139319698704123
2787,holdout,1,0.12066010716167996
2788,development,0,0.1599841468074201
2789,development,0,0.3257548360901254
2790,holdout,1,0.08876108113578701
2791,holdout,0,0.21972643218575866
2792,development,0,0.1472007657161152
2793,development,0,0.20437111226386032
2794,development,0,0.4686392483526757
2795,holdout,0,0.1653821797304412
2796,development,0,0.6777054314856396
2797,development,1,0.6337710904860991
2798,development,0,0.1378595159706566
2799,development,1,0.17641639897255132
2800,holdout,0,0.13875163522851033
2801,development,0,0.23237910311476345
2802,development,0,0.13005820008393873
2803,development,0,0.10403684444113005
2804,development,0,0.12780115817124052
2805,development,0,0.14161411625951073
2806,development,0,0.1336736317317403
2807,development,0,0.3579290199121682
2808,holdout,0,0.12863830112381058
2809,holdout,1,0.31471848091953897
2810,holdout,1,0.1857156000232464
2811,development,0,0.12236946724956146
2812,development,0,0.10036137307279919
2813,holdout,0,0.16272169511015994
2814,development,1,0.1693606315908896
2815,development,0,0.09637096253839837
2816,holdout,0,0.09670602694201087
2817,holdout,0,0.10027057016092128
2818,development,0,0.11023258717094087
2819,development,1,0.5123868970403226
2820,holdout,0,0.10524328103768404
2821,development,1,0.1500196307682307
2822,development,1,0.6109049158593833
2823,holdout,0,0.11046108794949257
2824,holdout,0,0.1403886162504083
2825,holdout,0,0.245886063925255
2826,development,1,0.16035901068280145
2827,development,0,0.12484923011122838
2828,holdout,0,0.1382244777611435
2829,development,0,0.12571644873371232
2830,development,0,0.36151191183025183
2831,development,0,0.1417057323509314
2832,development,1,0.7939762766813838
2833,holdout,0,0.10596470991898754
2834,development,1,0.12513587530403492
2835,development,0,0.1322553077614262
2836,development,0,0.08846907949368249
2837,holdout,0,0.10601595623848918
2838,development,0,0.16784122335710622
2839,development,0,0.2235496706307696
2840,development,1,0.603333744436004
2841,development,0,0.14738448716267913
2842,development,0,0.061331599231333474
2843,holdout,1,0.7316962135847559
2844,development,0,0.17644764415725575
2845,development,0,0.11376057600187263
2846,development,0,0.10533893943908933
2847,development,0,0.10292948354308684
2848,development,0,0.32827723903521194
2849,holdout,0,0.15139680381144488
2850,development,0,0.08521224762807957
2851,holdout,0,0.1635125685282782
2852,development,0,0.17511835344329674
2853,development,0,0.13018160137347784
2854,holdout,0,0.27410507241073806
2855,development,0,0.10821268254138897
2856,holdout,0,0.18183464225596588
2857,development,0,0.12534101284711843
2858,development,0,0.13286570106523743
2859,holdout,1,0.8134578362563217
2860,development,1,0.4977133760710292
2861,development,0,0.15458030160114083
2862,development,0,0.21671226390374393
2863,development,0,0.1391538724417212
2864,holdout,1,0.37477506177872727
2865,holdout,0,0.14917447204983417
2866,development,0,0.11872877135558269
2867,development,0,0.10008168555821582
2868,development,0,0.1826246377393766
2869,development,1,0.5446706198269106
2870,development,0,0.11384231015265157
2871,holdout,0,0.3931140196091721
2872,development,0,0.1823652286760987
2873,development,0,0.2866259741603116
2874,development,0,0.13793224707492666
2875,development,0,0.08258962777348443
2876,holdout,0,0.15395020060446427
2877,development,0,0.14415822259648506
2878,holdout,0,0.1291849292410663
2879,holdout,1,0.7553854793990729
2880,holdout,1,0.7315899011309996
2881,development,1,0.15102673816487588
2882,development,1,0.5044001341302957
2883,holdout,0,0.15894579145972312
2884,development,1,0.12820198049136317
2885,development,0,0.11094601900718182
2886,development,1,0.23184088997675756
2887,development,0,0.12289496076694245
2888,development,0,0.5671767128360616
2889,development,0,0.7179215793132435
2890,development,0,0.10936056951306211
2891,development,0,0.26451965649154197
2892,development,0,0.4911281689613265
2893,development,1,0.12920293609705275
2894,development,0,0.1773148999182804
2895,development,0,0.13651829909781577
2896,development,0,0.3026193406513036
2897,development,0,0.12979589290181695
2898,development,0,0.0581153745806941
2899,holdout,1,0.8012350570845702
2900,development,0,0.21446911431300356
2901,holdout,0,0.0783299311786603
2902,holdout,1,0.5230747566288839
2903,holdout,0,0.4893529651450041
2904,holdout,1,0.11388557332701309
2905,holdout,0,0.14588740200454106
2906,holdout,1,0.3386889942314053
2907,development,0,0.5435200875721878
2908,holdout,0,0.29025143050211755
2909,development,0,0.1476060670006729
2910,holdout,1,0.2725607197164928
2911,development,0,0.029248559409332693
2912,development,0,0.26394840163267
2913,development,0,0.09674808061892494
2914,development,0,0.34559213782511305
2915,development,0,0.10575070020835996
2916,development,0,0.12271923341325787
2917,development,0,0.11429667128086295
2918,development,0,0.27077452652911044
2919,development,1,0.191598598011695
2920,development,0,0.23585539329903332
2921,development,0,0.10332793019463948
2922,development,0,0.21375942737217937
2923,development,1,0.05562560268788779
2924,development,0,0.1278671230983629
2925,development,0,0.12287333505669513
2926,development,0,0.16368614000101578
2927,holdout,1,0.11929426700774642
2928,development,0,0.11551113988228358
2929,holdout,1,0.32138086615702544
2930,holdout,0,0.1657404781231556
2931,development,0,0.12452022690071195
2932,development,0,0.12866341520667332
2933,development,1,0.23208704168248578
2934,development,0,0.12982202058969441
2935,holdout,0,0.20651549559975999
2936,development,1,0.197146769533478
2937,development,0,0.13656073741447378
2938,holdout,0,0.14283960170722768
2939,holdout,0,0.7595942775806247
2940,development,0,0.08649373451504147
2941,development,0,0.14936968986245164
2942,holdout,1,0.09370383279471085
2943,development,0,0.11297310067560538
2944,holdout,0,0.08268583072198903
2945,development,0,0.09630679196593465
2946,development,0,0.3207283467772265
2947,holdout,0,0.2715708716906728
2948,development,0,0.11445115689584469
2949,holdout,0,0.15503453017268712
2950,holdout,0,0.11905834004304283
2951,development,0,0.14959395725024274
2952,development,0,0.17799964675190091
2953,development,0,0.10419398006151413
2954,development,0,0.6379163831984185
2955,development,0,0.1300253635115306
2956,development,0,0.12040461910082453
2957,development,0,0.09236780318594302
2958,development,0,0.14129532538217698
2959,development,0,0.11224838967448868
2960,holdout,0,0.14096677590635687
2961,development,0,0.10514840343897998
2962,holdout,0,0.03213083288946623
2963,development,0,0.38571671724521617
2964,holdout,0,0.1179408013673671
2965,development,0,0.27449810389624035
2966,development,0,0.19705164311972587
2967,development,1,0.08495772229014414
2968,development,1,0.7366979826765502
2969,development,0,0.09473405805527568
2970,development,0,0.2937879303071031
2971,development,0,0.1039073480510259
2972,development,0,0.15488620066332043
2973,development,0,0.10859622786916501
2974,development,0,0.17305502616869345
2975,holdout,1,0.2633709609032419
2976,development,0,0.1635000291464893
2977,development,0,0.12460434154202969
2978,development,0,0.12048425306889866
2979,development,1,0.14543069052744703
2980,development,0,0.2795725781941902
2981,development,0,0.288015265160276
2982,development,0,0.07338007329319202
2983,holdout,1,0.28233264709291034
2984,development,0,0.17074113501138724
2985,holdout,1,0.34389533107868914
2986,development,0,0.25797698920372736
2987,development,0,0.1491386930063936
2988,holdout,0,0.19874790555092542
2989,development,1,0.2725607197164928
2990,development,0,0.18265178664082196
2991,development,0,0.06540223887922196
2992,holdout,0,0.3361698997471821
2993,development,0,0.13677251318353087
2994,development,0,0.12285322927982997
2995,development,0,0.11939015695585195
2996,holdout,1,0.1514781824671201
2997,development,0,0.03679878713903134
2998,development,0,0.47223837543080244
2999,holdout,0,0.18382726754937118
3000,development,0,0.0828649996366276
3001,development,0,0.3843308765065087
3002,development,0,0.25414992415637594
3003,development,0,0.27413492348118884
3004,development,1,0.3824486775898843
3005,holdout,0,0.19746943682551324
3006,holdout,1,0.3262415959784199
3007,development,0,0.11881399987131669
3008,holdout,0,0.0821502532495004
3009,development,0,0.3759846699878984
3010,holdout,0,0.052093299350952464
3011,holdout,0,0.14827486357966885
3012,development,0,0.10678812144909254
3013,development,0,0.20080881584549254
3014,development,0,0.3697469236482358
3015,development,0,0.06521462237406944
3016,development,0,0.11138447356528772
3017,development,1,0.25034441804252217
3018,holdout,0,0.15126772122084783
3019,holdout,0,0.6785545803825864
3020,development,1,0.0885546458853038
3021,development,0,0.7254999964018674
3022,development,0,0.11713363447312948
3023,holdout,0,0.10401622615407577
3024,development,0,0.15452703957940436
3025,development,0,0.126756439899433
3026,development,1,0.09483892713718281
3027,development,0,0.11176172625950899
3028,development,0,0.08434475907767235
3029,development,0,0.1899841501631651
3030,development,0,0.10424480513185039
3031,development,0,0.15303848244160886
3032,development,1,0.2928186710837583
3033,holdout,1,0.13103450819189108
3034,development,0,0.016553394135043826
3035,holdout,0,0.19735316028269045
3036,development,0,0.31283922674055964
3037,development,0,0.13938108485402328
3038,holdout,0,0.10504411695333583
3039,holdout,0,0.18147662299225278
3040,holdout,1,0.737090453285904
3041,development,0,0.11075317225739599
3042,development,0,0.08305939764964557
3043,development,0,0.09196024291278936
3044,development,0,0.18367056480358956
3045,development,0,0.10471401920727623
3046,development,0,0.10178030818112237
3047,holdout,0,0.12175512435114602
3048,development,1,0.6322869359219784
3049,development,0,0.29250714429083136
3050,holdout,0,0.12351673699726688
3051,development,0,0.14410212435472516
3052,development,0,0.11901409351820043
3053,development,0,0.18432074865843792
3054,holdout,0,0.2520602985124469
3055,development,1,0.9529889388922734
3056,development,0,0.11147955545446167
3057,holdout,0,0.30850106256592424
3058,holdout,0,0.40386060435675664
3059,holdout,1,0.10045195898145046
3060,development,0,0.31000426668742603
3061,holdout,0,0.07703107922731567
3062,development,0,0.17985904021842367
3063,development,0,0.19521993327411882
3064,development,0,0.28565709833096375
3065,development,0,0.31299903971944976
3066,development,0,0.21201724582943546
3067,development,0,0.059232106836793766
3068,holdout,0,0.2637719524636136
3069,development,1,0.18626757166863334
3070,development,0,0.1409435778765089
3071,holdout,0,0.1196631435339044
3072,development,0,0.14743565629623503
3073,holdout,0,0.14785182952917011
3074,development,1,0.3850495182268807
3075,development,0,0.2820601817688049
3076,development,0,0.16706425867332209
3077,development,0,0.09242638803159041
3078,development,1,0.2014057087560284
3079,holdout,0,0.18121763662604776
3080,development,0,0.31310081140041335
3081,development,1,0.4607724638734374
3082,development,0,0.27245457073474444
3083,development,1,0.4996744407090933
3084,development,0,0.08205932104708591
3085,development,0,0.08321942974892794
3086,development,0,0.07435028895339052
3087,development,0,0.1548729506403754
3088,holdout,0,0.15877837599753478
3089,development,0,0.14485988298135832
3090,holdout,0,0.08820163231009777
3091,holdout,1,0.19706981696772602
3092,development,0,0.08902719378328473
3093,development,1,0.4128154619911894
3094,development,0,0.09151127251915363
3095,development,1,0.10571041696280017
3096,development,0,0.1617820510941135
3097,holdout,0,0.170738520287924
3098,development,1,0.5717455761529487
3099,holdout,0,0.10212625031941697
3100,development,0,0.14895131413613766
3101,holdout,0,0.1631495558557918
3102,development,0,0.21718407790698066
3103,development,0,0.13156789972745755
3104,holdout,0,0.41546621377680953
3105,development,1,0.4001774698651626
3106,development,1,0.40719308062171683
3107,development,1,0.1556209902159807
3108,development,0,0.4637618784650624
3109,development,0,0.14852972710803514
3110,holdout,0,0.13281034610715794
3111,development,0,0.11129710649971221
3112,holdout,0,0.22927528095036784
3113,holdout,0,0.3152642239525726
3114,holdout,1,0.7862051506030028
3115,holdout,1,0.20157886754451423
3116,holdout,0,0.12281217515236037
3117,development,1,0.5108515241733453
3118,development,0,0.1131009152853622
3119,development,1,0.4262522938257399
3120,holdout,0,0.2815976436364278
3121,development,0,0.4993738655059684
3122,holdout,1,0.3580490392508035
3123,holdout,0,0.7839628909225164
3124,development,1,0.3853124978565093
3125,holdout,0,0.11941125903960877
3126,development,0,0.08229214609211476
3127,development,0,0.11171822911606553
3128,development,0,0.14723088796156733
3129,development,1,0.781182548232179
3130,holdout,0,0.17100312426557035
3131,holdout,0,0.11539442567650418
3132,development,0,0.02878890204371697
3133,holdout,0,0.11770222407679959
3134,development,0,0.15151791004287687
3135,holdout,1,0.22857118483709568
3136,development,0,0.11645211678478243
3137,holdout,0,0.16445615793200835
3138,development,0,0.11588196496652393
3139,development,0,0.13996325486402747
3140,development,0,0.12823554684037705
3141,development,0,0.15774121524449947
3142,development,0,0.31481994225892057
3143,development,0,0.05546581020331665
3144,development,0,0.13523000331048482
3145,development,1,0.6751048225263806
3146,holdout,0,0.1581215892107448
3147,development,0,0.23358758997060622
3148,development,0,0.27957333646556737
3149,holdout,0,0.12043728583162365
3150,development,0,0.10993546167454615
3151,holdout,1,0.4517118500284578
3152,development,0,0.14816479899375365
3153,development,1,0.2584223224280207
3154,holdout,1,0.25000259822884463
3155,development,0,0.13786971036681384
3156,development,0,0.1063024020193394
3157,development,0,0.15002218618128085
3158,development,1,0.09832970563875881
3159,development,0,0.2607854134514269
3160,holdout,1,0.07779085742066177
3161,holdout,0,0.11506925721573254
3162,holdout,0,0.18811161709730181
3163,development,0,0.08396376838692646
3164,development,0,0.12204411831752353
3165,development,0,0.17479573814923796
3166,holdout,0,0.17930259606876423
3167,development,0,0.11386447991909605
3168,holdout,0,0.15553728045046308
3169,holdout,0,0.14377010641290652
3170,development,1,0.3266040275711549
3171,development,0,0.11051580437919423
3172,development,0,0.1896571953196821
3173,holdout,0,0.15009162198294815
3174,development,0,0.05986072851652176
3175,development,0,0.6655276921935832
3176,holdout,0,0.1082447208303428
3177,development,1,0.2705093689914165
3178,development,0,0.459290265535415
3179,development,0,0.11914478441343955
3180,development,0,0.15616597175870367
3181,development,1,0.07142197095472667
3182,holdout,0,0.31271713875991974
3183,development,0,0.2260746907479441
3184,development,0,0.12482483204623959
3185,holdout,0,0.15035685388204847
3186,development,0,0.10757500355991081
3187,development,0,0.1402774914148348
3188,development,0,0.10567710144880939
3189,development,0,0.17349382873914937
3190,development,1,0.4678821149053361
3191,development,0,0.21149770148975608
3192,development,0,0.28958603443425557
3193,holdout,1,0.3348226361078349
3194,holdout,0,0.192026573329251
3195,holdout,0,0.12536537564551462
3196,holdout,0,0.5017527919994464
3197,development,0,0.34435244927241204
3198,development,0,0.29782428227871216
3199,holdout,0,0.13335790925294386
3200,development,0,0.3581061184768347
3201,development,0,0.12374242237057026
3202,holdout,0,0.11202117465720074
3203,development,0,0.16339829008814596
3204,development,0,0.20671708510558565
3205,holdout,1,0.16455511528007624
3206,development,0,0.13570024211067427
3207,development,1,0.044043002433838394
3208,holdout,1,0.6333230112157936
3209,development,0,0.20546803335204708
3210,development,1,0.837703456266688
3211,development,1,0.15472926888841573
3212,holdout,0,0.11793691739736072
3213,development,0,0.25243791987730074
3214,development,1,0.17544742515402725
3215,holdout,1,0.76940498935078
3216,development,1,0.1993481113683784
3217,development,1,0.09530274670682819
3218,development,1,0.12942946541156447
3219,holdout,0,0.18237664623416175
3220,holdout,0,0.1716562127236473
3221,holdout,1,0.817086316105892
3222,development,0,0.2959116395143287
3223,development,0,0.31018015499640345
3224,development,0,0.18127175647005037
3225,development,0,0.11659044447305543
3226,development,0,0.18288693767279177
3227,development,0,0.07231696893501202
3228,holdout,1,0.8847684047157212
3229,development,1,0.8998917529446132
3230,development,0,0.11967947673766448
3231,development,0,0.1426007608158522
3232,development,1,0.29433511858946504
3233,development,0,0.14682866436310482
3234,development,0,0.08097719397536318
3235,development,0,0.09445864715805578
3236,development,0,0.08987555538841806
3237,development,0,0.28796864879629536
3238,development,0,0.09112658327905483
3239,holdout,0,0.11478997660765426
3240,holdout,1,0.12379614138298854
3241,development,0,0.1346564651733235
3242,development,0,0.31776671434912207
3243,development,0,0.13768823106878653
3244,holdout,0,0.09148768139273147
3245,development,0,0.31035121349763306
3246,development,0,0.10948657006551082
3247,development,0,0.14021892154602666
3248,development,0,0.17858015143858744
3249,development,0,0.5471379660911029
3250,holdout,0,0.30912754109796653
3251,development,0,0.5320122772565848
3252,development,0,0.07588527513129982
3253,development,1,0.09954140220750533
3254,development,0,0.12004576574783493
3255,development,0,0.14614544886164002
3256,holdout,0,0.25667093226349413
3257,development,1,0.6621174803774441
3258,development,0,0.1192244652133087
3259,development,0,0.1180381839497417
3260,development,0,0.18580241986660545
3261,holdout,1,0.17877564347959055
3262,holdout,0,0.13477151767718393
3263,development,0,0.28154528295927284
3264,holdout,0,0.1831406748796331
3265,development,0,0.2924744568873346
3266,development,0,0.10918624045449916
3267,development,0,0.08820272173031087
3268,development,1,0.28398837634152235
3269,holdout,1,0.501510827830704
3270,development,0,0.460599882976367
3271,development,1,0.09726530229911609
3272,holdout,1,0.1702985084210178
3273,development,0,0.38498923957416675
3274,holdout,0,0.08066418260788505
3275,development,0,0.1402418061366507
3276,development,0,0.10655101583075499
3277,development,0,0.16483765566223244
3278,development,1,0.15596861776834078
3279,holdout,0,0.5886710464401546
3280,development,1,0.62360016384493
3281,development,0,0.11473462162249148
3282,development,0,0.1320705441357548
3283,development,0,0.2193219147894171
3284,holdout,0,0.30240749716581755
3285,development,0,0.1531977164543371
3286,holdout,0,0.34546142545589575
3287,development,0,0.14145377705242027
3288,development,1,0.30850106256592424
3289,development,0,0.146767665157285
3290,development,1,0.11625976691082532
3291,development,0,0.6205518426737004
3292,development,1,0.6626553358262873
3293,holdout,0,0.36938525134000194
3294,development,0,0.13781499311017395
3295,holdout,1,0.4822780545357151
3296,development,1,0.12739267678190166
3297,development,1,0.1931896170449875
3298,holdout,0,0.16249483748292395
3299,development,1,0.3658895508916442
3300,development,0,0.10655745572856748
3301,holdout,0,0.07760012073931791
3302,holdout,0,0.1525203858878222
3303,holdout,0,0.07646606371758934
3304,holdout,0,0.1450432682999425
3305,development,0,0.31839164348164756
3306,development,0,0.06935162629132038
3307,development,0,0.15097042357370727
3308,development,0,0.15488034782194784
3309,holdout,0,0.13234663964506524
3310,development,0,0.2418971829807219
3311,holdout,0,0.12315459188215976
3312,development,0,0.14473431980999465
3313,development,0,0.12034959964072532
3314,holdout,1,0.5710272363833467
3315,development,0,0.1338611124642782
3316,development,0,0.12332312213336519
3317,development,1,0.14241162601207902
3318,development,0,0.06468130940640718
3319,holdout,0,0.22068431909394973
3320,development,1,0.18332379321850123
3321,development,0,0.030315379209485942
3322,development,0,0.05946794344252577
3323,holdout,1,0.19497440675342834
3324,development,0,0.09666240432700414
3325,development,1,0.5472812287491098
3326,development,0,0.14873000423495575
3327,development,0,0.19831008941087838
3328,holdout,0,0.1609393551346161
3329,development,1,0.37670906922275976
3330,development,1,0.20691313172080275
3331,holdout,1,0.7181151546994827
3332,development,0,0.14104190819686907
3333,development,0,0.16774725616426767
3334,holdout,0,0.12561633387309676
3335,holdout,0,0.11348008643454421
3336,development,0,0.13026773785166273
3337,development,0,0.2189620814329078
3338,holdout,0,0.1458346156467757
3339,development,0,0.12539241337744123
3340,development,0,0.10361550349324335
3341,holdout,0,0.8599304880613992
3342,development,1,0.5111223143744027
3343,holdout,1,0.13211408748856682
3344,development,0,0.12667850808573827
3345,holdout,0,0.1909752997090926
3346,holdout,1,0.5087183150692153
3347,holdout,0,0.0822593643757018
3348,development,0,0.11582317498534254
3349,development,1,0.14421359179451598
3350,development,1,0.47233535830190193
3351,development,0,0.11685951672133683
3352,development,0,0.12006405083593968
3353,holdout,0,0.13465553332397381
3354,holdout,1,0.1898665558321194
3355,development,0,0.1202108148078498
3356,holdout,0,0.14691288567099492
3357,holdout,0,0.11188623249848535
3358,development,0,0.1053602527944863
3359,development,0,0.1630833535907398
3360,holdout,0,0.12426625875686922
3361,development,0,0.1394741037081701
3362,development,1,0.11779730898725099
3363,holdout,0,0.27608087630081457
3364,development,1,0.16027846654395264
3365,development,1,0.6240250660349357
3366,development,0,0.5757566895433922
3367,development,0,0.15087001769855238
3368,holdout,1,0.18776843409446717
3369,development,0,0.7470889214862438
3370,development,0,0.12291582857540621
3371,holdout,0,0.2923645629566793
3372,development,1,0.32061457941551136
3373,holdout,0,0.12008207240339307
3374,development,0,0.13346077401634973
3375,development,0,0.16503721626017934
3376,development,0,0.12766994333959394
3377,development,0,0.15007555293904093
3378,development,0,0.3089896890516003
3379,holdout,0,0.13437641274907502
3380,development,0,0.12960324370897355
3381,development,0,0.7490863416276841
3382,development,0,0.1477290996185423
3383,development,0,0.16015134068065717
3384,development,0,0.6672634463891416
3385,development,0,0.2239252418268599
3386,development,0,0.13114083383792338
3387,holdout,0,0.128020509465202
3388,development,1,0.6930454396324575
3389,development,0,0.11742803837477167
3390,development,0,0.2707699932972731
3391,development,0,0.1146350978054894
3392,development,1,0.14963325354036736
3393,development,0,0.43060700023548903
3394,holdout,1,0.12006053642024694
3395,development,0,0.1171996073827467
3396,development,0,0.11164084447772513
3397,development,1,0.30390400496940895
3398,development,0,0.07784544715392325
3399,development,0,0.10992009454139617
3400,development,0,0.1129672856959074
3401,holdout,0,0.06793607231857696
3402,development,1,0.1316873886600018
3403,holdout,0,0.13234345342876822
3404,development,0,0.28218764131526963
3405,holdout,0,0.1474621659893891
3406,development,1,0.10535805093994641
3407,development,0,0.10887772555693803
3408,development,0,0.1676239545699618
3409,development,0,0.17531858779307158
3410,development,0,0.17306997213162065
3411,development,0,0.07932586452853314
3412,development,0,0.12262130164229766
3413,development,0,0.7364005135532273
3414,development,0,0.19021149423841652
3415,development,0,0.11894567711344488
3416,development,0,0.11565152416542171
3417,development,0,0.14633311052355155
3418,development,0,0.15745541267195662
3419,holdout,0,0.13377270436993932
3420,holdout,0,0.1389917209387208
3421,holdout,1,0.38148487281292065
3422,holdout,0,0.19747207640807235
3423,holdout,0,0.29376638489547907
3424,development,0,0.11030166532646728
3425,development,0,0.12633897414638331
3426,development,0,0.10180599934723172
3427,development,1,0.19335691203927435
3428,holdout,0,0.20254032711622602
3429,holdout,1,0.14778214211085014
3430,development,0,0.12520761883239126
3431,holdout,1,0.29591096690958624
3432,holdout,0,0.14089248132658597
3433,development,1,0.0911644507024582
3434,holdout,0,0.12622974648983953
3435,development,0,0.12044283045073692
3436,development,0,0.13464513770624603
3437,development,1,0.11864925523358388
3438,holdout,1,0.1426066482094263
3439,development,1,0.42087782081549746
3440,holdout,0,0.14939348923439813
3441,holdout,0,0.029068898046459873
3442,development,0,0.13200054426705554
3443,holdout,0,0.16583078423443828
3444,development,0,0.17213648049071034
3445,development,0,0.13017854002817303
3446,development,0,0.2068393440738136
3447,development,0,0.1051892261571298
3448,development,1,0.34625326579787563
3449,holdout,0,0.2932323556222342
3450,development,0,0.16499110173821063
3451,development,0,0.1826558674786976
3452,development,0,0.12973126333247276
3453,holdout,1,0.13369527111390964
3454,development,0,0.171086602820335
3455,development,0,0.11806717157540271
3456,development,0,0.17547262759094323
3457,development,0,0.18097635412576632
3458,holdout,0,0.11689073468857022
3459,development,0,0.07518778836989848
3460,development,0,0.14374097223360108
3461,holdout,0,0.13209621837351532
3462,development,0,0.10773392691969264
3463,development,0,0.18510742816870848
3464,holdout,0,0.29839400991465326
3465,development,0,0.18605379707100808
3466,holdout,0,0.19458748653518834
3467,holdout,0,0.1848621849293488
3468,development,0,0.13145773486681048
3469,development,0,0.19963547603820506
3470,holdout,1,0.10457214342476825
3471,development,0,0.14793075696682312
3472,holdout,0,0.09707251666397286
3473,development,0,0.40352924325149636
3474,holdout,0,0.4839972172177783
3475,development,0,0.1078172969360446
3476,development,0,0.14191531276702476
3477,development,0,0.08942527767164193
3478,development,0,0.3371126700955674
3479,development,0,0.17820021147172765
3480,development,1,0.9609707368382784
3481,holdout,0,0.1295220577214063
3482,development,0,0.5515570685316178
3483,holdout,0,0.135100853644981
3484,holdout,0,0.6612979792247655
3485,development,0,0.1589572808727389
3486,development,0,0.1401916198347685
3487,development,0,0.14080953454994644
3488,development,0,0.11954024906489061
3489,development,0,0.20239759541933044
3490,holdout,0,0.4383234674442565
3491,development,0,0.14388054450569115
3492,holdout,0,0.5025652479922077
3493,holdout,1,0.12600474358204436
3494,holdout,0,0.1791341643035379
3495,development,0,0.2781259462241836
3496,development,0,0.16865023895404072
3497,holdout,0,0.1272610722285278
3498,development,0,0.3504763821883494
3499,holdout,0,0.1337777279929097
3500,development,0,0.09008884898153972
3501,development,0,0.12593062484862433
3502,development,0,0.07892200577906938
3503,development,0,0.14207561915258635
3504,development,0,0.13754826941609224
3505,development,0,0.15093382513568293
3506,development,1,0.16468030774050982
3507,development,0,0.12098862666486535
3508,development,0,0.024799113415415235
3509,development,0,0.14331801072598843
3510,development,1,0.09675797692716252
3511,development,1,0.8449181199445499
3512,development,1,0.33203954371381805
3513,holdout,0,0.3793745098895281
3514,holdout,1,0.5316569178389181
3515,development,1,0.7006816239633994
3516,development,0,0.3166971586287925
3517,development,0,0.11367908621177421
3518,holdout,0,0.1702747953338671
3519,development,1,0.2061341056246109
3520,development,0,0.08811460060014759
3521,development,0,0.18633044016220437
3522,development,0,0.11785570827642351
3523,development,0,0.13856807169813878
3524,holdout,0,0.2568291470833029
3525,holdout,1,0.20529321106647816
3526,development,0,0.13568191742227642
3527,holdout,0,0.14897143476950858
3528,development,0,0.10792257328636153
3529,holdout,0,0.13287011868649073
3530,development,0,0.11715362200963224
3531,holdout,0,0.1138101167618383
3532,development,0,0.12004297836502495
3533,development,0,0.12312026876177015
3534,development,0,0.22564779037512944
3535,development,0,0.3060099762859376
3536,development,0,0.15071610653879378
3537,development,1,0.6701514758795591
3538,development,0,0.10757199982285526
3539,development,0,0.202198563894312
3540,holdout,0,0.1528535583038844
3541,development,0,0.1377773916455478
3542,development,0,0.1260103369853905
3543,development,0,0.15279965253609326
3544,holdout,0,0.2137692613545668
3545,development,0,0.10002044067274607
3546,holdout,0,0.09917020935736186
3547,development,0,0.09887310351369871
3548,holdout,0,0.1843491574592266
3549,holdout,1,0.10435745706009456
3550,development,0,0.13139826493528708
3551,holdout,0,0.13278387526983068
3552,development,0,0.16173867953436477
3553,development,0,0.17738493665137625
3554,development,0,0.13108007231969665
3555,development,0,0.8341076631764301
3556,development,0,0.11563185252424882
3557,holdout,0,0.37789173442155116
3558,development,0,0.17744459635665571
3559,holdout,0,0.1909705052140591
3560,development,0,0.10627967467928731
3561,development,0,0.181324267861445
3562,development,0,0.18156026766676117
3563,development,1,0.2626205346133735
3564,holdout,0,0.1482862480370012
3565,holdout,0,0.9686887672682768
3566,development,0,0.13836462736284139
3567,holdout,0,0.10995870079621439
3568,holdout,0,0.7687297861753322
3569,development,0,0.11040338665148784
3570,holdout,0,0.17785281740820016
3571,holdout,0,0.14931420415037888
3572,holdout,0,0.11855447252614953
3573,holdout,1,0.3803353039616743
3574,development,0,0.3451178925170164
3575,holdout,0,0.10995291761129646
3576,holdout,1,0.14516940014133825
3577,development,0,0.16399918596131177
3578,development,0,0.11333532408464951
3579,holdout,0,0.1500616639135165
3580,development,0,0.4579661229328404
3581,development,0,0.14934973504105836
3582,development,0,0.15217317016564932
3583,development,0,0.10364369089211459
3584,development,0,0.7214331866730346
3585,development,0,0.12315656455107425
3586,development,1,0.13977992880767673
3587,development,0,0.27818322454645766
3588,holdout,0,0.6885123381308846
3589,development,0,0.12780452538011977
3590,development,0,0.11998127319355054
3591,holdout,0,0.1729118338775385
3592,development,0,0.5261212697059028
3593,development,0,0.11456617235302632
3594,holdout,0,0.0601994274986816
3595,development,0,0.11895907658525814
3596,holdout,0,0.15850433520322119
3597,development,0,0.17450681141785288
3598,development,0,0.19306009038710012
3599,holdout,0,0.11387258961800327
3600,development,0,0.13249778806774673
3601,development,0,0.13324838214211457
3602,development,0,0.27026164347017617
3603,development,1,0.5423940959986133
3604,development,0,0.188811162318085
3605,development,0,0.4676076627455495
3606,development,1,0.2985145064965895
3607,holdout,0,0.10316522082508882
3608,holdout,1,0.11700967843575917
3609,development,1,0.3436843510039067
3610,development,0,0.09777991188948144
3611,holdout,0,0.3692780030619552
3612,development,0,0.628344942103046
3613,holdout,0,0.03671604799875984
3614,development,1,0.8534702362425333
3615,development,0,0.1730234994156413
3616,development,0,0.7360153586376216
3617,development,0,0.1936513778620803
3618,development,0,0.11546894302190076
3619,development,0,0.11533676169615853
3620,holdout,0,0.1139594768619107
3621,holdout,0,0.23171909563016035
3622,development,0,0.11133164429605293
3623,development,0,0.13015634880082264
3624,development,0,0.11596042778628814
3625,holdout,0,0.17891877257945044
3626,development,0,0.36126022293765414
3627,holdout,0,0.10147308511336689
3628,development,0,0.07265057059590531
3629,development,0,0.16446509982453
3630,development,1,0.11542968453581619
3631,development,1,0.5117686663609042
3632,development,0,0.34917248960653613
3633,development,0,0.1451585480878457
3634,holdout,1,0.08577247384099047
3635,holdout,0,0.13683307994497695
3636,development,0,0.18481497785867515
3637,holdout,0,0.19403865201192616
3638,holdout,1,0.31076598504232994
3639,development,0,0.1188017047929757
3640,holdout,0,0.49598077779347916
3641,holdout,0,0.16979257494453018
3642,holdout,0,0.12693890866924906
3643,development,0,0.12551522801217974
3644,development,0,0.720491737467522
3645,development,0,0.3505461842042264
3646,holdout,0,0.12608624572629792
3647,holdout,0,0.12914692853316653
3648,holdout,1,0.6090575484256827
3649,holdout,0,0.14324241638418903
3650,holdout,0,0.10969263471840168
3651,development,0,0.07484189455220433
3652,development,1,0.2002064274718363
3653,holdout,1,0.355693126493862
3654,holdout,0,0.3135431520727751
3655,development,1,0.23742516691819646
3656,development,0,0.1642000581249942
3657,development,1,0.13881298261348837
3658,development,0,0.09855004769777789
3659,development,0,0.05770212129245855
3660,holdout,1,0.17340600372701018
3661,development,0,0.18454139568963024
3662,development,0,0.12291891763366404
3663,development,0,0.1666807015428626
3664,development,1,0.8921907302304074
3665,development,0,0.09966783964325245
3666,development,1,0.15723983115235493
3667,development,0,0.0391562069612524
3668,holdout,0,0.3292559808059407
3669,development,0,0.12098903836677462
3670,holdout,1,0.19553134006521844
3671,development,0,0.14546184557675484
3672,holdout,0,0.31903781389105274
3673,holdout,1,0.7592901957377137
3674,development,0,0.12012950591917343
3675,development,0,0.30936152055449573
3676,holdout,0,0.19859216980678127
3677,holdout,1,0.3954466547604417
3678,development,0,0.12626124376688375
3679,development,1,0.5209360102879022
3680,holdout,0,0.37497787613980355
3681,development,1,0.24766574881043876
3682,development,0,0.1461978883936445
3683,development,1,0.13832731059504474
3684,development,0,0.12689291633751457
3685,development,1,0.5299958852352312
3686,development,0,0.1820305441999487
3687,holdout,0,0.17154150423253525
3688,development,0,0.1782121045786519
3689,development,0,0.0683420562349025
3690,development,0,0.17073855301701674
3691,development,0,0.14891427043666491
3692,development,0,0.2496068585375671
3693,development,0,0.6970503583522196
3694,development,0,0.2785694911147626
3695,development,0,0.2892930253685005
3696,development,0,0.17577500946440838
3697,development,0,0.16587708224096215
3698,development,1,0.12135014863179015
3699,holdout,1,0.34762905132484856
3700,development,0,0.1654622148928832
3701,development,0,0.13757509706698196
3702,development,0,0.14234444833152912
3703,development,0,0.12400184827028901
3704,holdout,0,0.1769072476949374
3705,holdout,0,0.10357844894541203
3706,development,0,0.11558818588823067
3707,development,1,0.32117220789854467
3708,development,0,0.12252925383550811
3709,holdout,1,0.6605921380297032
3710,development,0,0.17269715117251408
3711,holdout,0,0.2437498245536561
3712,development,1,0.10512959983284183
3713,development,0,0.18524194499151075
3714,development,0,0.1666272625952293
3715,development,0,0.17103542922992146
3716,development,0,0.10358860559911102
3717,development,0,0.16408644465333988
3718,development,0,0.08192721448964396
3719,development,0,0.17725736838437164
3720,development,0,0.13395614899822253
3721,holdout,1,0.31663795709567955
3722,holdout,0,0.2283559304968722
3723,development,0,0.1569505203186722
3724,development,1,0.1801821038904165
3725,development,0,0.0996338632990831
3726,development,0,0.5242472403799746
3727,development,0,0.18974376060395307
3728,development,0,0.22329952905371972
3729,development,0,0.1277199224453635
3730,holdout,0,0.18008041563202642
3731,holdout,0,0.12323139161220216
3732,development,0,0.14680032861741496
3733,holdout,0,0.11000172691358405
3734,holdout,0,0.1320726120265211
3735,development,0,0.3564908768723095
3736,development,0,0.12207988010498225
3737,development,0,0.11419356868152915
3738,development,0,0.15093679408460345
3739,holdout,0,0.2190449537574206
3740,development,0,0.15856797402892173
3741,development,1,0.11010620600548543
3742,development,0,0.13127839083770743
3743,development,0,0.15608288795240166
3744,development,1,0.6314202355853413
3745,development,0,0.13702600036526957
3746,holdout,0,0.041851889025421744
3747,development,0,0.07193777003268124
3748,development,0,0.10985298151209595
3749,holdout,1,0.3889556632388355
3750,development,0,0.114692914114867
3751,development,0,0.07985897685292735
3752,development,0,0.12300685746875716
3753,holdout,0,0.31173702001995074
3754,development,0,0.11216556030963432
3755,development,1,0.4196112668626196
3756,development,1,0.4495583390648194
3757,development,0,0.08781529801850779
3758,development,0,0.09668111865998459
3759,development,1,0.1354518529508806
3760,development,0,0.13924150644888167
3761,development,0,0.13670464569798996
3762,development,0,0.14389235815455995
3763,development,1,0.4725774619529522
3764,development,0,0.0836466460582923
3765,development,0,0.15916060641675217
3766,development,0,0.4839770979302393
3767,development,1,0.29901850926179135
3768,development,1,0.31964259869498673
3769,development,1,0.2826339554139728
3770,holdout,0,0.339781301731289
3771,holdout,0,0.12334144521916007
3772,development,1,0.3802057784221814
3773,development,0,0.19836408743152414
3774,development,0,0.13143232089450907
3775,development,0,0.1604331288416717
3776,holdout,0,0.47655113658272863
3777,development,0,0.13576316615624195
3778,development,1,0.15745049038699874
3779,development,0,0.5048907759873993
3780,holdout,0,0.09224553802656056
3781,development,0,0.11746110286126356
3782,holdout,0,0.34193260481989696
3783,development,0,0.10786923843061409
3784,holdout,1,0.1564126700852103
3785,development,1,0.42857658306569607
3786,holdout,0,0.087775482117108
3787,development,0,0.20652499372574804
3788,development,0,0.12726943605811264
3789,development,0,0.13497998295494396
3790,development,0,0.13171700637984235
3791,development,0,0.119256771942672
3792,development,0,0.10581086418340165
3793,development,0,0.13502553348239255
3794,development,1,0.33700622269191294
3795,holdout,0,0.2882726166999783
3796,holdout,0,0.5550518404279554
3797,development,0,0.17066415101902332
3798,holdout,0,0.11178193212110657
3799,holdout,0,0.2783264730267163
3800,development,0,0.6260454204419814
3801,holdout,0,0.635246927874797
3802,development,0,0.35460377736413123
3803,holdout,0,0.20801150433205656
3804,development,0,0.19672375764420294
3805,holdout,0,0.13704328244858627
3806,holdout,0,0.4030598383426739
3807,development,0,0.18985706940745856
3808,development,0,0.11680551556259952
3809,development,1,0.1236037466105996
3810,holdout,0,0.08270491192059455
3811,development,0,0.20001519974804488
3812,development,0,0.2929090985091558
3813,development,0,0.12265391891945676
3814,development,1,0.37758228181268916
3815,holdout,0,0.1316552382253092
3816,development,0,0.3435232588489726
3817,development,0,0.10489713345552765
3818,development,0,0.09239749695484281
3819,development,1,0.5765308810661504
3820,holdout,0,0.3047920169347265
3821,development,0,0.12822549201567443
3822,holdout,0,0.13523789796868027
3823,development,0,0.15082681291473105
3824,holdout,1,0.7517699076750801
3825,development,0,0.1388697180383586
3826,development,0,0.12342132316952407
3827,holdout,0,0.3985075640278209
3828,holdout,0,0.13706616947230155
3829,development,0,0.11358424249343925
3830,development,0,0.09404959373942372
3831,holdout,1,0.17001922787662876
3832,development,0,0.08389876146237239
3833,holdout,0,0.09970190528190695
3834,development,0,0.5238996623791043
3835,development,1,0.45311902358633094
3836,development,1,0.3054706868662937
3837,development,0,0.20406169956932058
3838,development,0,0.12455147264027741
3839,development,0,0.13009931955358853
3840,development,0,0.18724509009421858
3841,development,0,0.1097427435555874
3842,development,0,0.11629648183238507
3843,development,0,0.13285086977479307
3844,holdout,1,0.9008410155557992
3845,development,0,0.17165755051262852
3846,holdout,1,0.526163060962185
3847,holdout,0,0.16715365543499514
3848,holdout,0,0.13811439052260574
3849,development,0,0.2788982326141389
3850,development,0,0.22572134295290971
3851,holdout,0,0.10953014160487202
3852,development,1,0.17364979680122752
3853,holdout,1,0.21651480761756292
3854,holdout,0,0.15023659845147194
3855,development,0,0.09850013048777413
3856,development,0,0.1677064976160103
3857,development,0,0.15706797924738927
3858,development,0,0.11927051659515293
3859,development,0,0.16116362638035142
3860,development,0,0.1369797448206712
3861,development,0,0.08512434797756192
3862,development,0,0.1727048024442788
3863,development,0,0.12470899369258166
3864,development,0,0.36128122493476905
3865,holdout,0,0.1533084552117386
3866,development,0,0.10929578720472088
3867,development,0,0.2221139545948526
3868,development,0,0.13538182887941413
3869,development,1,0.11903325531045818
3870,development,0,0.18351082383685788
3871,development,0,0.13645621012211206
3872,development,0,0.1440078546906835
3873,development,0,0.13001818369483736
3874,holdout,0,0.14606389864177496
3875,holdout,1,0.7316038565051408
3876,development,0,0.07233996347572091
3877,holdout,1,0.6102160234113536
3878,development,0,0.05892146431552673
3879,development,0,0.1218894424139074
3880,development,0,0.38080903772273605
3881,development,1,0.12221198509627032
3882,development,0,0.17655187841142783
3883,development,0,0.5516956916087339
3884,development,0,0.15245785596538147
3885,development,0,0.12315192055320467
3886,development,1,0.46338383986121157
3887,development,1,0.31409783024118687
3888,holdout,1,0.112981345562746
3889,development,0,0.13091366167701782
3890,development,1,0.15680882699973447
3891,development,0,0.15212832354389288
3892,development,1,0.5041747981774808
3893,development,0,0.24094151925665905
3894,holdout,1,0.6837478820681143
3895,development,1,0.11425227665232694
3896,holdout,0,0.3031472854615545
3897,holdout,0,0.14422859455400236
3898,development,1,0.7155508517163117
3899,development,0,0.06358938575574029
3900,holdout,1,0.10604327575961651
3901,development,0,0.1344787624573477
3902,holdout,1,0.09955374196435991
3903,development,0,0.15817296105009687
3904,development,0,0.1950034131407194
3905,holdout,0,0.13499350858366113
3906,development,0,0.6147917706555792
3907,development,0,0.1765159453365983
3908,development,0,0.1237592049910497
3909,development,1,0.1356620927513373
3910,development,0,0.12228296188433603
3911,holdout,0,0.13040093021250232
3912,holdout,1,0.5478874310999998
3913,holdout,1,0.42410456329351687
3914,holdout,0,0.12288411108449643
3915,development,0,0.10630851920999795
3916,holdout,0,0.1427242587580937
3917,development,0,0.12182139797958685
3918,development,0,0.11102247379697776
3919,development,0,0.10504667542259621
3920,development,0,0.1784695145722126
3921,holdout,1,0.7735247875132625
3922,development,0,0.11065826212317821
3923,development,0,0.15175401805813946
3924,holdout,1,0.10091824748947388
3925,development,0,0.12318363079769408
3926,development,1,0.2695742037457057
3927,development,0,0.28599838239045966
3928,development,1,0.37098338213066817
3929,development,0,0.11952862081265757
3930,development,0,0.23993141017557712
3931,development,0,0.12140696849572158
3932,development,0,0.08842637861150152
3933,development,1,0.5647961568603475
3934,holdout,0,0.4250128831466842
3935,development,0,0.06281408089074611
3936,development,0,0.14390818530058264
3937,development,0,0.3380444401358101
3938,development,0,0.4097727705106715
3939,holdout,0,0.25480528110391465
3940,development,0,0.0742685727487091
3941,holdout,1,0.711968297982287
3942,holdout,0,0.1253985998377263
3943,holdout,0,0.40287638380380675
3944,development,0,0.24751322811837503
3945,development,0,0.36316930130017144
3946,development,0,0.10538807237172101
3947,development,0,0.27904918231629
3948,development,1,0.14723078198743814
3949,development,0,0.36469569551607295
3950,holdout,0,0.10822776007208532
3951,development,0,0.14354018372552615
3952,development,1,0.704438885854844
3953,holdout,0,0.17026062965596359
3954,development,0,0.1311529260831918
3955,development,0,0.4464576920478648
3956,holdout,0,0.1928693630647422
3957,development,0,0.1591983734090587
3958,development,0,0.12403795804011584
3959,development,0,0.19364010394693992
3960,development,0,0.1162782382067939
3961,development,0,0.18158330091297095
3962,holdout,0,0.1568575573043911
3963,holdout,0,0.07799877977461332
3964,development,0,0.13924210950992227
3965,development,0,0.12821072168749137
3966,development,1,0.16883312165285588
3967,development,1,0.13726181417264544
3968,holdout,0,0.1264603710616741
3969,development,0,0.12230771691825924
3970,development,0,0.14516874419071762
3971,development,0,0.4009535397180581
3972,development,0,0.1679380177900981
3973,development,1,0.13584673092627095
3974,development,1,0.08950990367385175
3975,development,1,0.21714153406115996
3976,development,1,0.35851511813288345
3977,development,0,0.10044970832511704
3978,development,0,0.10575101392878725
3979,holdout,0,0.07749360998527326
3980,holdout,0,0.19964199187066953
3981,development,0,0.15848881766487002
3982,development,1,0.14729026219068178
3983,development,0,0.11286384768542596
3984,development,0,0.14130067954859016
3985,development,0,0.1431190553722501
3986,holdout,0,0.15147260742809915
3987,development,0,0.15025093771372067
3988,development,0,0.5708831211045039
3989,holdout,0,0.30104553314604693
3990,holdout,0,0.14862871758768922
3991,development,0,0.08199891623671589
3992,development,0,0.1218157299996562
3993,development,0,0.14502305406857421
3994,development,0,0.15616145624579808
3995,development,0,0.15172970778065228
3996,holdout,1,0.298248104880807
3997,holdout,0,0.2523902981185797
3998,development,0,0.10946415167453165
3999,holdout,0,0.15008943955316395
4000,holdout,1,0.3948402430335602
4001,development,0,0.19816196665652125
4002,development,0,0.1241570988093042
4003,development,1,0.7453346997471066
4004,development,0,0.1454673177443511
4005,development,0,0.07424147210747911
4006,development,0,0.19827540686919579
4007,development,0,0.03032232779248699
4008,development,1,0.13601254593699816
4009,development,0,0.11356330234266662
4010,holdout,0,0.12540354010388824
4011,development,0,0.34939764928789113
4012,development,1,0.1129640603849471
4013,development,0,0.3063244818164689
4014,development,0,0.15073828787222693
4015,development,0,0.08852361399072432
4016,holdout,0,0.08609241434822652
4017,holdout,0,0.5266811646452334
4018,holdout,0,0.12357476337167612
4019,holdout,0,0.16823955251179704
4020,development,0,0.154266817694257
4021,holdout,1,0.09750017115499451
4022,development,0,0.7118007385795926
4023,development,0,0.12194354612465189
4024,holdout,0,0.2530226996780834
4025,development,0,0.26611066794849153
4026,development,0,0.11980953523178278
4027,development,0,0.30868097125961685
4028,development,0,0.5129938105303058
4029,development,0,0.10547058130862567
4030,development,0,0.13473101992108896
4031,development,0,0.08710055040072283
4032,development,0,0.1968720345575854
4033,development,0,0.08206329902572028
4034,development,0,0.11153908982597753
4035,holdout,0,0.12618316399961235
4036,development,1,0.10115988192199532
4037,development,1,0.7281983271390992
4038,development,0,0.17445698371185694
4039,development,0,0.11127140285064466
4040,development,1,0.14167878527970482
4041,holdout,0,0.16632387158760295
4042,holdout,0,0.11625823987800306
4043,development,1,0.20501946252197825
4044,development,1,0.2947606723817796
4045,development,1,0.12556980569536208
4046,development,1,0.10547152656651826
4047,development,0,0.1765560453968098
4048,development,0,0.15174692358989192
4049,development,0,0.11197634066999737
4050,development,0,0.1425314222198003
4051,development,1,0.5894652644158133
4052,development,0,0.33573306958724364
4053,holdout,0,0.20699625288001047
4054,holdout,0,0.12367232344010862
4055,holdout,0,0.10985983767294699
4056,development,0,0.3048759735614105
4057,development,0,0.13468339332455684
4058,development,1,0.7188613164244363
4059,holdout,0,0.10662340353757448
4060,holdout,0,0.12445501426643302
4061,development,1,0.4221003285904273
4062,development,0,0.4342909906662179
4063,holdout,0,0.12559432505598794
4064,development,1,0.5590883999055234
4065,holdout,0,0.12269990549893316
4066,development,1,0.22432688500259396
4067,development,1,0.19960957470670632
4068,development,0,0.1349504266029609
4069,holdout,0,0.1396119216403931
4070,development,0,0.1555951009595242
4071,holdout,0,0.1131305705916624
4072,holdout,0,0.12899253023321183
4073,development,1,0.5107574425787624
4074,holdout,0,0.4478968450831864
4075,holdout,1,0.09916363041361302
4076,holdout,0,0.7184225738756417
4077,development,1,0.4285977350776974
4078,development,0,0.08348831372076827
4079,holdout,0,0.22913084828137717
4080,holdout,1,0.7129297635807389
4081,development,0,0.16417175684459573
4082,development,0,0.057707272037103255
4083,holdout,0,0.172162565348613
4084,development,0,0.1494684634920055
4085,development,0,0.10313004457445499
4086,holdout,0,0.147545737280431
4087,development,1,0.3277743156300391
4088,development,0,0.12746686273565305
4089,development,0,0.13757647731811343
4090,development,1,0.3681364455171978
4091,development,0,0.28121592146478286
4092,development,0,0.12671801699997462
4093,development,1,0.6006987057273164
4094,holdout,0,0.08552883443294916
4095,development,1,0.13680427089436792
4096,development,0,0.09312268133762926
4097,development,0,0.16056620291614665
4098,development,0,0.05419850703684105
4099,development,1,0.18492587526827406
4100,holdout,0,0.13815130897098432
4101,development,0,0.1333494170326343
4102,holdout,0,0.14640204731309947
4103,development,1,0.2989119986215474
4104,holdout,0,0.3922184538241365
4105,holdout,1,0.7606464358948354
4106,holdout,0,0.9254330512165707
4107,development,0,0.5588600611457899
4108,development,1,0.07339136336030004
4109,development,0,0.10528372183206558
4110,development,0,0.11509577433448909
4111,development,0,0.09977318471543829
4112,development,0,0.21573004880845065
4113,development,1,0.33480240239842446
4114,development,0,0.3290053345973906
4115,development,1,0.30876273066643817
4116,development,0,0.21405911352914214
4117,development,0,0.1009668769065933
4118,development,0,0.533337121509944
4119,development,0,0.09139935382472608
4120,development,0,0.23430745676064568
4121,holdout,0,0.12563360062964565
4122,holdout,0,0.13086155530823473
4123,development,0,0.19740400444280837
4124,development,0,0.42153280746234245
4125,development,1,0.36460415126415785
4126,development,0,0.12139627064058627
4127,holdout,0,0.12598160081647378
4128,holdout,0,0.1281996148269925
4129,development,0,0.14566170910153126
4130,development,0,0.1387251775550728
4131,holdout,0,0.16026891977534655
4132,development,0,0.2808938861145251
4133,development,1,0.09923522192140222
4134,development,1,0.669896942693064
4135,development,1,0.3010624974524414
4136,development,1,0.36489814535822057
4137,holdout,1,0.5092789302956937
4138,holdout,1,0.32109979455733806
4139,development,0,0.13724065258672266
4140,development,0,0.1377032926633737
4141,holdout,0,0.20895955501763072
4142,holdout,0,0.15025039513972602
4143,development,1,0.12523347416779523
4144,holdout,0,0.10329725422448677
4145,holdout,0,0.08076674562606191
4146,development,1,0.25049048116778744
4147,holdout,0,0.11902300753364778
4148,development,1,0.7113915217529357
4149,development,0,0.13935539965898736
4150,development,0,0.12546545904932271
4151,development,0,0.0743504058415425
4152,development,0,0.03125708209716537
4153,development,1,0.2170547810703221
4154,development,0,0.28431234332730326
4155,holdout,1,0.7398850955223968
4156,development,0,0.2765458910652154
4157,development,0,0.09541207542780754
4158,holdout,0,0.14583109040912182
4159,holdout,0,0.12772808040308878
4160,development,1,0.7195827184324177
4161,development,0,0.12182694121336612
4162,development,1,0.17924927390427223
4163,development,1,0.12418611796735678
4164,development,0,0.13188433980840705
4165,holdout,0,0.15673005389740358
4166,development,1,0.23315186213001027
4167,development,0,0.02757216066343057
4168,development,0,0.11877948486640773
4169,holdout,0,0.08986268657370723
4170,development,0,0.6946535775873721
4171,development,0,0.1656736664893052
4172,holdout,0,0.4225509158178462
4173,development,1,0.18431824870048927
4174,development,0,0.0763710905432134
4175,holdout,1,0.2592362554166782
4176,development,0,0.06625511036116612
4177,holdout,0,0.15651658428361098
4178,development,0,0.15778653885446253
4179,development,0,0.17546588694395018
4180,holdout,0,0.31404793587082985
4181,holdout,0,0.38199351545576793
4182,holdout,1,0.15076681706790754
4183,development,0,0.12513283521347973
4184,holdout,0,0.5491946291884594
4185,development,0,0.12172473126819555
4186,development,0,0.1033088469832442
4187,holdout,0,0.1260475090337705
4188,holdout,0,0.14553779659348837
4189,development,0,0.14697196908837956
4190,development,0,0.23216943252185193
4191,holdout,0,0.16627139093984192
4192,development,0,0.2880099489018945
4193,development,0,0.07093052212361993
4194,development,0,0.22451546697827432
4195,holdout,0,0.13059624689005078
4196,holdout,0,0.13809316069302605
4197,development,0,0.25517381490804814
4198,holdout,1,0.42702961689345004
4199,holdout,1,0.2459741092340536
4200,development,0,0.12483261539913096
4201,development,1,0.15380557871721404
4202,development,0,0.13237498804509237
4203,development,0,0.2096352227679934
4204,development,0,0.1756506332057629
4205,holdout,0,0.12452700362505849
4206,development,1,0.1203851460373997
4207,development,0,0.11479029428522261
4208,development,0,0.17908356850688414
4209,holdout,0,0.14349614768022068
4210,holdout,0,0.46575421349822577
4211,holdout,0,0.5505516065819009
4212,development,0,0.18594913584794107
4213,development,0,0.10833153180289554
4214,development,0,0.30429788456551304
4215,development,1,0.7660033659030491
4216,development,0,0.14025319522734409
4217,development,0,0.12434795183879045
4218,development,0,0.054472877684672315
4219,development,0,0.06920420887985233
4220,holdout,1,0.25142358140059523
4221,development,0,0.20076207452724518
4222,development,0,0.11875013715882007
4223,development,0,0.07009964049001309
4224,holdout,1,0.2977307034878966
4225,development,0,0.12460838039318753
4226,development,1,0.5284596938629044
4227,development,0,0.18824565793354
4228,holdout,0,0.12778366730848897
4229,holdout,0,0.13305933173319287
4230,development,0,0.17760232788626948
4231,holdout,0,0.13409843412775282
4232,development,0,0.10249380607501082
4233,development,0,0.13120153645394353
4234,development,0,0.13017632858496364
4235,development,0,0.11238923447160805
4236,development,0,0.058365748072053227
4237,holdout,0,0.11861028982204135
4238,holdout,1,0.3890990844990474
4239,development,1,0.11807949040797487
4240,development,0,0.3421136413200435
4241,development,0,0.030919733167615537
4242,holdout,0,0.17178855710064794
4243,holdout,0,0.239013468640947
4244,holdout,1,0.18516757255007074
4245,development,0,0.13431811455878565
4246,holdout,0,0.16937399547428217
4247,development,1,0.7871676102046535
4248,development,1,0.10068409700945828
4249,development,0,0.15055750832238876
4250,holdout,0,0.3132995495590214
4251,development,0,0.17171512843605624
4252,development,0,0.20265754146959244
4253,holdout,0,0.12565167531455892
4254,development,0,0.18290488948660097
4255,holdout,1,0.3024562412689582
4256,holdout,0,0.12607814627544364
4257,development,0,0.07849644347919676
4258,development,0,0.14744180949746818
4259,development,0,0.28005177704757167
4260,development,0,0.12088505171134019
4261,holdout,0,0.14447088296826688
4262,development,1,0.13384197341034945
4263,development,0,0.11021002671226136
4264,development,0,0.10129798592590324
4265,holdout,0,0.1325125546454764
4266,development,0,0.14603035200053677
4267,development,0,0.1342062962606864
4268,development,0,0.12239120242293601
4269,development,0,0.24305911690394966
4270,holdout,0,0.23086104336181762
4271,holdout,0,0.2890377189508575
4272,development,0,0.10453105057847795
4273,holdout,1,0.4298825296138271
4274,development,1,0.08953255800395934
4275,development,0,0.2845974954589417
4276,holdout,0,0.21038965532624185
4277,development,0,0.5907700998205325
4278,development,0,0.3034315114427805
4279,development,0,0.17433601176111405
4280,development,0,0.1283141011708377
4281,development,0,0.07436781476601326
4282,development,0,0.1544981730081662
4283,development,0,0.31384731628318047
4284,development,0,0.17709524194803197
4285,development,0,0.09653227571304691
4286,holdout,0,0.12464340124889922
4287,development,1,0.16982023641739957
4288,development,0,0.17746624972729125
4289,holdout,1,0.15765797051478306
4290,holdout,1,0.7709394698513634
4291,holdout,0,0.14976472546613506
4292,holdout,0,0.3833647271314096
4293,development,0,0.28650430817378025
4294,development,0,0.121946778451799
4295,development,0,0.36563987010554855
4296,development,0,0.1080918426895645
4297,holdout,1,0.5162405151011538
4298,development,1,0.47459465258545475
4299,development,1,0.23632439332448837
4300,holdout,0,0.09011218900584932
4301,development,0,0.5390902602806021
4302,development,0,0.33546720993771695
4303,development,0,0.10338527783715346
4304,development,0,0.16317809870871314
4305,development,0,0.09508522714398694
4306,holdout,0,0.12002074049424886
4307,development,0,0.17620131043489032
4308,holdout,0,0.1209085263773206
4309,holdout,0,0.11693734122821295
4310,holdout,0,0.5575739533731272
4311,development,1,0.1735627594837232
4312,holdout,0,0.42070964694182733
4313,holdout,0,0.22517326738695229
4314,holdout,0,0.11844280781252815
4315,development,0,0.11827599767296933
4316,development,1,0.7675238404317216
4317,holdout,0,0.11720903253707124
4318,development,0,0.0629624823384745
4319,development,0,0.10314938029749751
4320,development,0,0.13971943212685609
4321,development,0,0.40371655423705377
4322,development,1,0.14156229973352322
4323,holdout,0,0.17731983862863723
4324,development,1,0.5764474848570854
4325,development,0,0.3052108622477583
4326,development,0,0.2602659609147432
4327,holdout,1,0.3757731153403908
4328,holdout,1,0.15478519345142394
4329,development,1,0.13399807355848428
4330,development,0,0.12032008096199676
4331,development,1,0.6968398392255755
4332,development,0,0.13014929341704118
4333,holdout,0,0.16042003924751777
4334,holdout,0,0.19943057709464035
4335,development,0,0.1539920272731926
4336,development,1,0.12279832425950256
4337,development,0,0.10569454046477005
4338,development,0,0.12717524181817771
4339,development,0,0.1550797652068844
4340,development,0,0.1218502728837134
4341,development,1,0.3727470639309479
4342,holdout,0,0.1736302853464383
4343,development,0,0.14753916033434017
4344,development,0,0.11656708370619373
4345,development,0,0.041409788913103415
4346,holdout,0,0.11039605570562518
4347,development,0,0.08259189225897359
4348,development,0,0.08726328687912743
4349,development,0,0.2631600227723463
4350,development,0,0.04930956318996222
4351,holdout,0,0.12289836448134882
4352,holdout,0,0.13673148783661232
4353,holdout,0,0.18728922353601393
4354,development,0,0.11228767726104014
4355,holdout,1,0.6915896594188444
4356,development,0,0.11406378878445625
4357,development,0,0.14916694441464676
4358,development,1,0.1371482732870326
4359,development,0,0.13052237872477054
4360,development,0,0.0937424416161099
4361,development,1,0.18601376452479504
4362,development,0,0.24392399636944082
4363,development,0,0.35277517524757634
4364,development,0,0.13245557041646505
4365,development,0,0.13489787226224592
4366,development,0,0.12561472668010068
4367,development,0,0.11162261983517739
4368,development,0,0.12065633312096988
4369,development,1,0.3507224934642155
4370,development,0,0.1288524915212557
4371,development,0,0.3306744251693894
4372,holdout,0,0.08598561192543419
4373,development,0,0.1347607752484744
4374,holdout,0,0.6643072968799381
4375,development,0,0.2092436729856486
4376,development,0,0.07499676031088523
4377,development,0,0.03313800808185593
4378,development,0,0.18286166555264383
4379,development,1,0.6943387085765363
4380,development,0,0.1681034489699005
4381,holdout,0,0.397177792159349
4382,holdout,0,0.17453273032614525
4383,holdout,0,0.1805978260249869
4384,holdout,0,0.5271135782626672
4385,development,1,0.1280568500404169
4386,development,0,0.31700987117820256
4387,holdout,0,0.11626013361734527
4388,development,1,0.38645889904818465
4389,holdout,0,0.1973282463960875
4390,development,0,0.14429263433879433
4391,development,0,0.1114923855923468
4392,holdout,0,0.3553544563375778
4393,development,0,0.05578651581602827
4394,development,0,0.07536727728569048
4395,holdout,0,0.16172207454085094
4396,development,1,0.2064377718001628
4397,development,1,0.7649187521078079
4398,development,0,0.12482186755814707
4399,development,0,0.13906460855505115
4400,development,0,0.14231480690792409
4401,holdout,0,0.11040340725976851
4402,development,0,0.10057649022763408
4403,development,0,0.14609752047487093
4404,development,0,0.1405105341800507
4405,development,0,0.09216465042879084
4406,development,1,0.7735139007895485
4407,holdout,0,0.14710404537773022
4408,development,1,0.7703751199010482
4409,holdout,0,0.110515353666042
4410,development,0,0.12395477961455276
4411,development,0,0.12026742589765473
4412,holdout,0,0.2685634666622142
4413,holdout,0,0.14356009445701418
4414,development,0,0.13110529435337923
4415,development,0,0.09025985636493083
4416,development,0,0.24414813944950714
4417,holdout,0,0.05750911617884827
4418,development,0,0.14124358945308427
4419,development,0,0.1253879763523689
4420,development,0,0.2214886339362033
4421,development,0,0.20028225348818876
4422,development,0,0.12927955100547084
4423,holdout,0,0.1471990088036713
4424,holdout,0,0.14397648270471974
4425,holdout,0,0.1150510041444938
4426,holdout,0,0.08786291567980392
4427,development,0,0.32719893757619756
4428,development,0,0.1124952049245736
4429,holdout,0,0.18948397944772766
4430,holdout,1,0.24880942056629857
4431,development,0,0.3097782430859384
4432,development,0,0.15521921298033123
4433,development,0,0.11688171234157316
4434,development,0,0.17688791525422004
4435,development,0,0.1608099170030016
4436,development,0,0.20559121948804673
4437,development,0,0.14539320129088512
4438,development,0,0.1852642721012802
4439,development,0,0.23467485968183038
4440,development,0,0.12303490087775429
4441,development,0,0.1711926221833699
4442,development,0,0.29498405216841717
4443,development,0,0.1688991862954543
4444,development,1,0.18431118570263028
4445,development,0,0.3097465757078675
4446,holdout,0,0.1350141775433592
4447,holdout,1,0.14699073890484993
4448,development,0,0.07548796541117483
4449,development,0,0.2514941718352804
4450,development,0,0.3394576763720474
4451,development,0,0.5924829585534704
4452,holdout,0,0.30613023944325995
4453,development,0,0.24560427675153734
4454,development,0,0.19758679546237456
4455,development,0,0.16249455624838138
4456,development,0,0.1104877373909731
4457,development,0,0.11335193286663663
4458,development,0,0.1533162850874379
4459,holdout,0,0.38620149327832837
4460,development,0,0.2997621743200166
4461,development,0,0.07697608421682821
4462,development,0,0.025016130835299136
4463,development,1,0.39880448725807754
4464,holdout,1,0.10345724001969711
4465,development,0,0.14047540748607654
4466,development,0,0.14162381644351107
4467,development,1,0.1696915000158165
4468,holdout,0,0.16282103976066903
4469,development,1,0.15165134542378217
4470,holdout,0,0.08552600029302129
4471,development,0,0.1470631539287315
4472,development,0,0.12477321693483528
4473,development,1,0.7159844584019472
4474,development,0,0.11583920226976392
4475,development,0,0.12526650445771484
4476,development,1,0.055729835440518176
4477,development,0,0.19339082607834057
4478,holdout,1,0.7531605110731331
4479,development,0,0.11782462655713394
4480,development,0,0.15217741612183008
4481,development,0,0.20354251652219507
4482,development,0,0.33813270091481207
4483,holdout,0,0.07798719521912885
4484,development,0,0.12592018663744275
4485,development,1,0.09485683940504586
4486,development,0,0.13112892828607453
4487,development,0,0.1668848564407324
4488,holdout,0,0.26600948707806416
4489,holdout,0,0.05692382895909516
4490,holdout,0,0.37990080912936586
4491,development,0,0.05623494820174924
4492,development,0,0.11438366444939481
4493,development,1,0.23111294860853265
4494,development,0,0.12533110421013943
4495,development,0,0.0928232320726942
4496,development,1,0.33277172876074856
4497,development,0,0.22034749307632356
4498,development,0,0.15446902781369087
4499,development,0,0.12765288500215974
4500,development,1,0.21874701103313968
4501,development,0,0.11425053410988019
4502,development,0,0.19891337712854176
4503,holdout,0,0.111836320023253
4504,development,0,0.08306134831359087
4505,development,1,0.6976618228985616
4506,development,0,0.16652530127302617
4507,development,0,0.13016927020143645
4508,development,0,0.159865434968426
4509,holdout,0,0.16605472920256148
4510,development,0,0.07514174103417014
4511,development,0,0.19728244577646706
4512,development,0,0.12988611592377056
4513,development,0,0.1324645495635751
4514,development,0,0.1282042938331417
4515,development,0,0.19196880416198986
4516,development,0,0.13540528913382305
4517,development,0,0.09871251524096442
4518,holdout,0,0.12325363109366078
4519,development,0,0.10438131962148686
4520,development,1,0.3992143555846801
4521,development,0,0.1386592572328417
4522,development,0,0.40417098160814413
4523,development,0,0.1285745514610128
4524,development,1,0.23392502906739887
4525,development,0,0.10496217991048835
4526,holdout,0,0.03990037797436863
4527,development,0,0.11988668785093384
4528,development,0,0.12579927059951204
4529,holdout,0,0.11912721493087312
4530,development,0,0.12650504035460414
4531,development,0,0.3501225500343303
4532,development,0,0.14492491152506046
4533,development,0,0.14208424909752826
4534,development,0,0.4486344861164628
4535,development,0,0.2932219114406958
4536,holdout,1,0.18484365771721112
4537,development,0,0.12409104976628875
4538,development,1,0.3467391528323107
4539,development,0,0.212530217407143
4540,development,0,0.1099943738732673
4541,development,0,0.5731770133283198
4542,development,0,0.29084556820656693
4543,holdout,1,0.10524119149060734
4544,holdout,0,0.15882658486883558
4545,holdout,0,0.0782012056984231
4546,holdout,0,0.32861250963931865
4547,holdout,0,0.2353852355150532
4548,development,0,0.27546337186771813
4549,development,1,0.6258162454640888
4550,holdout,0,0.1841728139110168
4551,development,0,0.35637438980234876
4552,holdout,0,0.20319211999064068
4553,development,0,0.10907786691421935
4554,holdout,0,0.11266979185706337
4555,holdout,0,0.3513938976814304
4556,development,0,0.11889135550028129
4557,development,0,0.10644362094010124
4558,holdout,1,0.13470134493630295
4559,holdout,1,0.40746641901074765
4560,holdout,0,0.08382310718430301
4561,development,0,0.1211179782420886
4562,development,0,0.29093252570394895
4563,development,0,0.10122216946949468
4564,development,1,0.6768602926539184
4565,holdout,0,0.29866750138252385
4566,development,0,0.13342170532779912
4567,development,0,0.17771466621743523
4568,development,0,0.13615102442372543
4569,development,0,0.1210304865135593
4570,development,0,0.12375465792919918
4571,development,1,0.7579550552941176
4572,development,1,0.46455291112134933
4573,development,0,0.17344921836983251
4574,holdout,0,0.19241062608488124
4575,development,0,0.0849698567129045
4576,development,0,0.12069462135707332
4577,development,0,0.12830455772831156
4578,development,0,0.116042591676273
4579,holdout,0,0.09068069518477584
4580,holdout,1,0.15731539790704088
4581,development,0,0.08348303080751805
4582,development,1,0.17707289131530052
4583,development,0,0.15584801114793512
4584,development,1,0.08657632808354628
4585,holdout,0,0.12144381224426948
4586,holdout,1,0.3950344343787621
4587,development,0,0.11119409986152091
4588,development,0,0.12850572450196757
4589,holdout,1,0.07811935642851728
4590,holdout,0,0.11171148395114719
4591,development,0,0.09453460119433464
4592,development,0,0.06094235975013164
4593,development,1,0.0995198888594288
4594,holdout,1,0.09175767478453764
4595,development,0,0.08012155272278171
4596,development,0,0.11018770019871586
4597,development,0,0.1713479710635826
4598,holdout,1,0.13580332263528727
4599,development,0,0.12946361604576706
4600,development,0,0.11533214588583485
4601,development,0,0.7110108778574686
4602,development,0,0.08335164136176296
4603,holdout,0,0.45748155568196425
4604,development,0,0.06815813127365049
4605,development,0,0.1437461884699753
4606,development,1,0.7396004493627221
4607,development,0,0.12434543810346887
4608,development,1,0.7363905562979368
4609,holdout,0,0.29270566821861227
4610,development,1,0.7205583232497388
4611,development,0,0.13869479778100707
4612,development,0,0.09984510310648198
4613,development,0,0.17929745167315983
4614,development,0,0.1204028567056194
4615,development,0,0.14289275885124256
4616,holdout,0,0.12096694744443767
4617,development,1,0.4252000031075284
4618,holdout,0,0.12620368734181792
4619,holdout,1,0.6996291245542059
4620,development,0,0.10296567369006582
4621,development,0,0.06788496776260973
4622,development,1,0.7987093718844928
4623,holdout,0,0.19916234484239756
4624,holdout,1,0.7025908837709605
4625,development,0,0.028930735696512225
4626,holdout,0,0.14314377066828193
4627,development,0,0.15990551035133488
4628,development,0,0.09987275387691297
4629,development,0,0.14555234062553882
4630,development,1,0.07709343165231522
4631,development,1,0.2757901702424828
4632,development,1,0.35987873819386446
4633,development,0,0.10740206880923688
4634,development,1,0.2222351860672169
4635,development,0,0.13251000757314232
4636,development,0,0.182847702931273
4637,holdout,0,0.33631392084094097
4638,development,0,0.19987558549234358
4639,development,0,0.12510983918811183
4640,development,0,0.12088210257471899
4641,development,0,0.1196347670167207
4642,development,0,0.1557103748621994
4643,development,0,0.10974740299643769
4644,development,0,0.3627493770717841
4645,development,1,0.3966089275423473
4646,holdout,0,0.0692847990298834
4647,holdout,0,0.10808601639017706
4648,holdout,0,0.19805318975915684
4649,holdout,0,0.10964610240481257
4650,holdout,0,0.13900523204890833
4651,development,0,0.16036643593655572
4652,development,0,0.1127400938812819
4653,development,0,0.17220545488802966
4654,development,0,0.08027207751276118
4655,development,1,0.5232878011481631
4656,holdout,0,0.26500168463990714
4657,holdout,0,0.09647093159155494
4658,holdout,0,0.08027272962747803
4659,development,0,0.12601909654421745
4660,holdout,0,0.10915045505851928
4661,holdout,0,0.11977277564726274
4662,holdout,0,0.16198685068447105
4663,development,0,0.12458937530343053
4664,holdout,0,0.08687810921554616
4665,holdout,0,0.06528882644660902
4666,development,0,0.09394968616353602
4667,development,0,0.7602311819542585
4668,holdout,1,0.3615551681341709
4669,holdout,0,0.09626488109607143
4670,development,0,0.2445903427501882
4671,development,0,0.13800437679952762
4672,development,0,0.14910066679568867
4673,development,0,0.0865513006529433
4674,development,1,0.1525078348371287
4675,development,0,0.09544892518462188
4676,holdout,0,0.1065539531989656
4677,holdout,0,0.13625974230125437
4678,development,0,0.11969361508596872
4679,development,1,0.6941961512395856
4680,development,0,0.1321912217084485
4681,development,0,0.1844133834205493
4682,development,1,0.13436716218876038
4683,development,1,0.37410578752535345
4684,development,0,0.15571209024278068
4685,development,0,0.15669763831227404
4686,development,0,0.12052297624722111
4687,development,0,0.13029739882752175
4688,holdout,0,0.5130070865255348
4689,holdout,1,0.10719794678872877
4690,holdout,0,0.5554540237941127
4691,development,0,0.19462071476437942
4692,development,0,0.5506434516062885
4693,holdout,0,0.1871118902202695
4694,development,1,0.13385199765248557
4695,development,0,0.1471857531553802
4696,development,1,0.8494365846494256
4697,development,0,0.3920126585173321
4698,development,0,0.09414062365412805
4699,development,0,0.13117120175327865
4700,holdout,0,0.14999878926080173
4701,development,0,0.1790948599765595
4702,holdout,0,0.9032551626567848
4703,development,1,0.29188930808789076
4704,development,0,0.31770452085411205
4705,holdout,0,0.13044234112856934
4706,development,0,0.13134783283877552
4707,development,0,0.30764419892427675
4708,development,0,0.12884575339697155
4709,development,1,0.4420903580468859
4710,development,0,0.17732948574235363
4711,development,0,0.11420736606704648
4712,development,0,0.12168906301629479
4713,holdout,0,0.16526845189263573
4714,development,0,0.4003142065189258
4715,development,0,0.13280139979387212
4716,development,0,0.16020223022303448
4717,holdout,0,0.11393683742941478
4718,development,1,0.28149557195261726
4719,development,0,0.07925091307137651
4720,development,0,0.11576697666400315
4721,development,0,0.6368513603674316
4722,development,0,0.1407267773538359
4723,holdout,1,0.18090225938669593
4724,development,0,0.1070365521024576
4725,development,0,0.15602943532853705
4726,development,1,0.11333629854674407
4727,development,0,0.12331032660109156
4728,development,0,0.07469798874432981
4729,holdout,0,0.09834429302611192
4730,development,0,0.14779302749273052
4731,development,0,0.12141028862642568
4732,holdout,0,0.07858459672356628
4733,development,1,0.4824680956198246
4734,holdout,0,0.7223323105712076
4735,holdout,0,0.12713707400824037
4736,development,0,0.13140394496032562
4737,development,0,0.12342987464399277
4738,development,0,0.10078750856067577
4739,development,0,0.1414245861595455
4740,development,0,0.12882553942097016
4741,development,1,0.24568948966656134
4742,development,0,0.11616368635424573
4743,development,0,0.11030185680034182
4744,holdout,0,0.31763757929813674
4745,development,1,0.17033204847551525
4746,development,0,0.6460060813404206
4747,development,0,0.29741746781253486
4748,holdout,0,0.39815972551609213
4749,holdout,0,0.09346518803028385
4750,development,1,0.12571773623248947
4751,development,0,0.17940283465094625
4752,development,0,0.36007918601697864
4753,holdout,0,0.1347702103031425
4754,development,0,0.1255509293938408
4755,holdout,0,0.14384641113701166
4756,holdout,0,0.24375077943957035
4757,holdout,1,0.11798085188609883
4758,development,0,0.12381203754462534
4759,development,0,0.14459317386986636
4760,holdout,0,0.7856645932121304
4761,development,0,0.12054645330042717
4762,development,1,0.11517476069092264
4763,development,0,0.14133823966058384
4764,development,0,0.10375840269524117
4765,holdout,0,0.07641539702805791
4766,development,1,0.6418476284161435
4767,holdout,0,0.15173139178709455
4768,development,1,0.11837593604611844
4769,development,0,0.07639827354839646
4770,development,0,0.32775818385660777
4771,holdout,0,0.13870688037582002
4772,holdout,0,0.19302403660019382
4773,development,0,0.13181242605758725
4774,development,0,0.0989048258126663
4775,development,0,0.1288417332223048
4776,holdout,0,0.1628588980035793
4777,holdout,0,0.32479763679606366
4778,development,0,0.2549443745621612
4779,holdout,0,0.12577174655517384
4780,development,0,0.142283114447075
4781,holdout,0,0.10768944238245311
4782,holdout,0,0.09439496134072757
4783,development,0,0.11506733200944343
4784,development,1,0.15043546596613366
4785,holdout,0,0.08942889009478289
4786,development,1,0.31139540003693866
4787,holdout,0,0.11606469595814738
4788,development,0,0.1795442834917975
4789,development,0,0.08563044135892313
4790,holdout,0,0.1331911561686605
4791,holdout,0,0.12103054371884067
4792,development,0,0.3495759347994217
4793,holdout,0,0.13190545897728484
4794,development,0,0.11900564708724866
4795,development,0,0.13414541188105025
4796,development,0,0.43457218842329826
4797,holdout,0,0.13494026065494502
4798,development,0,0.15850515884116442
4799,holdout,0,0.1325709602814576
4800,development,0,0.15364405046963073
4801,holdout,0,0.12507227025203402
4802,development,1,0.13293536929211097
4803,development,1,0.14065292556624578
4804,development,1,0.13478804795990107
4805,holdout,0,0.27877192278965474
4806,holdout,0,0.11237215135961814
4807,development,0,0.17808789475663073
4808,holdout,0,0.3018035688685466
4809,development,0,0.13344382260989512
4810,holdout,0,0.0347659317463444
4811,development,1,0.33657521899548004
4812,development,1,0.09225840341111158
4813,holdout,0,0.3553680080442327
4814,development,0,0.11877224751286655
4815,development,0,0.3182233296914441
4816,development,0,0.13643236164088685
4817,development,0,0.3105771725968355
4818,development,0,0.09905284834228194
4819,development,0,0.11901806708722477
4820,development,0,0.1477203891531207
4821,development,0,0.15950374714484103
4822,development,0,0.1110354258050996
4823,development,0,0.25254788894525526
4824,development,0,0.15908076074199107
4825,development,0,0.13035635371946777
4826,development,1,0.13011209315821842
4827,development,0,0.12300368502605001
4828,development,0,0.37326070007448603
4829,development,0,0.2243815706630465
4830,development,0,0.27918281925382465
4831,development,1,0.07613377348213315
4832,development,0,0.16295739518167726
4833,development,1,0.2848098116159119
4834,development,1,0.4043250593441944
4835,holdout,0,0.17476201098938424
4836,development,1,0.21581595187907773
4837,development,0,0.4545299123189622
4838,holdout,1,0.31135179085746423
4839,development,0,0.09007434159803906
4840,holdout,0,0.3104017970765917
4841,development,0,0.2705368441022216
4842,development,0,0.37150531179186336
4843,development,1,0.40581184544890264
4844,development,0,0.09885112162077951
4845,development,0,0.13750592554513036
4846,holdout,0,0.11682194522047347
4847,development,1,0.1324985675971506
4848,holdout,0,0.13935780104488757
4849,development,0,0.42626949146785104
4850,development,0,0.15325195133159253
4851,development,0,0.07043290153931962
4852,development,1,0.13017546385388012
4853,development,1,0.12614148631483274
4854,holdout,0,0.14118406701716382
4855,holdout,0,0.10759882145319187
4856,development,0,0.5431161206840888
4857,development,1,0.8237954642930484
4858,development,0,0.11461171818334158
4859,development,0,0.14095059621998962
4860,development,1,0.6766103835068948
4861,holdout,0,0.10555734331817748
4862,holdout,0,0.26225667606379804
4863,development,0,0.39433928621633063
4864,development,1,0.21242558873757872
4865,development,0,0.422575703565466
4866,development,1,0.30422910189004193
4867,development,1,0.7903855637303213
4868,holdout,0,0.03600718859606812
4869,holdout,0,0.12838403702081347
4870,holdout,0,0.13261597743511033
4871,holdout,0,0.11219860998268835
4872,development,0,0.19561805331280244
4873,holdout,0,0.7180741846290923
4874,holdout,0,0.12271401040561371
4875,holdout,0,0.08215591894582604
4876,development,0,0.45299701287336674
4877,holdout,0,0.38835728857846585
4878,development,0,0.1347021454688542
4879,holdout,0,0.143875889163313
4880,development,0,0.13393508039233454
4881,holdout,0,0.1560855500191317
4882,development,0,0.12985433950337705
4883,development,1,0.3252237324618492
4884,development,1,0.13750743030204468
4885,development,1,0.49704616844651267
4886,development,0,0.1399936181620814
4887,holdout,1,0.7670380340986173
4888,development,0,0.1249796103276869
4889,development,0,0.6279670876656452
4890,development,1,0.5062599225330602
4891,holdout,1,0.7951688699929523
4892,holdout,1,0.4019345372989933
4893,development,0,0.16149195841595013
4894,holdout,1,0.1257987317717829
4895,holdout,1,0.3973544114504173
4896,holdout,0,0.5316803917182863
4897,holdout,0,0.1295230086825136
4898,development,0,0.08024565077060122
4899,development,0,0.09048100229298214
4900,holdout,0,0.2169267200074726
4901,development,1,0.13280381696273524
4902,development,0,0.1007622004769189
4903,development,1,0.1700789616528646
4904,development,1,0.11343453793776762
4905,holdout,0,0.15308106450432785
4906,development,0,0.11710269776089305
4907,holdout,0,0.17632421992781713
4908,development,1,0.1272242243705011
4909,development,0,0.35784129315015817
4910,development,1,0.1339804962313505
4911,development,1,0.6464511821287539
4912,development,0,0.12677478003461556
4913,holdout,0,0.23829168926244262
4914,holdout,1,0.580827010815231
4915,development,0,0.09525317188431859
4916,development,0,0.13057648659727306
4917,development,0,0.07962664579640019
4918,holdout,0,0.32501075861305906
4919,development,0,0.3049037859884729
4920,holdout,0,0.09543714850954899
4921,development,1,0.5933495300471991
4922,holdout,1,0.3487124318510749
4923,holdout,1,0.5155520830969371
4924,development,0,0.0742685727487091
4925,development,0,0.12951856998721317
4926,development,1,0.10026994589315437
4927,development,0,0.10785118981942615
4928,development,0,0.11092322061299363
4929,development,0,0.2656931854966296
4930,holdout,1,0.3320505385323289
4931,holdout,0,0.07489939117540212
4932,development,1,0.08248895917231124
4933,development,0,0.13696407949667752
4934,holdout,0,0.1064277641737475
4935,holdout,1,0.269817394704474
4936,development,1,0.2218318225523021
4937,holdout,0,0.10943794493068465
4938,development,0,0.08649473474218852
4939,development,0,0.13584990675500092
4940,development,0,0.11899779814013771
4941,holdout,0,0.42133651229088015
4942,development,0,0.6566606759230014
4943,holdout,0,0.2782182046190337
4944,development,0,0.08616454692296668
4945,development,1,0.2770591849172674
4946,development,0,0.17302600327300427
4947,development,0,0.058559079101763646
4948,development,1,0.10868668173023956
4949,development,1,0.7078940269953419
4950,development,1,0.31471806121311513
4951,development,1,0.20591593699138716
4952,development,0,0.10684256305860235
4953,development,0,0.3659017420569906
4954,development,1,0.2866724231541298
4955,development,0,0.08422551462059051
4956,holdout,0,0.16254446842526257
4957,holdout,0,0.12048246945849726
4958,development,1,0.3105550586891163
4959,development,0,0.1228072004008819
4960,holdout,1,0.07228247220948508
4961,holdout,0,0.18590429131922914
4962,development,0,0.2256363937426615
4963,holdout,0,0.2823540193784729
4964,development,0,0.34267697044887235
4965,development,1,0.5667692222933218
4966,holdout,1,0.5310412314652986
4967,development,1,0.17389941384264737
4968,development,0,0.12490415185667177
4969,holdout,1,0.130807979116637
4970,development,1,0.6736935659712052
4971,development,1,0.48731296379085753
4972,development,1,0.061361284142783454
4973,holdout,0,0.14537606619782004
4974,development,0,0.1901063931148519
4975,development,1,0.0842937279308588
4976,development,0,0.1238134140133295
4977,development,0,0.15180861734591647
4978,holdout,0,0.17969988967045375
4979,development,1,0.3862657182240348
4980,development,0,0.3121345760905927
4981,development,0,0.4591355347196612
4982,development,0,0.11980182207727641
4983,development,0,0.16916123347289866
4984,development,0,0.14160049266254085
4985,development,0,0.3608058971926188
4986,holdout,0,0.1667982896786908
4987,development,1,0.11213629202600799
4988,development,0,0.12476369898472557
4989,development,0,0.11727447485408958
4990,development,1,0.13942395413275774
4991,development,0,0.08673448494055153
4992,development,0,0.13839487190856223
4993,development,0,0.32938859917595914
4994,development,0,0.124587607095326
4995,development,0,0.7594505027054528
4996,holdout,0,0.18677173205516606
4997,development,0,0.12924959019665844
4998,development,0,0.10775627014466692
4999,holdout,0,0.10444544964473844
5000,development,0,0.5794130972575097
5001,development,0,0.23070398923550742
5002,development,0,0.37305451541327617
5003,development,0,0.27805167096191646
5004,development,0,0.16024980004720818
5005,development,1,0.29592786141651317
5006,development,0,0.16409573806206432
5007,holdout,0,0.18866344801283616
5008,holdout,0,0.24682146300534247
5009,development,0,0.1242197984678341
5010,development,0,0.09082726430030909
5011,holdout,0,0.18160927918905584
5012,development,1,0.36609784026531206
5013,development,1,0.11126685839195127
5014,development,0,0.161865902800096
5015,holdout,0,0.09590891956368787
5016,holdout,0,0.5150445461489617
5017,development,0,0.14344480899080342
5018,development,0,0.3354243368830902
5019,development,0,0.09574811917369433
5020,development,1,0.11635620116526812
5021,development,1,0.21228920291626954
5022,holdout,0,0.11158699908518817
5023,development,1,0.29013618802201646
5024,development,0,0.26044346338476104
5025,holdout,0,0.11077295142014686
5026,development,0,0.11302043613071316
5027,holdout,0,0.2919827500792262
5028,development,0,0.11196109826974258
5029,development,0,0.39575343325268614
5030,development,0,0.2096518313607726
5031,development,1,0.10566587339183434
5032,development,0,0.1143209964871856
5033,development,0,0.14468016091589955
5034,development,0,0.21778849112440038
5035,holdout,0,0.3045836136673338
5036,holdout,0,0.10436889797002719
5037,holdout,0,0.3409912240655555
5038,development,0,0.11162964022137355
5039,development,0,0.1136118756650583
5040,holdout,0,0.08145404552487623
5041,development,0,0.4244370287529404
5042,holdout,0,0.11120078730538348
5043,development,0,0.14666931394842253
5044,development,1,0.477669835170126
5045,development,0,0.20618221257152963
5046,holdout,0,0.1838086120385021
5047,development,1,0.8401474637263621
5048,development,0,0.14191388599463492
5049,development,0,0.12175404728422932
5050,holdout,0,0.12318098012101096
5051,development,0,0.15751999682535245
5052,development,0,0.4426761934555025
5053,development,0,0.12461754259921357
5054,holdout,0,0.1163714899361453
5055,holdout,0,0.37207071570138195
5056,development,0,0.13089453819121827
5057,development,0,0.538487379333331
5058,holdout,0,0.166356106187196
5059,development,0,0.11901434210761533
5060,development,0,0.09553064303617005
5061,development,0,0.39106149785621197
5062,holdout,0,0.14639328058471016
5063,holdout,1,0.15602236505747938
5064,holdout,1,0.10507683054237399
5065,development,0,0.1896031710680627
5066,development,0,0.0961940695809765
5067,development,0,0.10898193694161856
5068,holdout,0,0.13438889392302955
5069,development,0,0.07919467663631155
5070,development,0,0.09391726974923742
5071,development,0,0.08155700458912069
5072,development,0,0.6933154743412299
5073,development,0,0.1638840594148127
5074,development,0,0.11097361146210184
5075,development,1,0.14005407858520832
5076,holdout,1,0.5788935111293203
5077,development,0,0.11039427625901704
5078,holdout,0,0.10052951253310499
5079,development,0,0.139112012531356
5080,holdout,0,0.1427276238452814
5081,holdout,0,0.2985806647891889
5082,development,1,0.28695495746444416
5083,development,0,0.26641408529111826
5084,development,0,0.12475944859293703
5085,development,1,0.2885841037699153
5086,holdout,0,0.11587051401081602
5087,holdout,1,0.932759224605607
5088,development,0,0.059563361983640935
5089,holdout,0,0.1303721736454231
5090,holdout,0,0.13639293067195035
5091,holdout,0,0.15302712406930494
5092,holdout,0,0.15257955114874022
5093,development,0,0.10667805973938481
5094,holdout,0,0.12335999601068005
5095,development,0,0.09899955034998263
5096,development,1,0.3526465313773179
5097,holdout,1,0.15512443121024672
5098,development,0,0.20250528582165936
5099,development,1,0.7586112025250628
5100,development,0,0.10920742099324693
5101,holdout,0,0.12673094184241665
5102,development,0,0.562780087862203
5103,development,0,0.12322038128992945
5104,development,0,0.1390059927908093
5105,development,0,0.3231674792625644
5106,development,0,0.13385634351976
5107,development,1,0.6465408777578877
5108,development,1,0.4579040500319518
5109,development,1,0.27844819064282805
5110,holdout,0,0.13890876566214236
5111,holdout,0,0.30132931117608686
5112,development,1,0.7314902735348316
5113,development,0,0.2715451913144932
5114,development,1,0.2772945501169253
5115,development,0,0.3000317754325597
5116,development,0,0.3354585017010146
5117,holdout,0,0.1648683956658914
5118,development,1,0.3572458166353727
5119,development,0,0.19341505444019863
5120,development,0,0.14495195426114837
5121,development,0,0.1304764493041423
5122,development,1,0.4034142645497622
5123,development,0,0.39256834352546627
5124,development,0,0.20101509118912853
5125,development,1,0.2430271723296106
5126,development,1,0.30685280757276573
5127,development,0,0.3098480154378347
5128,development,0,0.37041954823438344
5129,development,0,0.14490165741778624
5130,development,0,0.6523395763879536
5131,holdout,1,0.13937199854305313
5132,development,0,0.27315989415170305
5133,holdout,1,0.8431223663415426
5134,holdout,0,0.37157155133272707
5135,development,0,0.14527936221531212
5136,holdout,0,0.1804517292829568
5137,development,1,0.46693640507456957
5138,development,0,0.1319661547262404
5139,development,0,0.34665602197715933
5140,development,0,0.14059905286600463
5141,development,0,0.18064505472520562
5142,holdout,0,0.23418518413792544
5143,development,1,0.6050510892852771
5144,holdout,0,0.281213181795692
5145,development,0,0.20549682163697222
5146,holdout,0,0.11429663399398333
5147,holdout,0,0.31491917691023197
5148,development,1,0.11516693249018803
5149,development,1,0.259177168622186
5150,development,0,0.12640244615128643
5151,development,0,0.13872134933857905
5152,development,0,0.14602799612364997
5153,holdout,1,0.37415229010388623
5154,development,0,0.14722041930156432
5155,development,1,0.15832952165592315
5156,holdout,0,0.11194531513808707
5157,development,0,0.31569929698475874
5158,development,0,0.4697440217728902
5159,holdout,0,0.15860745692426492
5160,holdout,0,0.16666779681027705
5161,development,0,0.09756324336213568
5162,holdout,0,0.10723314389415492
5163,development,1,0.14274556099703462
5164,development,1,0.14581030054883992
5165,development,0,0.16428414608992595
5166,development,1,0.5919094003157426
5167,development,0,0.18178366274771285
5168,development,0,0.2602516466734725
5169,development,0,0.24636420208363033
5170,development,1,0.18281872468800003
5171,holdout,0,0.1092191816523442
5172,development,0,0.11828607978324587
5173,holdout,0,0.09404253471350796
5174,development,0,0.13043469244228137
5175,development,1,0.6482526595563018
5176,development,0,0.13193361598106387
5177,development,1,0.3874409617504154
5178,development,0,0.14698912505755202
5179,development,0,0.11909009828798517
5180,development,0,0.19553023201653616
5181,holdout,0,0.18720722046453442
5182,development,0,0.2551747001263849
5183,development,0,0.11465158130481914
5184,development,0,0.14369861146342297
5185,development,0,0.2385808166338857
5186,development,0,0.055536768027179946
5187,development,0,0.32723728882163533
5188,development,0,0.1422090415047478
5189,development,0,0.07100013106826616
5190,development,0,0.14012416324763435
5191,development,1,0.11599304593070202
5192,development,0,0.11786945186325837
5193,development,0,0.1758632641391071
5194,holdout,1,0.13311190486831634
5195,development,0,0.1615715736646335
5196,development,0,0.11852561719506899
5197,development,0,0.2719083965899815
5198,development,0,0.11804289948693696
5199,development,0,0.647330823075108
5200,development,0,0.2461824884713807
5201,holdout,0,0.01498815061966701
5202,development,0,0.26881844576914316
5203,development,0,0.1901258522366927
5204,development,0,0.1111704739441971
5205,development,0,0.10295959384202695
5206,development,0,0.10871010868810059
5207,development,0,0.13215931841571016
5208,development,0,0.1333190616927854
5209,holdout,0,0.3407912572338811
5210,development,0,0.28845969295475943
5211,development,0,0.027112679668176574
5212,development,0,0.09974201038957528
5213,holdout,0,0.26364338072636856
5214,development,0,0.17299791432857586
5215,development,0,0.08594271155516611
5216,holdout,0,0.1678754395024771
5217,development,0,0.0789226933217942
5218,development,1,0.21448451601678742
5219,holdout,0,0.14443603121127235
5220,development,0,0.34472330807056933
5221,development,0,0.11888854434183732
5222,holdout,1,0.1445105128330457
5223,development,0,0.028280865610569125
5224,development,1,0.1355309787661843
5225,holdout,0,0.15972473535293433
5226,development,0,0.2965560373464734
5227,development,0,0.4649424182705468
5228,development,0,0.0909776013303967
5229,development,0,0.04288787005645213
5230,development,0,0.15971280650755504
5231,development,0,0.199310106943668
5232,holdout,0,0.07846733145932507
5233,development,0,0.1916622601414718
5234,development,0,0.039459504576702116
5235,holdout,0,0.35984784317440466
5236,development,0,0.12482095846339433
5237,holdout,1,0.12434106587953747
5238,development,0,0.49957148058838985
5239,development,0,0.12079325384701992
5240,development,0,0.15368085785556979
5241,development,0,0.1587367414265102
5242,development,1,0.25960409200293405
5243,holdout,0,0.1890796674384845
5244,development,1,0.3199564670781811
5245,holdout,1,0.1731386406100797
5246,development,0,0.23756234776392013
5247,holdout,0,0.0593079699535004
5248,development,1,0.17823195313329854
5249,development,1,0.12961815683054792
5250,development,0,0.14413934194799544
5251,development,0,0.17826273521494282
5252,development,0,0.1087583051231368
5253,development,0,0.6981718109045958
5254,holdout,1,0.03427406783084695
5255,development,0,0.17802320005457353
5256,development,1,0.3346110968494942
5257,development,0,0.14303742853579762
5258,development,0,0.11493150762051343
5259,development,0,0.23551680232978453
5260,development,0,0.12354633136324444
5261,development,0,0.1561793533556102
5262,development,0,0.11016478779806693
5263,development,0,0.11711498717059739
5264,development,1,0.7511771387822601
5265,development,0,0.13971654457969673
5266,development,0,0.146221613418565
5267,development,0,0.10239433967285844
5268,development,0,0.15741153556863213
5269,holdout,0,0.22669374326271105
5270,holdout,0,0.13241811438695056
5271,holdout,0,0.174804569047245
5272,holdout,1,0.4586327975630178
5273,holdout,1,0.11817062011271999
5274,holdout,1,0.11434930316407554
5275,development,0,0.08894290667870813
5276,development,0,0.48837426973832865
5277,development,1,0.8394917166600601
5278,development,0,0.11191275929452928
5279,development,0,0.1458759469731179
5280,holdout,0,0.11192057331738253
5281,development,0,0.1566953315281082
5282,development,0,0.2280823439388709
5283,holdout,0,0.12094309100475248
5284,development,0,0.1691118656123336
5285,development,0,0.10643443850504572
5286,holdout,0,0.40581610692347725
5287,development,0,0.16261893298894362
5288,development,1,0.32673269777855724
5289,development,0,0.09376657402446191
5290,development,0,0.1335653434017695
5291,development,0,0.10852933897214691
5292,development,1,0.5130441296331842
5293,development,0,0.18523371344199266
5294,holdout,1,0.6926353303831966
5295,holdout,1,0.6897704214340435
5296,development,1,0.1744712145740841
5297,development,0,0.5805114104062085
5298,development,0,0.1044648507608783
5299,development,0,0.033005775622518475
5300,development,0,0.15047701183323337
5301,development,0,0.11310451963827882
5302,holdout,0,0.07842075423313508
5303,development,0,0.411130814800838
5304,holdout,0,0.07889854099949933
5305,holdout,0,0.19364098100331648
5306,holdout,0,0.21095612680259151
5307,development,0,0.5862248207168839
5308,development,0,0.22354044825595992
5309,holdout,0,0.09589649243920044
5310,development,0,0.11108557260170299
5311,development,0,0.13262889815647153
5312,development,0,0.7248368754028475
5313,holdout,0,0.16558981707106002
5314,holdout,0,0.13003310469464333
5315,development,0,0.30709339076899406
5316,holdout,0,0.1468327151148421
5317,holdout,0,0.11531731925516601
5318,development,0,0.7472175815214531
5319,development,0,0.2920816662311894
5320,development,0,0.11738210051139825
5321,development,0,0.11736568172060104
5322,development,0,0.13345087505399392
5323,holdout,0,0.16508502268878814
5324,development,0,0.11481429850104083
5325,development,1,0.1425780381772678
5326,holdout,0,0.15884430916850525
5327,development,0,0.3987196015739021
5328,development,0,0.09230551447214366
5329,development,0,0.1392213093851884
5330,development,1,0.5020237546613665
5331,holdout,0,0.1618432925708036
5332,holdout,0,0.1763890901846914
5333,holdout,0,0.11831099509241215
5334,development,0,0.9128856205513539
5335,development,0,0.10924364031332537
5336,holdout,1,0.77332974445521
5337,development,0,0.14890152440067966
5338,holdout,0,0.08630577040578628
5339,development,0,0.2044193049853288
5340,development,0,0.1410151745869826
5341,holdout,0,0.1705409949943433
5342,development,1,0.5685007158895337
5343,development,1,0.7270523052562998
5344,development,0,0.09697466021193982
5345,development,0,0.2758507051790221
5346,development,1,0.12877869256971936
5347,development,0,0.1185100867293711
5348,holdout,0,0.2906630892131753
5349,holdout,0,0.26357514702643403
5350,holdout,0,0.1933608943550192
5351,development,0,0.13013689272679138
5352,development,0,0.6545899338603217
5353,development,0,0.09664135067489664
5354,holdout,0,0.153367733724614
5355,holdout,0,0.16659000760496379
5356,development,0,0.13665867609325374
5357,development,0,0.10484337534701674
5358,development,1,0.153490840151909
5359,development,1,0.2857913558241692
5360,development,0,0.13061529387739992
5361,holdout,0,0.2642418804971714
5362,development,0,0.48873568402141343
5363,holdout,1,0.28135855568501533
5364,development,0,0.5626880893117318
5365,development,0,0.12093399135358168
5366,development,1,0.11289526542174669
5367,development,0,0.33531312737958235
5368,development,0,0.7029419073896718
5369,holdout,0,0.16933337027223866
5370,development,0,0.12090423730055688
5371,development,0,0.1116865288497859
5372,development,0,0.1925790673476766
5373,development,0,0.13141719738716784
5374,development,0,0.6353719924179094
5375,development,0,0.11834315770145815
5376,holdout,0,0.2985238850395721
5377,development,0,0.1720199669345899
5378,development,0,0.37331631592684733
5379,holdout,1,0.20657109025193315
5380,holdout,0,0.3337199018353439
5381,holdout,0,0.14142068788501203
5382,holdout,0,0.14376441397386092
5383,development,1,0.4289478470086148
5384,holdout,1,0.319147836643515
5385,development,0,0.1329921616418176
5386,development,0,0.10965890869388786
5387,holdout,1,0.6689688002827081
5388,development,0,0.41196732725235174
5389,holdout,0,0.10600852056696522
5390,development,0,0.13476098457279373
5391,development,0,0.11869160580519895
5392,development,0,0.34483721348549956
5393,holdout,0,0.13364233705314077
5394,development,0,0.14767095427425808
5395,development,0,0.27447072405233647
5396,development,0,0.13547418573456532
5397,holdout,0,0.3903512632502335
5398,holdout,0,0.19598211970836238
5399,holdout,1,0.8855538079660362
5400,holdout,0,0.16575755647805035
5401,development,0,0.12770483089381715
5402,development,0,0.12955407815204248
5403,development,0,0.3237095317942412
5404,development,0,0.5456744205557574
5405,development,0,0.1379345987310492
5406,development,0,0.12789730996660167
5407,development,0,0.14569344759280475
5408,development,0,0.1637019631736502
5409,development,0,0.10145911612758832
5410,development,0,0.41218234916804253
5411,development,0,0.35921882514223463
5412,development,0,0.11694134918432317
5413,development,0,0.10546436143166797
5414,development,0,0.11274691432270183
5415,development,0,0.10637634049580573
5416,holdout,1,0.310943795173894
5417,development,1,0.7042973540115903
5418,development,0,0.1147127090468205
5419,development,1,0.4389429345446078
5420,development,0,0.07872961489754475
5421,holdout,0,0.17765422832542765
5422,development,0,0.1079527705662058
5423,holdout,0,0.18129060590613774
5424,development,0,0.12833055291038206
5425,holdout,0,0.17321995923970424
5426,development,0,0.2984503287796752
5427,development,1,0.27216942156405727
5428,development,0,0.2179431162149257
5429,development,0,0.31144849272054664
5430,development,0,0.1637600779940474
5431,development,0,0.03210532707316684
5432,development,0,0.17026067465604663
5433,development,1,0.3637412305143114
5434,holdout,0,0.15421097594440494
5435,development,0,0.11586479565176905
5436,development,1,0.16174164450077125
5437,development,0,0.21599637718133793
5438,development,1,0.17095577233139328
5439,development,1,0.7866676481403932
5440,holdout,1,0.9791043725850568
5441,development,0,0.15861973682648306
5442,holdout,1,0.1243134052998596
5443,holdout,0,0.13879037150544024
5444,development,0,0.2616315599749815
5445,development,1,0.21398953831518974
5446,holdout,0,0.2376271001742957
5447,development,0,0.14917934323736737
5448,holdout,0,0.14310327259898348
5449,development,0,0.12175723583204262
5450,development,0,0.09303445452718626
5451,development,0,0.11247413783891563
5452,development,1,0.10851002174841419
5453,holdout,0,0.09628119525906689
5454,development,0,0.13675655952673763
5455,development,1,0.11780319502522756
5456,development,0,0.13587259806758986
5457,holdout,0,0.12625317828220198
5458,development,0,0.1570798718882492
5459,development,0,0.12557362879433087
5460,development,0,0.11715813854529826
5461,development,0,0.4094216288426081
5462,holdout,1,0.6484781106375652
5463,holdout,0,0.21613236674731914
5464,development,0,0.10134549909322756
5465,development,0,0.13369688310572492
5466,holdout,0,0.11380976270806269
5467,development,0,0.17584917916267778
5468,development,0,0.0904794050183849
5469,development,0,0.3984797846813802
5470,development,0,0.5018480102541105
5471,development,0,0.14350249238998178
5472,development,0,0.0813043623945244
5473,development,0,0.2582739129620386
5474,development,0,0.11190542533257722
5475,development,0,0.13100248038462362
5476,holdout,1,0.1997853481017285
5477,development,1,0.6001499636425726
5478,holdout,0,0.14746904324624274
5479,development,0,0.07881757600619597
5480,development,1,0.31423566994958535
5481,development,0,0.2735796230714321
5482,development,0,0.12571730250377214
5483,development,0,0.12972658813085147
5484,development,0,0.20699517863472347
5485,development,0,0.14234004343098497
5486,holdout,0,0.13485246758254366
5487,development,0,0.12340322592616018
5488,development,0,0.14764120435928685
5489,holdout,1,0.06678355801992542
5490,development,0,0.13423106616021552
5491,holdout,0,0.12769862251161232
5492,development,1,0.1706050473281848
5493,development,0,0.16024887152842787
5494,development,0,0.26902147823275974
5495,development,1,0.7387108724177015
5496,development,1,0.700386333632692
5497,development,1,0.1521974190804303
5498,holdout,0,0.12464113811052223
5499,development,0,0.12134308905429314
5500,development,0,0.33233946168243433
5501,holdout,1,0.4047434045877786
5502,development,0,0.08350728831013793
5503,development,0,0.2619531746131253
5504,development,0,0.16037512435518994
5505,development,1,0.4801441482248596
5506,development,0,0.11338052420894237
5507,holdout,0,0.31745573343482153
5508,holdout,0,0.07869440697718047
5509,development,0,0.719367138706687
5510,holdout,0,0.12809707728924624
5511,development,0,0.3483684622296878
5512,development,0,0.10762544136580876
5513,development,0,0.08139620298162398
5514,development,0,0.18105850047525288
5515,development,0,0.1126472378190921
5516,holdout,1,0.14653693175933988
5517,development,1,0.12241440940658407
5518,development,1,0.6223573407207774
5519,development,0,0.2965100973256408
5520,holdout,0,0.18441074535924082
5521,development,0,0.13365824989515127
5522,development,1,0.5233621522582033
5523,development,0,0.12980079100412145
5524,development,0,0.10429985851608156
5525,development,0,0.12925170348617077
5526,holdout,0,0.10300560341607261
5527,development,0,0.15571352402579344
5528,development,0,0.053912859283680496
5529,development,0,0.4136722626108234
5530,holdout,0,0.13246464489846052
5531,development,0,0.06394753628793018
5532,holdout,0,0.2954413488122105
5533,development,1,0.21706076586860762
5534,development,1,0.38201480812145305
5535,holdout,0,0.034633481999301365
5536,development,0,0.1097544263677353
5537,development,0,0.16376375531660176
5538,holdout,0,0.0984544857996358
5539,development,0,0.1466766074561872
5540,holdout,0,0.1065429562092683
5541,development,0,0.03476788463156227
5542,development,0,0.12918794440706027
5543,development,1,0.5882220161413815
5544,development,0,0.12006574804397073
5545,development,0,0.17543703096319102
5546,development,0,0.20052427908130055
5547,holdout,0,0.10829670474260145
5548,holdout,0,0.1416988588328572
5549,development,0,0.14020413191620376
5550,holdout,1,0.6174213487133753
5551,development,1,0.760168610594453
5552,development,0,0.3092666748954517
5553,holdout,1,0.659515562198874
5554,development,1,0.6428492119220549
5555,holdout,0,0.19301692159184466
5556,development,0,0.08533124925022365
5557,development,1,0.33322858730835003
5558,development,0,0.17443074102724446
5559,development,0,0.19287454265347087
5560,development,0,0.3976630024699451
5561,holdout,1,0.6095494512238044
5562,development,0,0.1295299306380785
5563,holdout,0,0.13864904904106493
5564,development,0,0.1343353934482551
5565,development,0,0.16239401106195991
5566,development,1,0.5039726277901165
5567,development,1,0.6714553291310563
5568,development,0,0.13191735913843816
5569,development,0,0.1096141420482454
5570,development,1,0.07929817945494527
5571,development,0,0.10892188818230139
5572,holdout,0,0.2926248403575574
5573,development,0,0.08901698202388415
5574,development,0,0.2611332580308252
5575,development,1,0.3197457664456301
5576,development,0,0.12637863026765833
5577,development,0,0.2780102553275413
5578,development,0,0.11464335541908936
5579,development,1,0.10564887898936454
5580,development,0,0.17821653451266173
5581,development,0,0.09654758339928639
5582,development,0,0.1250168251996627
5583,development,0,0.1002897592425029
5584,development,0,0.6058692566349553
5585,holdout,0,0.13022820120658588
5586,holdout,0,0.1145164045452237
5587,development,0,0.12483443930255267
5588,development,1,0.4101893895594107
5589,holdout,0,0.146475581488936
5590,holdout,1,0.14592401776936548
5591,development,1,0.27371490036273227
5592,development,1,0.339912858296832
5593,holdout,0,0.1494562856088989
5594,development,1,0.14941028694706038
5595,development,0,0.33458547920891885
5596,holdout,0,0.12561693727360368
5597,development,0,0.17603430496961336
5598,development,0,0.0779091859969866
5599,development,0,0.3047657737182791
5600,development,1,0.3074132824985023
5601,development,0,0.07574134938575983
5602,development,0,0.11505691255511281
5603,development,1,0.16367217787469493
5604,holdout,1,0.26864740516991686
5605,holdout,0,0.05963289468653237
5606,holdout,0,0.13291879743912852
5607,development,0,0.07520187967427538
5608,development,0,0.12751887999476702
5609,development,1,0.22034662135942823
5610,development,0,0.2879658428514215
5611,development,0,0.10750502449612215
5612,development,0,0.25277946956791253
5613,development,0,0.11499255915485875
5614,development,0,0.11448553287396263
5615,holdout,0,0.7082451580903991
5616,development,0,0.16797044947616668
5617,holdout,0,0.11071908872678263
5618,development,0,0.21323442230604192
5619,development,0,0.1284817152297814
5620,holdout,0,0.12188714525154855
5621,holdout,1,0.13644782469054748
5622,holdout,0,0.15377885567842353
5623,holdout,1,0.15341716244562012
5624,development,0,0.16686643318369113
5625,development,0,0.19841579234632142
5626,development,0,0.2583195220866693
5627,development,1,0.3851501025374055
5628,development,0,0.6231883801573944
5629,holdout,0,0.12872374398569014
5630,holdout,0,0.2948416871193583
5631,development,0,0.4628742364435231
5632,development,0,0.31507691051045084
5633,development,0,0.19462073720221054
5634,development,0,0.1440598756308667
5635,development,0,0.7222363795731621
5636,holdout,0,0.19912103415222357
5637,development,0,0.13263329882114955
5638,development,0,0.11039371829862975
5639,development,0,0.26422907252305583
5640,development,0,0.09782806221927666
5641,development,0,0.12470916642862477
5642,holdout,0,0.08243664291058188
5643,development,0,0.15004767228906205
5644,development,0,0.11503968080296376
5645,holdout,0,0.20345323383346875
5646,holdout,0,0.1190138588040017
5647,development,0,0.13238266902184867
5648,holdout,0,0.13940025310858123
5649,holdout,1,0.7602949268115055
5650,development,0,0.1925936816527509
5651,development,0,0.11730526193478823
5652,holdout,1,0.1527366105284625
5653,development,1,0.3650306595442225
5654,development,0,0.16292335058620697
5655,development,0,0.1121730878366212
5656,development,0,0.16316058227241406
5657,development,0,0.13205505948067717
5658,development,0,0.1571165651308609
5659,development,0,0.07852149619381865
5660,development,0,0.13187934892811332
5661,development,0,0.7632576718844515
5662,development,0,0.32894537035142485
5663,development,0,0.15715192841696587
5664,development,0,0.18545469247831664
5665,holdout,0,0.3018943384847934
5666,development,0,0.21659224880691355
5667,holdout,0,0.12871832009299405
5668,holdout,0,0.17789610569415348
5669,holdout,0,0.5542825310719203
5670,development,1,0.27264822916907155
5671,development,0,0.1565004343314268
5672,holdout,1,0.13394913284005905
5673,development,0,0.22011587342839334
5674,holdout,1,0.14910447089024575
5675,development,1,0.5324857394850867
5676,development,0,0.1444920105436136
5677,development,1,0.6262171239000481
5678,development,1,0.6342426502569602
5679,holdout,0,0.10366265732477989
5680,holdout,0,0.16495133473231896
5681,holdout,0,0.446056143176816
5682,development,0,0.20478524414704635
5683,holdout,0,0.17740283597815965
5684,holdout,1,0.21946741736536113
5685,development,0,0.13540732563664967
5686,development,0,0.2540289192702879
5687,holdout,0,0.7441285893449978
5688,holdout,1,0.7141464100621022
5689,development,0,0.15291671737059037
5690,development,1,0.432247349784836
5691,development,0,0.40384616605620144
5692,holdout,0,0.09686131059721013
5693,development,1,0.7863264528876444
5694,development,0,0.13752376445154238
5695,development,0,0.16826651117999938
5696,holdout,0,0.12544243544731096
5697,holdout,0,0.27774849403608853
5698,holdout,1,0.09821747169479897
5699,development,0,0.07050966706131362
5700,development,0,0.12673672385805923
5701,development,0,0.31267625530713133
5702,development,1,0.1063096449204237
5703,development,0,0.14969186035337798
5704,holdout,1,0.10951605101165514
5705,development,1,0.2165575398654499
5706,development,0,0.27794413812444035
5707,development,1,0.1175789216366287
5708,development,0,0.2655393899198295
5709,holdout,0,0.23078640574610368
5710,holdout,0,0.1494743558904577
5711,development,0,0.13561980060526532
5712,development,0,0.12161051935400005
5713,development,0,0.07791721551401223
5714,holdout,0,0.15045712574963632
5715,development,0,0.03473541241307268
5716,holdout,0,0.10539623717675027
5717,development,0,0.15992867396986035
5718,holdout,0,0.08446686895745863
5719,development,0,0.3174914461925306
5720,development,0,0.06852496805945385
5721,development,0,0.12192892490705143
5722,development,0,0.131663390397486
5723,holdout,0,0.12246343598851986
5724,development,0,0.17966731732140917
5725,development,0,0.06504314589313925
5726,holdout,1,0.6312735053094027
5727,development,0,0.14906313355206247
5728,development,0,0.12611261062640697
5729,holdout,0,0.1333808052522086
5730,development,1,0.35741801902201553
5731,development,1,0.059024473643190814
5732,holdout,0,0.12812670865812842
5733,development,0,0.17435948936429108
5734,development,0,0.1108188887693046
5735,development,0,0.11876331026296905
5736,development,0,0.1284046039586084
5737,development,1,0.12838533834102953
5738,development,0,0.13883743884283617
5739,development,0,0.11399765521392011
5740,holdout,1,0.696911392143461
5741,holdout,0,0.21831431108073537
5742,development,0,0.13208228063349617
5743,development,0,0.16782580897336108
5744,holdout,1,0.26961169106247707
5745,holdout,0,0.579927169871422
5746,holdout,0,0.06110754598395018
5747,development,0,0.30422363219687376
5748,development,1,0.15944403132638602
5749,development,0,0.11748558825135624
5750,holdout,0,0.13443945696654117
5751,development,0,0.15852921971464953
5752,development,0,0.07648847921203471
5753,development,0,0.1207582341500271
5754,development,0,0.0854156607106917
5755,development,0,0.1406550450493393
5756,holdout,0,0.2072535250942005
5757,holdout,1,0.07604798923263553
5758,holdout,0,0.2173750833148843
5759,development,1,0.3823377327471116
5760,development,1,0.2081558463654501
5761,holdout,0,0.34472330807056933
5762,holdout,0,0.08143054275504918
5763,holdout,0,0.12424351376766202
5764,development,0,0.12611922486890326
5765,holdout,0,0.7998501861311429
5766,development,0,0.09780171763577483
5767,holdout,0,0.09816617095465224
5768,holdout,1,0.32490334164528
5769,holdout,0,0.2425188539533669
5770,development,0,0.11782712979882368
5771,development,0,0.12114721296569902
5772,development,0,0.20472817225912052
5773,development,1,0.3614941546314584
5774,development,0,0.16787180110567707
5775,development,0,0.21019914798634357
5776,development,0,0.18794709049793815
5777,holdout,0,0.12320171722261895
5778,development,0,0.6486176876166017
5779,development,0,0.13039376622293686
5780,development,0,0.1523875635874773
5781,development,0,0.20561971691640182
5782,holdout,1,0.5594366295562084
5783,holdout,1,0.1891619929502256
5784,holdout,0,0.12284009615150242
5785,development,1,0.126710694759452
5786,development,0,0.1621399004274354
5787,development,0,0.13193803799217912
5788,development,0,0.21682852848483666
5789,development,0,0.12319292119563634
5790,holdout,0,0.22162842000289842
5791,development,0,0.21792009927768768
5792,development,0,0.18059677576383565
5793,development,0,0.18458055244345423
5794,development,0,0.15831859666945358
5795,development,0,0.21364624468796647
5796,holdout,0,0.0354948605527981
5797,holdout,0,0.19030603610666286
5798,holdout,1,0.10582713239189533
5799,development,0,0.287695618103556
5800,development,0,0.30994004420421767
5801,development,1,0.8262909020808481
5802,development,1,0.4358343006516065
5803,development,1,0.16255437903970688
5804,development,0,0.08404942040490876
5805,development,1,0.12343649828854454
5806,development,0,0.17559377658366052
5807,holdout,0,0.07309258275471314
5808,development,0,0.4315153002920215
5809,holdout,0,0.13892165383095345
5810,development,0,0.1284435339545413
5811,development,1,0.0832811953115754
5812,development,1,0.14012596253881024
5813,development,0,0.16068915602888187
5814,development,0,0.14290458957277363
5815,development,0,0.13991364024446815
5816,development,0,0.28003006713454187
5817,development,0,0.21435832879949113
5818,holdout,0,0.22237775676586938
5819,development,0,0.10127428524745391
5820,development,1,0.15681437080631452
5821,development,1,0.2761956437042482
5822,development,1,0.37064215365004327
5823,development,0,0.08512433972840894
5824,development,0,0.1391126469280915
5825,development,0,0.2538038254109447
5826,development,1,0.19626394602689715
5827,development,1,0.2697757633989017
5828,holdout,0,0.1756009963318693
5829,holdout,0,0.08013709014922023
5830,development,1,0.8039363229395919
5831,holdout,0,0.2792025992435124
5832,holdout,1,0.08809342309088582
5833,development,1,0.1386590048296352
5834,development,0,0.12736229615979408
5835,development,0,0.15458655937194613
5836,development,0,0.1431292492731966
5837,development,0,0.12848597220488517
5838,development,0,0.13174031869677247
5839,development,0,0.05426461059972996
5840,holdout,0,0.08456030438517273
5841,development,0,0.4556865906111452
5842,development,0,0.24683633722017972
5843,holdout,0,0.32688831918083106
5844,development,1,0.13972483945396225
5845,development,1,0.07521005172712603
5846,development,0,0.30044659558333847
5847,holdout,0,0.16636079982616744
5848,development,1,0.7251824304649408
5849,development,0,0.07095798574655372
5850,holdout,1,0.5955163219578962
5851,holdout,0,0.16987819249982633
5852,development,0,0.11552623345674759
5853,development,0,0.23205655419230387
5854,development,0,0.47602119142592253
5855,holdout,1,0.5161603039662219
5856,development,0,0.15031266120570264
5857,development,0,0.11977961949061379
5858,development,0,0.09462974823265137
5859,holdout,0,0.10587732397726453
5860,holdout,0,0.12135563336397989
5861,development,0,0.09686468498078772
5862,development,0,0.13460273813249665
5863,holdout,0,0.13552804059983692
5864,development,0,0.17028052469650387
5865,development,0,0.1932247088948494
5866,development,0,0.14802820924850343
5867,holdout,1,0.5696547535007385
5868,development,0,0.09517512268576116
5869,development,0,0.1469705828424265
5870,development,0,0.1960327281227698
5871,holdout,0,0.111312473989971
5872,holdout,0,0.11221216799279007
5873,holdout,0,0.16091152259133082
5874,development,0,0.21704347505999594
5875,development,0,0.08942899148446345
5876,development,0,0.06881603482613803
5877,holdout,0,0.15463174776010366
5878,development,0,0.18699269689426726
5879,development,0,0.14287459554393098
5880,holdout,0,0.11395711176028331
5881,development,0,0.32990689530455186
5882,development,1,0.7287148799378745
5883,development,0,0.14486691646879382
5884,holdout,0,0.08171035052977357
5885,holdout,1,0.1601519941844608
5886,development,1,0.11377575665885102
5887,development,0,0.13786771410454074
5888,development,1,0.13630529602194266
5889,holdout,0,0.16031239729093996
5890,development,0,0.10525588825559049
5891,development,1,0.27932790338789326
5892,development,0,0.1187421035362911
5893,holdout,0,0.1668635489844656
5894,holdout,0,0.12443692037865514
5895,holdout,1,0.11739840308751294
5896,holdout,0,0.08635711217540071
5897,holdout,1,0.2325607980756642
5898,development,1,0.5267224054300313
5899,development,0,0.10458986354291892
5900,development,0,0.18775223930891716
5901,development,1,0.44169214873470375
5902,development,1,0.4668115329658462
5903,holdout,0,0.10959999847608291
5904,development,0,0.16266704482915162
5905,development,0,0.17690928843800918
5906,development,0,0.12122795527779459
5907,development,0,0.06837107989564387
5908,development,0,0.12777962870922976
5909,development,0,0.13239097386933107
5910,development,0,0.20091283035827903
5911,development,1,0.36900619641358307
5912,development,0,0.29406001791524766
5913,development,0,0.156913654317814
5914,development,0,0.18023317910092257
5915,development,0,0.12931759499654946
5916,development,1,0.14597043264786716
5917,development,1,0.1497537764976948
5918,holdout,0,0.12518691187657321
5919,holdout,0,0.19489065124548266
5920,development,0,0.20779801543284604
5921,development,0,0.12510755573913562
5922,holdout,0,0.09561657078468604
5923,holdout,0,0.10505376657542945
5924,development,0,0.12357593941121976
5925,development,0,0.10296055114205489
5926,development,0,0.11002503760710731
5927,holdout,0,0.1628905901904796
5928,development,1,0.09831392408201556
5929,holdout,0,0.2644228966546817
5930,development,0,0.1658368204544759
5931,development,1,0.29030132430181776
5932,development,0,0.38477732122428954
5933,holdout,0,0.3967232629938081
5934,development,0,0.10754300578801282
5935,development,0,0.18814570951986068
5936,holdout,0,0.10915501868603066
5937,development,1,0.15656125276483843
5938,holdout,0,0.1409484093659425
5939,development,0,0.09603141426178144
5940,holdout,1,0.3151901716965286
5941,development,0,0.11988387959012375
5942,development,0,0.11743421932576652
5943,holdout,0,0.1140542305397549
5944,development,0,0.08836821596508586
5945,development,1,0.8187558577811406
5946,development,0,0.10186856949993661
5947,holdout,1,0.19960917858207955
5948,holdout,1,0.3024997687189005
5949,development,0,0.1429345087090712
5950,development,1,0.6767943622349853
5951,development,0,0.14236593509041326
5952,holdout,0,0.16022370434738267
5953,development,1,0.10782130357900863
5954,development,0,0.2243764343528243
5955,holdout,1,0.18966842872735656
5956,development,1,0.14983906825351392
5957,development,0,0.1157275942577968
5958,development,1,0.7834924353713744
5959,development,0,0.19693925467297344
5960,development,0,0.04243935931662331
5961,holdout,0,0.3513600898691756
5962,development,1,0.4374487388315172
5963,development,0,0.3687136638428891
5964,holdout,0,0.10788531800694538
5965,development,0,0.18723873589883214
5966,development,0,0.28954775543162503
5967,holdout,0,0.14311786192899786
5968,holdout,0,0.3342004946422514
5969,development,0,0.19238700635553008
5970,holdout,0,0.08519886390905078
5971,development,0,0.1313454109978818
5972,holdout,1,0.30290948923522315
5973,holdout,0,0.13115655609480337
5974,development,1,0.12466457115105976
5975,development,0,0.13765713826029188
5976,development,0,0.1573420940337046
5977,holdout,1,0.09475608569184665
5978,development,0,0.10057332720213887
5979,development,1,0.13486616138967364
5980,development,1,0.5327607358031072
5981,development,0,0.14724397074233558
5982,holdout,1,0.4353132320622551
5983,development,0,0.20070546287729246
5984,holdout,0,0.17508800744343425
5985,development,0,0.1517967995981489
5986,development,0,0.13258048807647288
5987,development,0,0.15717849044628437
5988,holdout,0,0.13180798162267976
5989,holdout,1,0.11577807118824897
5990,development,0,0.2687117051187416
5991,development,1,0.07469065012244039
5992,development,0,0.1297501284556873
5993,development,1,0.2978653693596655
5994,development,0,0.07571654995405229
5995,holdout,0,0.4097469783929171
5996,development,0,0.11235089786495454
5997,holdout,0,0.1629520452961577
5998,holdout,0,0.11714894187863696
5999,holdout,0,0.09179908019849593
6000,development,1,0.12943489999592123
6001,holdout,1,0.7381264839862806
6002,development,0,0.12044420217235945
6003,development,0,0.12526691176911914
6004,holdout,0,0.1810825598141837
6005,development,0,0.2276294348118127
6006,holdout,0,0.321071513260448
6007,development,1,0.5838965165714005
6008,holdout,1,0.1943749279719422
6009,development,0,0.13588374545340626
6010,development,0,0.1395857935821334
6011,holdout,0,0.16948996271445432
6012,development,1,0.5658493775671418
6013,development,0,0.12921107703200993
6014,development,0,0.09184309150347411
6015,development,0,0.134212458883689
6016,development,0,0.13917605773053968
6017,development,0,0.1771733561968883
6018,development,1,0.6724063022821699
6019,development,0,0.18007390482054683
6020,development,0,0.1533653338643247
6021,holdout,0,0.03785255852435085
6022,development,0,0.10143776352015157
6023,development,0,0.16016029151601033
6024,development,0,0.09266611560902745
6025,holdout,0,0.2593646542715363
6026,development,0,0.642758326649738
6027,development,0,0.26539555722541247
6028,development,0,0.4547306864343234
6029,development,0,0.18158844182344214
6030,development,1,0.6263607575239901
6031,development,1,0.7640826974903476
6032,holdout,1,0.36048853495338534
6033,development,1,0.07630475669426842
6034,development,0,0.23182393370051732
6035,development,0,0.11042682984337075
6036,holdout,0,0.097701894237218
6037,development,0,0.12616577671845808
6038,holdout,0,0.06000025285646216
6039,development,0,0.13491787425431614
6040,development,1,0.08233955398889903
6041,development,0,0.38657567030285206
6042,development,0,0.08422123017822444
6043,holdout,0,0.13407994274236806
6044,development,0,0.08304094607092884
6045,development,0,0.1645813956245202
6046,development,0,0.1234795065148604
6047,development,0,0.06523498891099198
6048,development,0,0.07368435388197359
6049,development,0,0.19115084631051432
6050,development,0,0.10370531953309606
6051,development,1,0.8149749141912397
6052,holdout,1,0.7402174633830708
6053,development,0,0.1058362117159991
6054,development,0,0.08100417199398595
6055,holdout,0,0.44834768761715926
6056,development,1,0.1152105952428673
6057,development,0,0.2056417449858677
6058,development,0,0.08289019432418972
6059,development,0,0.12083861028379611
6060,development,1,0.27437366643706873
6061,development,1,0.33280529169639483
6062,development,0,0.11983044793647495
6063,development,0,0.14207500565044026
6064,holdout,0,0.09445944548995037
6065,development,0,0.0821296638002662
6066,development,0,0.5629675750641607
6067,development,0,0.12059667686726373
6068,development,0,0.19885267419470926
6069,development,0,0.10601084675504366
6070,development,0,0.3687857756498159
6071,holdout,1,0.6459928311861456
6072,development,0,0.1894922247446515
6073,holdout,0,0.11457213109112989
6074,holdout,0,0.1331093486856194
6075,development,1,0.7266770601765942
6076,holdout,0,0.14625667463256048
6077,development,0,0.19332917058652344
6078,development,0,0.12431118570440237
6079,development,1,0.13124439309487043
6080,holdout,1,0.7705394646299639
6081,development,0,0.13536684590371278
6082,holdout,0,0.10062637405408101
6083,development,0,0.39879431662503584
6084,holdout,0,0.09390021734151772
6085,holdout,0,0.1336197835490331
6086,development,1,0.15573576751422918
6087,holdout,0,0.1065761777178294
6088,development,0,0.15674706119230977
6089,holdout,1,0.6386455854016682
6090,development,0,0.14637926625246328
6091,holdout,1,0.1376158252613223
6092,development,0,0.14198310360301875
6093,development,0,0.49614323669018917
6094,development,0,0.08759947709504548
6095,development,0,0.12063173981773749
6096,holdout,0,0.35807708535143223
6097,development,0,0.14082160400722302
6098,development,0,0.16715792031870266
6099,development,0,0.16765279686491788
6100,holdout,0,0.16676689058539676
6101,holdout,0,0.3697956889320865
6102,development,0,0.10384369956791209
6103,development,1,0.15449219808814654
6104,development,0,0.4580079237948605
6105,development,0,0.13845371897021172
6106,development,0,0.4209056935075334
6107,development,0,0.1032648990925265
6108,development,0,0.19992954753058198
6109,development,0,0.1292259158946038
6110,holdout,0,0.10395305329376589
6111,development,0,0.30780429823262706
6112,development,1,0.584427718781082
6113,development,0,0.12499484701763541
6114,holdout,0,0.16579568675028208
6115,holdout,0,0.11860842408739522
6116,development,0,0.12398458741305621
6117,holdout,0,0.19749844757696414
6118,development,0,0.15406212025931687
6119,holdout,1,0.1569247029274814
6120,holdout,0,0.14882914017722523
6121,development,0,0.13801824083110348
6122,development,0,0.4148567355408134
6123,development,0,0.11753592375443334
6124,holdout,0,0.15937655717351062
6125,development,0,0.19605738519583418
6126,development,0,0.11091980646267849
6127,holdout,1,0.12124550925660155
6128,development,1,0.3142559886839759
6129,development,0,0.1416718862121604
6130,development,0,0.11432668677335164
6131,holdout,0,0.1171285411127676
6132,development,0,0.39635609808350314
6133,holdout,1,0.1831973650553301
6134,holdout,0,0.15878168080074878
6135,holdout,0,0.21850055095676651
6136,holdout,0,0.11599602028702385
6137,development,0,0.12289415070522307
6138,holdout,0,0.05580029783316511
6139,development,1,0.16397204330461626
6140,holdout,0,0.46246767782820225
6141,development,0,0.2909865321385518
6142,development,0,0.13624706400982295
6143,development,0,0.13136955558827995
6144,holdout,1,0.07649320166232029
6145,development,0,0.180066736021073
6146,development,0,0.16101409778479817
6147,development,0,0.1139060396485381
6148,development,0,0.13700862830962754
6149,development,0,0.27793286259849165
6150,holdout,0,0.3575236134855428
6151,development,1,0.34076971045606785
6152,development,1,0.17650806944249342
6153,holdout,1,0.7565941172548551
6154,development,0,0.17975958276606818
6155,development,0,0.08258432721273969
6156,development,0,0.08983961237846137
6157,development,1,0.8076094082317626
6158,development,0,0.42604859069696815
6159,holdout,0,0.07544346978553673
6160,holdout,0,0.11480662107258818
6161,development,0,0.10438212788550746
6162,holdout,0,0.1397839889755501
6163,development,1,0.31321862284874136
6164,holdout,0,0.14465969076606025
6165,development,1,0.12466942843448696
6166,development,0,0.05164441828957801
6167,development,0,0.3006407110261185
6168,development,0,0.13581209212320514
6169,development,1,0.7449386180701045
6170,development,0,0.14129523375382091
6171,development,1,0.4355196705734852
6172,holdout,0,0.12187608905798351
6173,holdout,0,0.20590925263823612
6174,holdout,0,0.2931550758987887
6175,development,0,0.1057805008623324
6176,development,0,0.12290939663233491
6177,development,1,0.24450362194946557
6178,holdout,0,0.13522639333994663
6179,development,0,0.12701374760322418
6180,development,0,0.5619893991792756
6181,development,1,0.23994227849661928
6182,development,0,0.14948613018667278
6183,development,0,0.0830526227243454
6184,development,1,0.10991562119560216
6185,development,0,0.10396351355847364
6186,holdout,0,0.12175704856465223
6187,development,0,0.1409928139926271
6188,development,1,0.2770807535288031
6189,development,0,0.09160981917959021
6190,development,0,0.14313806462022668
6191,development,0,0.3108809507515434
6192,holdout,0,0.41225326837470583
6193,holdout,0,0.12399914794610167
6194,development,0,0.24869155931878492
6195,development,1,0.15614607088017504
6196,development,0,0.12396059640213926
6197,development,0,0.11283735194736727
6198,development,0,0.25403201261842506
6199,development,0,0.17756224358575065
6200,holdout,0,0.1473948390909195
6201,development,0,0.16589147759658
6202,development,0,0.11122812832906066
6203,development,1,0.27410507241073806
6204,development,0,0.30099084160545186
6205,development,1,0.248536592348611
6206,holdout,0,0.31655830529111484
6207,development,0,0.0906471562582259
6208,development,0,0.12548016007791188
6209,development,0,0.029817672761676482
6210,holdout,1,0.42690635097393004
6211,holdout,0,0.11967416138724633
6212,development,1,0.28012456036575084
6213,development,0,0.11826622767372727
6214,development,1,0.3313195988082717
6215,holdout,0,0.09983346674440947
6216,development,0,0.12889120962961934
6217,holdout,1,0.15968950351224115
6218,development,0,0.10482126350613212
6219,development,1,0.8628445511089099
6220,development,0,0.14499633588315583
6221,holdout,0,0.17357779692064132
6222,development,0,0.3035793657668592
6223,development,0,0.10774465390155717
6224,development,1,0.11675792523562682
6225,development,0,0.13318009663576277
6226,development,1,0.6961925858856939
6227,development,0,0.13267040310755213
6228,holdout,0,0.1839072213070091
6229,development,0,0.09667629905679442
6230,development,0,0.13102629708458435
6231,development,1,0.12253888770575412
6232,development,1,0.24570689653083144
6233,development,0,0.11158060850649397
6234,development,0,0.18234678468941032
6235,development,0,0.11222690312512425
6236,development,0,0.13395374400637525
6237,holdout,0,0.19890160703288995
6238,holdout,0,0.13030306087496815
6239,development,1,0.5050042497249718
6240,holdout,0,0.1272761259238107
6241,development,0,0.10873198103923383
6242,holdout,0,0.05879668529930175
6243,holdout,0,0.1742768745963806
6244,development,0,0.119655803460124
6245,development,1,0.449657239292634
6246,development,0,0.5428476061045593
6247,development,1,0.30870661049645254
6248,development,1,0.11549943063373441
6249,development,0,0.16051232464034818
6250,development,1,0.14504485825077906
6251,development,0,0.13828482729009642
6252,holdout,1,0.24273774659926123
6253,development,0,0.05571708493934766
6254,holdout,1,0.1805131489877388
6255,holdout,1,0.392288966718038
6256,development,0,0.17221340209674824
6257,development,1,0.7066284061335284
6258,holdout,1,0.7759060241238586
6259,development,0,0.13931623825849263
6260,development,0,0.29727701784108335
6261,development,0,0.17130774459403056
6262,development,0,0.32241091221901896
6263,development,0,0.15461761658309214
6264,development,0,0.2337862235323106
6265,development,0,0.1925059760151122
6266,development,0,0.10825070524716793
6267,holdout,1,0.7518177935535876
6268,holdout,0,0.1363473432109129
6269,development,0,0.09594520321991994
6270,holdout,0,0.1167463307741533
6271,holdout,0,0.1442444289446589
6272,development,0,0.13049388987827457
6273,development,0,0.1393143342123199
6274,development,0,0.14458551520520024
6275,development,1,0.7233045251560685
6276,development,0,0.12184333545839039
6277,development,0,0.18478792714951345
6278,holdout,0,0.1004610451231834
6279,development,0,0.6478818822772666
6280,development,0,0.6736822758300108
6281,development,0,0.12663832440253625
6282,holdout,0,0.11583622147134084
6283,development,1,0.2606863226568693
6284,holdout,0,0.14231428617052475
6285,holdout,0,0.1483327882621081
6286,development,0,0.15339743720089613
6287,development,0,0.14322282213918583
6288,holdout,0,0.13255230120954817
6289,holdout,0,0.20612121208592502
6290,development,1,0.62844146220781
6291,development,1,0.13394844963300315
6292,development,0,0.12148352444062431
6293,development,0,0.12077732432439436
6294,holdout,0,0.08002138349701697
6295,development,0,0.31471014486539073
6296,holdout,0,0.1554452816313429
6297,development,0,0.14975124257941275
6298,development,0,0.7925448034536751
6299,development,0,0.13379909271613893
6300,development,1,0.30722959261363525
6301,development,0,0.10808345008800872
6302,development,0,0.35380555080785503
6303,development,0,0.1446769962807624
6304,development,1,0.544314741791146
6305,development,0,0.09231526372080771
6306,holdout,1,0.24142806357983862
6307,development,0,0.13663114776083576
6308,holdout,0,0.6437437196109486
6309,development,0,0.12948955198383175
6310,holdout,1,0.3545336282163819
6311,development,0,0.09926137889008689
6312,development,0,0.11855325726440827
6313,holdout,0,0.1774012730540748
6314,development,0,0.28615415221667173
6315,holdout,0,0.12237429322554827
6316,development,0,0.25796183176050785
6317,holdout,1,0.7528797231513017
6318,development,0,0.1764034719255974
6319,development,0,0.13328761855875293
6320,holdout,0,0.1370043380573594
6321,holdout,0,0.13895502209028276
6322,development,0,0.22137417668677078
6323,development,0,0.16812278597347735
6324,holdout,0,0.12679950272437504
6325,development,0,0.07376522775471867
6326,holdout,0,0.17877986821819777
6327,development,0,0.10053244870389236
6328,development,0,0.1365859241934848
6329,development,0,0.1395679566844864
6330,holdout,0,0.1463004559101436
6331,development,1,0.7157527898445791
6332,holdout,0,0.10656537040183985
6333,holdout,0,0.13158560889309354
6334,development,0,0.19853148699179637
6335,development,1,0.7938967724005052
6336,development,0,0.324024182918475
6337,development,1,0.12960363694701887
6338,holdout,0,0.12214264435815776
6339,development,0,0.13639654456503575
6340,development,1,0.15419354524197945
6341,holdout,0,0.15719871210170228
6342,development,0,0.1821844117922821
6343,development,0,0.08005008219071653
6344,development,0,0.2201196167971262
6345,holdout,0,0.04047910467643738
6346,development,0,0.14648536499885306
6347,holdout,0,0.12942546771209756
6348,holdout,0,0.14784836819791455
6349,development,0,0.12278267061215681
6350,development,1,0.12819505729268776
6351,development,1,0.14993548141241242
6352,development,0,0.1587479242427237
6353,development,1,0.742324812024278
6354,development,1,0.20153338414425964
6355,holdout,0,0.30887640029207675
6356,holdout,0,0.1611905905942152
6357,holdout,0,0.13605154963351632
6358,holdout,0,0.3632251530095063
6359,development,0,0.0931492210166562
6360,development,0,0.1741223604025341
6361,development,0,0.13127610083942326
6362,development,1,0.4244065088590693
6363,development,0,0.1394636758466965
6364,holdout,0,0.2139197822613562
6365,development,0,0.13132220216236276
6366,development,0,0.12498158135173322
6367,development,0,0.14334911733175287
6368,development,1,0.1423900044198889
6369,development,1,0.3639377582601041
6370,development,0,0.11598322449283949
6371,development,1,0.7611271237761186
6372,holdout,0,0.1885244665386986
6373,development,0,0.14046622430612726
6374,holdout,1,0.08919320815221582
6375,holdout,0,0.10195230428083116
6376,development,0,0.17879885360051886
6377,development,1,0.33747895030729946
6378,development,0,0.13750883769437966
6379,development,0,0.07806169864121792
6380,development,0,0.08932201198079245
6381,development,0,0.12117891187181426
6382,development,1,0.3076129718155451
6383,holdout,0,0.1672434332829629
6384,development,0,0.20804916192262413
6385,development,0,0.12815707360634188
6386,holdout,0,0.19367598517641635
6387,holdout,1,0.601610015422291
6388,holdout,1,0.9712122098311262
6389,holdout,0,0.21753070538060837
6390,development,0,0.14426610529491202
6391,holdout,0,0.2105904616665367
6392,holdout,0,0.15801570237281215
6393,development,0,0.3251331911002773
6394,development,0,0.14359607910698374
6395,development,0,0.09613741908203192
6396,development,0,0.7386970332685086
6397,holdout,0,0.16296807677891198
6398,development,0,0.12240347033490016
6399,development,0,0.1924436859948323
6400,holdout,0,0.3037913361196715
6401,development,0,0.19069116034922273
6402,development,0,0.18545719528222035
6403,development,0,0.1085210008681836
6404,development,0,0.13469026947676185
6405,development,0,0.20501227827936028
6406,development,0,0.13902952207691574
6407,holdout,0,0.07804540606907981
6408,holdout,0,0.08077524503742167
6409,holdout,1,0.13843012524418338
6410,holdout,0,0.15950826226101475
6411,development,0,0.13513476715358638
6412,development,0,0.2095965915263934
6413,development,0,0.056693033790104444
6414,holdout,0,0.10012774809425774
6415,development,0,0.18262301712889525
6416,development,1,0.7285837218681014
6417,holdout,0,0.0770705005541274
6418,development,0,0.09413943653586015
6419,holdout,0,0.17003697616633784
6420,holdout,0,0.1296471980350991
6421,development,1,0.7516156351679832
6422,holdout,0,0.10341316352475517
6423,development,1,0.1315313089763773
6424,development,0,0.1342134548947616
6425,development,0,0.17084637172163025
6426,development,0,0.12447326727237644
6427,holdout,0,0.21693654790188868
6428,development,1,0.13273891058623963
6429,holdout,1,0.13984088227109237
6430,development,1,0.0989887966788008
6431,development,0,0.17403736125992533
6432,holdout,0,0.1728332831248439
6433,development,0,0.12646138164057782
6434,development,0,0.11802514730870683
6435,development,0,0.14911681635857604
6436,development,0,0.17041514612227543
6437,development,0,0.10753533576863651
6438,holdout,0,0.31799373772349626
6439,development,0,0.36467871901393156
6440,development,0,0.1373437169825825
6441,development,1,0.18893167429427615
6442,development,1,0.1972608497482294
6443,holdout,1,0.6092320628009509
6444,development,0,0.16663769796105424
6445,development,0,0.027123029625841392
6446,development,0,0.15183144558907688
6447,holdout,0,0.23709988495688875
6448,holdout,0,0.19344443720029667
6449,development,0,0.2234680712707811
6450,development,0,0.1361457752717038
6451,development,0,0.16825287026898952
6452,holdout,0,0.12697956402224606
6453,holdout,1,0.35951510008312154
6454,development,0,0.11166144792011246
6455,development,0,0.10949948538463328
6456,development,0,0.08983604219764875
6457,development,0,0.1781525814824352
6458,holdout,1,0.1350144282055559
6459,development,1,0.5943584092432597
6460,development,1,0.4112028012967218
6461,development,1,0.12746132809135774
6462,development,0,0.10514142626237907
6463,development,0,0.29848880624351337
6464,development,0,0.7992450732953685
6465,holdout,0,0.08520087237782882
6466,development,1,0.7706112761844975
6467,development,0,0.12077790629468706
6468,development,0,0.7484906140450628
6469,development,0,0.13255547436792486
6470,development,1,0.08802442533241533
6471,development,0,0.10082984657192752
6472,development,0,0.13654185474475253
6473,development,0,0.1491894203312498
6474,holdout,0,0.091785003757435
6475,holdout,0,0.16540980347837636
6476,development,0,0.12201919755661948
6477,holdout,0,0.2952909904511149
6478,development,0,0.13502591613600842
6479,holdout,0,0.08861915667733744
6480,development,0,0.11018227725013034
6481,holdout,0,0.17016921879082483
6482,development,0,0.2116355098159615
6483,development,0,0.491988974450731
6484,holdout,1,0.31601858157100865
6485,development,0,0.11374649111905263
6486,holdout,0,0.10199559185850578
6487,holdout,0,0.08383236335895551
6488,holdout,1,0.7244600396093145
6489,development,0,0.1303501044927064
6490,development,1,0.5405885481988826
6491,development,0,0.10501283616186656
6492,holdout,0,0.08262662700350072
6493,holdout,0,0.12451939676892994
6494,development,0,0.09293186774710889
6495,development,1,0.7788028961944916
6496,holdout,1,0.4176616769391646
6497,holdout,0,0.2875327766664375
6498,holdout,0,0.10841204195169273
6499,development,1,0.13464621232733662
6500,holdout,0,0.16629306860034893
6501,holdout,0,0.0797498669626722
6502,development,0,0.11382799968163788
6503,holdout,0,0.12371658273790495
6504,development,0,0.06845464612288547
6505,development,1,0.18387202722308438
6506,development,0,0.17132955341109524
6507,development,0,0.13976262903864206
6508,development,0,0.0137526477704148
6509,development,1,0.5393196701235995
6510,holdout,1,0.1345046100044341
6511,development,0,0.0811594523662276
6512,development,0,0.18557470782435714
6513,development,0,0.32532956101436805
6514,holdout,1,0.08602323676113954
6515,holdout,0,0.713680926132991
6516,development,0,0.23462242723926444
6517,development,1,0.47560782255020007
6518,development,0,0.8363194717630458
6519,development,0,0.15253273758276112
6520,holdout,1,0.3284395930932969
6521,development,1,0.15654753802754037
6522,development,0,0.1155985731518651
6523,development,0,0.18783858207597842
6524,holdout,0,0.12169404540187925
6525,holdout,0,0.19889689103354022
6526,holdout,0,0.07107164183966104
6527,development,1,0.7052696562749503
6528,development,0,0.13528429039788273
6529,development,0,0.14892924007410382
6530,holdout,0,0.12325952566894814
6531,development,0,0.1722064166386678
6532,development,0,0.5080780352537344
6533,development,0,0.1316397904655823
6534,development,0,0.14188946997933286
6535,development,1,0.5871570226572317
6536,development,0,0.1684944094942423
6537,holdout,0,0.10943157352355723
6538,holdout,0,0.0746741789016538
6539,development,1,0.2770168079359991
6540,development,1,0.5431005421332188
6541,holdout,0,0.2199860601168447
6542,development,0,0.27185961304309536
6543,development,0,0.1514525681573482
6544,development,1,0.17290563285045082
6545,development,1,0.3102538273974785
6546,development,0,0.10772403225250593
6547,development,0,0.12425598173957171
6548,development,0,0.1180740513886325
6549,development,0,0.13241596210996343
6550,holdout,0,0.11650621645816461
6551,development,0,0.2704782324934168
6552,development,0,0.6351583844037207
6553,development,0,0.13021315571874525
6554,holdout,0,0.10869737461948499
6555,development,0,0.11230116859543922
6556,development,0,0.20674074007295604
6557,development,1,0.16824401484011206
6558,holdout,1,0.4111579232677554
6559,development,0,0.13706108217970647
6560,development,0,0.11693902421870124
6561,holdout,0,0.504882691823865
6562,holdout,0,0.1375046433655017
6563,holdout,0,0.12320930749361714
6564,development,1,0.10693486886357866
6565,holdout,0,0.23385772398428722
6566,holdout,1,0.4270488566371085
6567,holdout,1,0.11470138075571557
6568,development,0,0.1208620521876708
6569,development,1,0.7501406716044238
6570,development,0,0.10781450687009643
6571,development,0,0.10071425385668209
6572,development,1,0.20006559834841955
6573,holdout,0,0.19897954106080373
6574,holdout,1,0.2675124013641263
6575,development,1,0.2208812473899127
6576,holdout,0,0.16461240117212203
6577,holdout,1,0.6231064508831546
6578,development,0,0.10758577996338245
6579,development,0,0.12445002509810207
6580,development,0,0.23808495619697057
6581,development,0,0.10961554676835068
6582,development,0,0.07150682416732042
6583,development,0,0.2858867362144589
6584,development,0,0.12433458235388856
6585,development,0,0.737790677008486
6586,holdout,0,0.24635751627745048
6587,development,0,0.12584776336001247
6588,development,0,0.1594394559933207
6589,holdout,0,0.16917894028311548
6590,holdout,1,0.10499722981514578
6591,development,0,0.08084925776607486
6592,holdout,0,0.1347769549367197
6593,development,0,0.20203557799002642
6594,holdout,0,0.17714574697686683
6595,development,0,0.0785803589595629
6596,development,1,0.2683687950804565
6597,development,1,0.4193241651106213
6598,development,0,0.2601347390041285
6599,development,0,0.19974991137228706
6600,holdout,1,0.3357480408015581
6601,development,0,0.1013471203003548
6602,development,1,0.8893373185455624
6603,holdout,0,0.8556006693648268
6604,holdout,0,0.6205838973954404
6605,development,0,0.31213932191416055
6606,development,1,0.14112950044690592
6607,development,0,0.1909185632870666
6608,development,0,0.19765207665922624
6609,holdout,0,0.16843690755094318
6610,development,0,0.21355472804118922
6611,development,0,0.11682395295987584
6612,development,1,0.3180816489270689
6613,development,0,0.0979438628523022
6614,development,0,0.34983052754699057
6615,development,1,0.2990942912526775
6616,holdout,0,0.3429849595118626
6617,development,0,0.07661348521954621
6618,development,1,0.11320514939161423
6619,development,0,0.11460768687353545
6620,development,1,0.30212237148839627
6621,holdout,1,0.12720643924073607
6622,development,0,0.3782947851601092
6623,development,0,0.10635547712629057
6624,development,0,0.14013648091365752
6625,development,0,0.2097369037468341
6626,development,0,0.10569355624383135
6627,development,0,0.25467399842591226
6628,development,0,0.12282558403351317
6629,development,1,0.14314767579897908
6630,development,0,0.12947457273373406
6631,development,0,0.13008334340307495
6632,development,0,0.11958824443291176
6633,holdout,0,0.12379304053619034
6634,holdout,1,0.15631467367580562
6635,development,0,0.07437413678708757
6636,development,0,0.22184750877886186
6637,development,1,0.17646942791030953
6638,development,1,0.7550757982149361
6639,development,0,0.14910311094366907
6640,holdout,0,0.20195104207437156
6641,development,0,0.3063244818164689
6642,development,1,0.16610452550831908
6643,holdout,0,0.13319670227296476
6644,development,0,0.36479110244391394
6645,holdout,0,0.11878755922045404
6646,development,0,0.0913777585858175
6647,holdout,0,0.1671415014330135
6648,development,0,0.27028432165863164
6649,holdout,0,0.29499274746873805
6650,holdout,0,0.08756641374969074
6651,development,0,0.1592242530909939
6652,development,1,0.12013868714640408
6653,development,1,0.12313397223340218
6654,development,1,0.7115367887364814
6655,development,0,0.2258228454825613
6656,development,0,0.3518102078225667
6657,holdout,1,0.3096824280080482
6658,development,0,0.16134589772090563
6659,development,0,0.1122662713251547
6660,development,0,0.13974691345988466
6661,development,0,0.6082198996640615
6662,development,0,0.1437022729516085
6663,development,0,0.10418506633023811
6664,holdout,1,0.28863682566710264
6665,holdout,0,0.09260631682005027
6666,holdout,0,0.16828246914827125
6667,holdout,0,0.10390169460442066
6668,development,0,0.06702985130822647
6669,development,0,0.11802325640787627
6670,development,0,0.02986788668245955
6671,development,0,0.16123402257138564
6672,holdout,0,0.11183951665937308
6673,holdout,0,0.17347926746693396
6674,holdout,1,0.18278126964593958
6675,development,1,0.2984013961902198
6676,development,0,0.13183114404393637
6677,development,1,0.8033656720196833
6678,development,0,0.14757877660820065
6679,development,0,0.11523920233540046
6680,holdout,0,0.085681974972267
6681,development,1,0.17179373934158296
6682,development,0,0.1438831812475391
6683,development,0,0.14692314488959268
6684,development,0,0.12146111532946897
6685,development,0,0.1667361684005571
6686,development,0,0.11875147040705476
6687,development,0,0.12697164158456667
6688,development,0,0.33335943216227115
6689,development,0,0.767462605557237
6690,development,0,0.15103713003756983
6691,development,0,0.15839030092363449
6692,development,0,0.11578247022246245
6693,holdout,1,0.39770191293465146
6694,holdout,0,0.07346530936493802
6695,development,0,0.23863945613181667
6696,development,1,0.27338919454686256
6697,development,0,0.20403496639214005
6698,development,0,0.11182595706631848
6699,development,0,0.1385373890175558
6700,development,0,0.15549070667035822
6701,development,0,0.3045955046677887
6702,holdout,0,0.10525986707954756
6703,development,0,0.11726751010240284
6704,development,0,0.14797370580120617
6705,development,0,0.42176696834887784
6706,development,1,0.2761604981060225
6707,holdout,1,0.26014868515856887
6708,development,0,0.15902619370447132
6709,holdout,0,0.12285179699705077
6710,development,0,0.13020483450242876
6711,development,1,0.35965987955683637
6712,development,0,0.12945874232681098
6713,development,0,0.13384729913446813
6714,development,0,0.4541360079302572
6715,development,0,0.13521247424721108
6716,development,0,0.2890260449885281
6717,development,1,0.3579290199121682
6718,development,0,0.12197851316727622
6719,development,0,0.1184630676558335
6720,development,0,0.17696013011418954
6721,holdout,0,0.24265406255789193
6722,development,1,0.11142008857750445
6723,development,0,0.15104728384505656
6724,development,0,0.16940229468187146
6725,development,1,0.12597175457703377
6726,development,0,0.7304393893203711
6727,development,1,0.44641466311096584
6728,development,1,0.11146823957209125
6729,development,0,0.1022387565033211
6730,development,0,0.18095248892358762
6731,development,0,0.1063852060008414
6732,development,0,0.1975055924542853
6733,development,0,0.1559977375998735
6734,holdout,0,0.3415313565557182
6735,holdout,0,0.09101936946868032
6736,development,0,0.49442532069531436
6737,development,0,0.22899340227525053
6738,development,0,0.12230787681603533
6739,holdout,0,0.06397234145012001
6740,holdout,0,0.16244020488564595
6741,development,0,0.1796965714600456
6742,holdout,0,0.12168495211059492
6743,holdout,0,0.7383339222861601
6744,holdout,1,0.14103704398184633
6745,holdout,0,0.13544592735173774
6746,holdout,0,0.1619586349167946
6747,holdout,0,0.053075623309519586
6748,development,0,0.15956751638396688
6749,development,0,0.12418297613510632
6750,development,0,0.24244197265594356
6751,development,0,0.1317282797658913
6752,development,1,0.22531125052467046
6753,holdout,0,0.1669366017888126
6754,development,0,0.159239972448403
6755,holdout,0,0.09003019068435779
6756,development,0,0.13830891854077287
6757,development,0,0.14859350087947137
6758,development,0,0.12577335230539166
6759,holdout,0,0.63436588246472
6760,holdout,0,0.11755746735428513
6761,development,0,0.749362330462243
6762,holdout,0,0.18514519238211202
6763,development,0,0.09960922214637971
6764,holdout,0,0.12752420811232346
6765,development,0,0.12055910339513816
6766,development,0,0.13017437103755336
6767,development,0,0.11569769473870284
6768,development,0,0.28027561821992025
6769,development,0,0.18747622178422138
6770,development,0,0.13579977966654286
6771,development,0,0.442060640188614
6772,development,0,0.07471943191734136
6773,development,0,0.1609267696825933
6774,development,1,0.42174468642969637
6775,development,0,0.09425769080666277
6776,development,0,0.1019982155222657
6777,development,0,0.18761837182760385
6778,development,1,0.4669139216957693
6779,holdout,1,0.3081024945162912
6780,development,1,0.45090478303050757
6781,development,0,0.11370628115547368
6782,development,0,0.12263788562595133
6783,development,0,0.104470667879166
6784,holdout,0,0.19800717717202135
6785,development,0,0.13525786825874558
6786,development,0,0.11449424128390466
6787,development,0,0.10067148530574811
6788,development,1,0.12969535241766547
6789,development,1,0.7250612284989448
6790,development,1,0.6207293244860087
6791,holdout,1,0.14476333630032048
6792,development,0,0.28422788143331396
6793,development,0,0.13153201301321657
6794,development,0,0.31921777688095954
6795,holdout,0,0.170139619348456
6796,development,0,0.1161888216428839
6797,holdout,0,0.14592558008676676
6798,development,0,0.32792380446496744
6799,holdout,0,0.12473941730618472
6800,development,0,0.1057016685080503
6801,development,0,0.1661374821422236
6802,development,0,0.3767943705973535
6803,development,0,0.16764979888764495
6804,development,0,0.1899408944150486
6805,development,0,0.06570799570996974
6806,development,0,0.27980289763457644
6807,holdout,0,0.12192284542386507
6808,development,0,0.1291741503736194
6809,development,0,0.25743140523136787
6810,development,1,0.15129735488412044
6811,development,1,0.4021948713205417
6812,development,0,0.4869369940711493
6813,holdout,0,0.17676288638308943
6814,development,0,0.23611052172749644
6815,holdout,0,0.15208073705872815
6816,development,0,0.22245544758709287
6817,development,0,0.12148122658302574
6818,development,0,0.12484958376552106
6819,holdout,0,0.16903590172202734
6820,development,0,0.10640038673862763
6821,holdout,0,0.20868777834547061
6822,development,0,0.9123680730879611
6823,development,1,0.3562696307233274
6824,development,0,0.30361550623524325
6825,holdout,0,0.13255622598142547
6826,holdout,0,0.13142611995850703
6827,development,0,0.4972809973623829
6828,holdout,0,0.5530244612909352
6829,holdout,0,0.09958393484787934
6830,development,0,0.15116741890407623
6831,holdout,0,0.09352517505825325
6832,development,0,0.1184711693195144
6833,development,1,0.7404322662274966
6834,development,0,0.0774294976175459
6835,holdout,1,0.8171899319430527
6836,holdout,0,0.0988952245766971
6837,holdout,0,0.6797332506060947
6838,development,0,0.123911404555996
6839,development,0,0.12559602848489704
6840,development,0,0.1198320473286562
6841,development,0,0.1141158215276381
6842,development,0,0.15961716606843038
6843,development,0,0.29546081779591704
6844,development,0,0.3619533304676295
6845,development,1,0.3996528749467905
6846,development,0,0.2906333476021162
6847,development,0,0.10903931972514393
6848,holdout,1,0.15628630801831295
6849,holdout,0,0.13354652273715711
6850,development,0,0.13123799861891738
6851,development,1,0.10444107978686562
6852,development,0,0.18130398586754623
6853,development,1,0.07230199558789327
6854,holdout,1,0.35035440635362325
6855,development,0,0.4375885894337877
6856,holdout,0,0.1397441597638001
6857,development,0,0.07975524075657882
6858,development,0,0.10001373444153415
6859,holdout,1,0.07336946339724043
6860,development,0,0.10809282994288939
6861,development,0,0.15469650058028242
6862,development,0,0.10652021882354633
6863,development,0,0.11589359635070788
6864,development,0,0.13139236526117712
6865,holdout,0,0.1612398158896188
6866,development,0,0.21974167672932804
6867,holdout,1,0.21799083441045664
6868,development,1,0.5045874549511367
6869,development,0,0.12850002666702132
6870,development,1,0.16458814424914717
6871,holdout,0,0.13331116849423136
6872,development,0,0.09252000642036415
6873,holdout,0,0.1450742318545296
6874,development,0,0.14415881576566641
6875,development,1,0.7232179389497035
6876,development,1,0.31144849272054664
6877,development,0,0.3927319099539367
6878,development,0,0.3689618166979286
6879,development,0,0.3772965264495248
6880,development,0,0.20146132670956066
6881,development,0,0.11973248432739164
6882,development,1,0.31503501728592515
6883,development,0,0.1261251670813148
6884,holdout,0,0.1640879153422988
6885,development,0,0.09542804421783835
6886,development,0,0.10777296308603897
6887,development,0,0.4071689162818331
6888,development,0,0.0872850802028044
6889,development,0,0.5094357787907392
6890,development,0,0.09550762559223744
6891,development,0,0.10784032324825163
6892,holdout,1,0.35665434445946914
6893,development,1,0.6223181908348406
6894,development,1,0.1915732051222311
6895,development,0,0.16060068124766527
6896,development,0,0.1455025719300221
6897,development,0,0.10021866834123695
6898,holdout,1,0.15294224419031868
6899,holdout,0,0.7282343468609143
6900,development,0,0.1593776644043497
6901,holdout,0,0.08636081411207523
6902,development,0,0.07699478943000823
6903,holdout,0,0.3306483164068992
6904,development,0,0.12949965724661341
6905,development,0,0.11953246107468228
6906,holdout,0,0.4144358983421478
6907,holdout,1,0.13433871165034897
6908,holdout,0,0.1434049726848425
6909,development,0,0.08013933476788968
6910,development,0,0.14492436783274845
6911,development,0,0.11382078392827227
6912,development,0,0.1439303291168481
6913,development,1,0.302943440008128
6914,development,0,0.32630752409766445
6915,development,0,0.29169701294672545
6916,development,0,0.33574421933080073
6917,development,0,0.14716386347606858
6918,development,0,0.09274389583421512
6919,development,0,0.4845435635675534
6920,development,0,0.08844261509152503
6921,development,0,0.11611386382815338
6922,development,1,0.5713628613078575
6923,holdout,0,0.17288283024696446
6924,holdout,0,0.18646233069819884
6925,development,0,0.16361395053318403
6926,holdout,0,0.20609882121526493
6927,development,0,0.39505958696885185
6928,development,0,0.10982853845490002
6929,development,0,0.15328455553930112
6930,holdout,0,0.12621369628802495
6931,holdout,0,0.1902438907952769
6932,development,0,0.10260841501568944
6933,development,0,0.13091692671014366
6934,development,1,0.8479568667029878
6935,development,0,0.33674700695793186
6936,development,0,0.9269843499659027
6937,holdout,1,0.13428739811492468
6938,development,0,0.3562696307233274
6939,development,0,0.12301416716743999
6940,development,0,0.12710714810116663
6941,development,0,0.02770853683480255
6942,development,0,0.14835088218160913
6943,development,0,0.08239112240194486
6944,development,0,0.1416175246256827
6945,development,1,0.15735220649656537
6946,development,0,0.11969753641649938
6947,holdout,1,0.08696049212709761
6948,holdout,0,0.03332478598596407
6949,holdout,0,0.10392332187930868
6950,holdout,0,0.14478766894376505
6951,development,0,0.1196818050373422
6952,development,0,0.03797658927011478
6953,development,0,0.10629481556029141
6954,development,1,0.1615266844785724
6955,development,0,0.1689665732457317
6956,holdout,0,0.10489728771886479
6957,development,1,0.5134131152465788
6958,development,0,0.10394888558707471
6959,development,0,0.08783961919483081
6960,development,0,0.14564512959509576
6961,development,0,0.15841239087851364
6962,development,0,0.1505659977845483
6963,development,0,0.08247273227314937
6964,development,0,0.11654136950838954
6965,holdout,0,0.18681228681835774
6966,development,0,0.2984813241434837
6967,development,0,0.09971950803527133
6968,development,0,0.5300878544903386
6969,development,0,0.11116433303508033
6970,development,0,0.1913168401826783
6971,holdout,0,0.20367752877273862
6972,development,0,0.12562746710101463
6973,development,0,0.12262358745369693
6974,holdout,0,0.1633123567050427
6975,holdout,0,0.12097248552718583
6976,development,0,0.08572587935813139
6977,holdout,1,0.3272668193764694
6978,holdout,1,0.6695428893597689
6979,holdout,0,0.10320882805926336
6980,development,0,0.2232362896702851
6981,development,0,0.13271987843532906
6982,development,0,0.06881796791437837
6983,holdout,0,0.19968418532763155
6984,development,1,0.3358336775162751
6985,development,0,0.1406749086323617
6986,development,0,0.129881618534276
6987,holdout,0,0.47318353802862595
6988,holdout,0,0.10271926985000626
6989,development,0,0.17580907711833954
6990,holdout,0,0.6133604261250059
6991,development,0,0.11325571711291559
6992,development,1,0.08306922021911475
6993,holdout,0,0.13607370449750725
6994,development,1,0.5898819405048128
6995,holdout,0,0.07434004323299005
6996,development,0,0.17155368873870178
6997,holdout,0,0.23249187322585532
6998,holdout,0,0.1170593670113279
6999,development,0,0.30745782187562143
7000,development,0,0.10883304295194458
7001,development,1,0.14914504868505252
7002,holdout,0,0.141650675780013
7003,holdout,0,0.1422065133928634
7004,development,0,0.16530810283806124
7005,holdout,0,0.1171245000496629
7006,holdout,1,0.7188732101361154
7007,development,0,0.09203632038683882
7008,development,0,0.13674813024515609
7009,development,0,0.075679727408614
7010,development,0,0.0887672862615883
7011,holdout,0,0.11106156690921508
7012,development,1,0.16476127198739174
7013,holdout,0,0.14114795156346163
7014,development,1,0.3150773155108786
7015,development,0,0.24171242553849503
7016,development,0,0.10999621130693343
7017,development,0,0.1744237867157752
7018,development,0,0.31565005156720904
7019,development,0,0.10867975228867711
7020,holdout,0,0.1074073586708639
7021,development,0,0.13632486378439337
7022,development,0,0.1846537084305325
7023,development,0,0.25731963713501105
7024,development,1,0.3532965708896601
7025,development,0,0.26221751299735724
7026,development,0,0.2030366539685026
7027,development,1,0.9461444243436492
7028,holdout,1,0.1338092492837628
7029,holdout,0,0.173656873368917
7030,holdout,0,0.10503382647708956
7031,development,0,0.10268042431794132
7032,development,0,0.13919732541852586
7033,development,0,0.06350394627218947
7034,development,0,0.3220340061301387
7035,development,1,0.2521786308149727
7036,development,0,0.13519913540613102
7037,holdout,0,0.24924667134314055
7038,development,0,0.14479953130500847
7039,development,0,0.10958521623659184
7040,holdout,0,0.12305476734453294
7041,holdout,1,0.40516188696359456
7042,holdout,0,0.11651827886544576
7043,development,0,0.17631647142562534
7044,holdout,0,0.17131140815076018
7045,development,0,0.1924782920126414
7046,holdout,0,0.12285254120693824
7047,holdout,1,0.12498947040049076
7048,development,0,0.2476098917311498
7049,development,1,0.10891488030949913
7050,holdout,1,0.7488714428656544
7051,development,0,0.2369563935231536
7052,development,0,0.08661535270414723
7053,development,1,0.16982237371131695
7054,development,1,0.34337900842003505
7055,development,0,0.6690998083488175
7056,holdout,0,0.300940327004616
7057,development,0,0.12988396191575094
7058,development,0,0.16199437976199418
7059,development,1,0.17336557957615836
7060,development,1,0.47390569321592546
7061,holdout,0,0.21478829770787583
7062,development,1,0.297945992166445
7063,holdout,1,0.16518867369515855
7064,development,0,0.11724925657649576
7065,development,0,0.6996277552793708
7066,development,0,0.12311352448450234
7067,development,1,0.14106916496264035
7068,development,0,0.12983923775531844
7069,development,0,0.18485755616976207
7070,development,1,0.27130051849368664
7071,holdout,1,0.826120370992168
7072,development,0,0.10550077483790882
7073,development,1,0.0845544878706954
7074,development,0,0.09628776822373139
7075,development,0,0.16820362743578282
7076,development,0,0.1968025199443322
7077,development,0,0.08276385227797452
7078,development,1,0.46306949225987337
7079,holdout,0,0.10549308425891524
7080,holdout,0,0.3778494343852308
7081,development,0,0.28078686555454363
7082,development,0,0.10771330034108006
7083,development,0,0.024397105338926688
7084,development,0,0.10549742346414324
7085,development,0,0.3791460726601922
7086,development,0,0.13437189200565272
7087,development,0,0.1182754522971199
7088,holdout,0,0.2873966973382547
7089,development,0,0.7412736573892446
7090,holdout,0,0.40827496583049516
7091,development,1,0.4935533391893115
7092,development,0,0.09123919736315282
7093,development,0,0.14769653357841062
7094,development,0,0.1679567018328872
7095,development,0,0.13542692263315387
7096,holdout,0,0.1023208410006987
7097,development,0,0.1718031148697187
7098,development,1,0.1302757438315725
7099,development,1,0.7592584420168178
7100,development,1,0.5454898728411224
7101,development,1,0.3009591964156345
7102,development,1,0.11946151198462106
7103,development,0,0.19287258808044008
7104,development,0,0.0868417511615219
7105,development,0,0.13978679104501393
7106,holdout,0,0.06941064845853825
7107,holdout,1,0.33672797541417016
7108,holdout,1,0.2773694633315734
7109,development,0,0.1176744047533546
7110,holdout,1,0.3045873585667735
7111,development,0,0.41017622826381983
7112,development,1,0.12209057876166982
7113,development,0,0.13768646262677603
7114,development,0,0.3525210222969443
7115,development,0,0.13742645451587512
7116,holdout,0,0.12100987483528304
7117,development,0,0.16386995871468762
7118,development,1,0.6990700327991805
7119,development,0,0.11146711078215105
7120,holdout,0,0.09749043712007521
7121,development,0,0.22085084335334332
7122,development,0,0.03919011925034456
7123,development,1,0.6291695476850564
7124,holdout,0,0.16148283574519226
7125,development,0,0.13903701923333003
7126,holdout,1,0.3865091543058261
7127,development,0,0.22601537006439987
7128,development,1,0.15645635208595776
7129,development,0,0.07513225542028061
7130,holdout,0,0.1083142527690444
7131,development,1,0.0685650913695394
7132,development,0,0.1282658340372129
7133,development,0,0.2677616455856111
7134,development,0,0.1344973568121705
7135,development,0,0.10357106535735056
7136,development,0,0.13513187799573695
7137,holdout,0,0.27636234561974476
7138,development,1,0.43639665780886683
7139,development,0,0.11777241213520237
7140,development,0,0.1539306420997259
7141,holdout,0,0.11910154209897315
7142,development,0,0.1419187013921822
7143,development,0,0.7704554287777213
7144,holdout,0,0.15404676039190351
7145,development,0,0.14598689457452121
7146,holdout,0,0.33668299972292476
7147,development,0,0.15063024565535857
7148,development,0,0.5783304846242987
7149,development,0,0.15673529884711912
7150,development,0,0.22499983522527725
7151,holdout,1,0.16694406676387857
7152,holdout,0,0.1518697031618517
7153,development,1,0.1707488740345023
7154,development,1,0.5136029539410175
7155,development,0,0.16533088991813616
7156,development,0,0.10851018810899751
7157,development,0,0.1219488960307791
7158,development,1,0.36030615386352866
7159,holdout,0,0.1351719025662588
7160,holdout,0,0.11208688717717612
7161,holdout,0,0.13160260385735503
7162,development,0,0.12984249757165453
7163,development,0,0.08098166803736873
7164,holdout,0,0.12278765452134888
7165,holdout,0,0.07424532366195871
7166,development,1,0.2936023808434491
7167,development,0,0.15204248387185898
7168,development,0,0.13177702062570343
7169,development,1,0.44101952313425913
7170,holdout,0,0.1585754131114758
7171,development,0,0.16783890820097017
7172,development,1,0.08485625905681934
7173,development,0,0.16565041154790655
7174,development,0,0.07217338135110031
7175,holdout,1,0.6095716846398533
7176,development,0,0.15000945375266497
7177,development,0,0.1845064438304629
7178,development,0,0.10375473672389922
7179,holdout,0,0.3347591477002197
7180,development,0,0.10306116008175707
7181,development,0,0.099809701213835
7182,holdout,0,0.12525853295383158
7183,development,0,0.15670784447100922
7184,holdout,1,0.22595128792413832
7185,development,1,0.4938653970562212
7186,holdout,0,0.09356544142824776
7187,development,0,0.1450069742874136
7188,holdout,0,0.08153316158761677
7189,development,0,0.12774041773557748
7190,development,1,0.1323194451859236
7191,development,0,0.4730857164325149
7192,development,1,0.2876571779851751
7193,development,0,0.1483547168482362
7194,development,0,0.18576189574648885
7195,development,0,0.13341520446591357
7196,development,0,0.1343771579626115
7197,development,0,0.18952812203432912
7198,development,1,0.1254802886414473
7199,development,1,0.2918881877706156
7200,holdout,0,0.1700370514039748
7201,development,1,0.25093614270383535
7202,development,1,0.3112202616271658
7203,development,0,0.12576447189513434
7204,development,0,0.1032860476363936
7205,development,1,0.36477047713246485
7206,development,0,0.3656356566655188
7207,development,0,0.14978026461027005
7208,development,0,0.11333294131569066
7209,development,0,0.9691946719347673
7210,development,1,0.23823664811416526
7211,development,0,0.3879683828816735
7212,development,0,0.1080070071175726
7213,holdout,1,0.26518760998427104
7214,development,0,0.3848333096258401
7215,development,0,0.40404488338376165
7216,development,1,0.7163979524636206
7217,development,0,0.11228410978221426
7218,development,0,0.2616141935806283
7219,development,0,0.12251626656751584
7220,holdout,1,0.31311953296779216
7221,development,0,0.6803015086020786
7222,development,0,0.23279718395114637
7223,development,0,0.16508494128381995
7224,development,0,0.5165605189791032
7225,holdout,0,0.4197639602303111
7226,holdout,0,0.10615007459596632
7227,holdout,1,0.6908305354830566
7228,development,0,0.1349972879241885
7229,holdout,0,0.10215301415375783
7230,holdout,0,0.37928953009807836
7231,holdout,1,0.4882286644581153
7232,development,0,0.13081472913217762
7233,holdout,0,0.1745014462586501
7234,development,0,0.1042910135713584
7235,holdout,0,0.40205917323023904
7236,development,0,0.15926076412901138
7237,holdout,0,0.11106428477615023
7238,development,0,0.6843154723406585
7239,holdout,0,0.16386486622811913
7240,development,0,0.17695373130582184
7241,development,0,0.3701639060528368
7242,holdout,0,0.09799072186097882
7243,development,1,0.4331837822188951
7244,holdout,0,0.08716323990232068
7245,development,0,0.0933071969638897
7246,development,1,0.35353214819434803
7247,development,0,0.12757688947296958
7248,holdout,0,0.05793914102118113
7249,development,0,0.7179456889213276
7250,development,0,0.33701915830957746
7251,development,0,0.13405384827971578
7252,development,0,0.15030889752875573
7253,development,1,0.21391963231577765
7254,development,0,0.12283097470178289
7255,development,0,0.10210886860708486
7256,holdout,0,0.13329315191944707
7257,holdout,0,0.18770371248062076
7258,development,0,0.3984175397998668
7259,holdout,1,0.7356499647655185
7260,holdout,0,0.13991537040465465
7261,development,0,0.6342106522988967
7262,development,0,0.38455665088813595
7263,development,0,0.21292641205247517
7264,holdout,1,0.14272336820739778
7265,development,0,0.22140700608248876
7266,development,0,0.18968957190115743
7267,development,0,0.1893044120234182
7268,development,0,0.7573859157250655
7269,development,1,0.3119303438933125
7270,development,1,0.24669616928339852
7271,holdout,0,0.7670742832577816
7272,development,1,0.3056579164252046
7273,holdout,0,0.2288530877383475
7274,development,0,0.12991604003279986
7275,development,0,0.19922812933936343
7276,development,0,0.16739187248709192
7277,holdout,0,0.32569857316552225
7278,holdout,0,0.1687232757307692
7279,development,1,0.8391216392832029
7280,development,0,0.09690233481154753
7281,development,0,0.12522778984565605
7282,development,0,0.1432789000106526
7283,development,1,0.36318917147206287
7284,development,0,0.12119848511608093
7285,development,1,0.3152014963584845
7286,holdout,1,0.7106930512875379
7287,development,0,0.16708462723115403
7288,development,1,0.20031140388761726
7289,development,0,0.15647691970208794
7290,holdout,1,0.7088798238562954
7291,holdout,0,0.17002480993238608
7292,holdout,0,0.2712900394563482
7293,development,1,0.12872039902296686
7294,holdout,1,0.3326943609055185
7295,holdout,0,0.13903133726313036
7296,development,0,0.09126313509735853
7297,holdout,0,0.11114473070146588
7298,development,0,0.11650896240983585
7299,development,0,0.10220585858095385
7300,development,1,0.2148923400701004
7301,holdout,0,0.401447058759132
7302,development,0,0.15251382255820098
7303,development,0,0.21849761267722947
7304,holdout,1,0.4251475032660707
7305,holdout,1,0.06568123486623383
7306,development,0,0.07749613378057989
7307,holdout,0,0.12335003164545287
7308,development,0,0.10893786759254771
7309,development,0,0.1275906793840783
7310,development,1,0.35010179408953485
7311,holdout,1,0.13167499804928295
7312,development,0,0.12157043518594202
7313,development,0,0.2415767054323383
7314,development,0,0.1324904507869779
7315,holdout,0,0.22938351389140446
7316,holdout,0,0.15981975747788713
7317,development,0,0.0972970193147209
7318,development,0,0.2517174284969277
7319,development,0,0.07523200094170399
7320,holdout,0,0.12096906219225657
7321,development,1,0.6675487528745148
7322,development,0,0.15874605171216796
7323,development,0,0.2783984489704285
7324,holdout,0,0.03749982623006345
7325,development,1,0.6642909808051546
7326,development,1,0.5554524643004463
7327,holdout,1,0.5986453681632391
7328,holdout,0,0.12996291622752798
7329,holdout,1,0.25280079956146656
7330,holdout,0,0.1882200678864318
7331,development,0,0.18495750858671334
7332,development,0,0.1519758804080598
7333,holdout,0,0.11788710368735324
7334,holdout,0,0.13076613473609192
7335,development,0,0.12324035053358194
7336,development,0,0.2811898678578221
7337,development,0,0.14248151205742307
7338,development,0,0.07297070442957865
7339,holdout,0,0.02608653797942534
7340,development,0,0.153779741886889
7341,development,1,0.635101125543806
7342,development,1,0.7893570859081113
7343,holdout,1,0.28572945421892754
7344,development,0,0.162573986325543
7345,development,0,0.1286971279963254
7346,development,1,0.4250548100683785
7347,development,0,0.37367208302901805
7348,development,0,0.1605219878067956
7349,holdout,0,0.18127721497415505
7350,development,1,0.0820610837689934
7351,development,0,0.11699080077221748
7352,development,0,0.25568670392557474
7353,holdout,0,0.13361256284479814
7354,development,0,0.1826964028402302
7355,development,0,0.0791546377377414
7356,development,0,0.11958291776013143
7357,holdout,0,0.12433095396419837
7358,development,0,0.14263665305003284
7359,development,0,0.12084266861792305
7360,development,1,0.16804255310229618
7361,development,0,0.10049426081208292
7362,development,1,0.5703749567120282
7363,development,0,0.21605832047918094
7364,development,1,0.3250458129880629
7365,holdout,1,0.675617148372873
7366,holdout,0,0.4655189912006751
7367,development,1,0.4231202582654177
7368,development,0,0.4014837653134303
7369,development,1,0.6945105297362612
7370,holdout,1,0.1574872621643126
7371,holdout,1,0.5865046187635844
7372,holdout,0,0.12367044885958156
7373,development,0,0.12113750408047122
7374,holdout,0,0.15942403225115173
7375,development,0,0.09485433112842415
7376,development,0,0.11359656072481641
7377,development,0,0.10643178007799649
7378,development,0,0.09922085103137512
7379,development,0,0.2063184028364018
7380,development,0,0.11652835742575966
7381,holdout,1,0.2682018613948388
7382,development,0,0.07019995578393207
7383,development,0,0.432703541198014
7384,development,0,0.14316883493072882
7385,development,1,0.7863449008552911
7386,development,1,0.10750320703693983
7387,development,1,0.17737787416954368
7388,development,1,0.11882441055278256
7389,development,0,0.10677176140755183
7390,holdout,0,0.11609065767969019
7391,holdout,0,0.08755443795616727
7392,development,0,0.1804810483951201
7393,development,0,0.13047518824424137
7394,development,1,0.8095235516070802
7395,holdout,1,0.141302749696868
7396,holdout,0,0.11231278013537116
7397,development,0,0.3585087820687186
7398,development,0,0.1464872440503203
7399,holdout,0,0.6058272621583992
7400,holdout,0,0.20386763417817302
7401,development,0,0.07137107202127864
7402,development,0,0.15596419889637586
7403,development,0,0.11165227461638907
7404,development,0,0.1142440032366296
7405,holdout,0,0.07617085077563801
7406,development,1,0.09166721219129492
7407,development,0,0.11256360179742333
7408,holdout,0,0.10380960647376365
7409,development,0,0.3450613684094146
7410,holdout,0,0.1665499837027267
7411,development,1,0.4221604100265699
7412,development,1,0.06637695299485656
7413,holdout,0,0.12370267067712896
7414,development,0,0.13347108485363093
7415,holdout,0,0.1864303455888963
7416,development,0,0.4177079759757915
7417,development,1,0.12678409898766077
7418,holdout,0,0.09818957351627706
7419,development,0,0.1472545086266953
7420,development,0,0.10259681260414878
7421,development,0,0.17579207276286307
7422,development,0,0.12247683055978494
7423,development,0,0.16358818442311665
7424,development,0,0.14872161234892958
7425,development,0,0.36785719171665104
7426,development,0,0.13724598759542875
7427,development,0,0.1227213170305197
7428,development,0,0.15888665473788235
7429,development,0,0.15873983456173202
7430,development,0,0.1401279800973555
7431,holdout,0,0.11819993665757583
7432,development,1,0.7372875380422566
7433,development,0,0.16148889708985026
7434,holdout,0,0.10186239649513106
7435,development,0,0.11848464819735013
7436,holdout,0,0.1511853355409475
7437,holdout,1,0.29337504831560995
7438,holdout,0,0.12240969868512926
7439,development,0,0.12011789784170773
7440,holdout,0,0.3605440076879311
7441,holdout,0,0.1531260366486169
7442,holdout,1,0.7332060851653801
7443,development,1,0.10008287851615154
7444,development,1,0.6243603577302045
7445,development,0,0.11626241835821344
7446,holdout,0,0.12437409308262083
7447,development,1,0.4293060517684691
7448,holdout,0,0.13592752484171508
7449,development,0,0.411406745870008
7450,development,1,0.40942031899882686
7451,development,0,0.12827131310255763
7452,development,0,0.1033368060768031
7453,development,1,0.07733902649221867
7454,development,1,0.35230504523845885
7455,development,0,0.061181941186841046
7456,development,1,0.44481641276744033
7457,holdout,0,0.26614615021429433
7458,holdout,1,0.26246919485466086
7459,holdout,0,0.5067358696237734
7460,development,0,0.11183358266980326
7461,development,1,0.07140323319563335
7462,holdout,0,0.12320392230693887
7463,development,1,0.20408174205841195
7464,development,0,0.27527762991766963
7465,holdout,1,0.31601858157100865
7466,holdout,0,0.13569434473703815
7467,development,0,0.12948566228602032
7468,development,0,0.13300567203526817
7469,development,0,0.11455725448628074
7470,holdout,0,0.17745705102612566
7471,development,0,0.16163864978041123
7472,development,0,0.37613450383673264
7473,development,0,0.10101378708643785
7474,holdout,0,0.1085856399905451
7475,development,0,0.17610493553765927
7476,development,0,0.12449117426180725
7477,development,0,0.1064865367430687
7478,development,0,0.10246515693299343
7479,holdout,0,0.12898386751467994
7480,development,0,0.09818527875199806
7481,development,1,0.4209824643518764
7482,development,1,0.10148684359733774
7483,holdout,0,0.16546631757774946
7484,development,1,0.44518243351792763
7485,development,1,0.5930071661736585
7486,development,0,0.198978015505939
7487,holdout,0,0.13015391499475806
7488,development,0,0.10239742310169503
7489,development,0,0.11724666470981307
7490,development,0,0.10664115492520032
7491,development,0,0.1122289240729912
7492,development,0,0.16267308484494286
7493,development,0,0.11152811759725491
7494,development,0,0.08219708198445959
7495,holdout,0,0.11189556346326841
7496,development,0,0.11109417198414452
7497,development,0,0.12803711256256994
7498,holdout,1,0.11474293650066014
7499,development,0,0.17265619239761038
7500,development,0,0.1263307177035541
7501,holdout,0,0.10273940591875515
7502,development,0,0.13985879358901088
7503,development,0,0.10943028124854598
7504,development,0,0.15451373122522444
7505,development,1,0.1610328087309811
7506,development,1,0.1347656424320181
7507,holdout,0,0.10387449104483402
7508,development,1,0.1972934615351546
7509,development,0,0.45778131316990894
7510,development,0,0.12529235287081875
7511,development,0,0.26451295508876743
7512,development,1,0.4732767102443086
7513,holdout,0,0.13652915887335698
7514,holdout,0,0.1935230418065311
7515,development,0,0.042755856001560184
7516,development,0,0.6913946577868774
7517,development,0,0.08005576202143296
7518,holdout,1,0.18505579124487323
7519,development,0,0.2110937675122526
7520,development,0,0.13884250009497096
7521,development,0,0.6943257460964736
7522,development,0,0.18013245361696872
7523,development,0,0.12312257815698749
7524,development,1,0.16893354834131158
7525,development,1,0.16158048771986036
7526,development,0,0.1335084214534408
7527,holdout,0,0.1193378676100688
7528,development,0,0.12901197712418633
7529,development,0,0.15713653673327452
7530,development,1,0.22444200642642784
7531,holdout,0,0.08749098539046486
7532,development,0,0.07145582089182666
7533,development,0,0.13541191696841764
7534,development,0,0.16784562373563844
7535,development,0,0.3260294256401093
7536,development,1,0.7327449582479206
7537,holdout,0,0.10266901115677683
7538,development,0,0.34273066768334615
7539,development,0,0.1430012419649215
7540,development,0,0.30189229789656563
7541,development,0,0.38677791205307305
7542,holdout,0,0.4138031472785132
7543,development,0,0.10857782123503665
7544,development,0,0.10540368923065663
7545,development,0,0.08114442419136415
7546,development,1,0.21838523906626056
7547,development,0,0.3451497938014815
7548,development,0,0.23307994790009626
7549,holdout,1,0.3683913648933711
7550,development,0,0.2630527289088767
7551,development,0,0.3945058776336832
7552,development,0,0.11250231568567662
7553,development,0,0.07784909692790949
7554,development,1,0.1262021170804889
7555,development,0,0.12318639534101875
7556,development,1,0.5148142162313982
7557,holdout,0,0.3734652391254782
7558,holdout,0,0.1751575308348563
7559,development,0,0.11996810544460614
7560,holdout,0,0.11734959061801017
7561,holdout,0,0.16215762792279748
7562,holdout,1,0.27925414351126737
7563,development,0,0.13371156654196456
7564,holdout,1,0.1203475967171818
7565,development,0,0.0901910290561373
7566,development,1,0.7693284358662493
7567,development,0,0.18116355895563097
7568,holdout,0,0.154195136869196
7569,development,0,0.13923434776326699
7570,holdout,0,0.09245045164932827
7571,holdout,1,0.45286776765817416
7572,development,1,0.13648000102820143
7573,holdout,0,0.09826470594680249
7574,holdout,1,0.14479906366152226
7575,holdout,0,0.11610085656769827
7576,development,1,0.6261260857815895
7577,development,0,0.15432605396468696
7578,development,0,0.24184803337120656
7579,holdout,0,0.12947613904633917
7580,development,1,0.1314262295855468
7581,development,0,0.10011486449605782
7582,development,0,0.10689879953060845
7583,development,1,0.3205570181492214
7584,holdout,0,0.12608394002918386
7585,development,1,0.27569931899332695
7586,development,0,0.3062638845784506
7587,holdout,1,0.22626756547867558
7588,holdout,1,0.3323041544289065
7589,development,0,0.17226215114071558
7590,development,0,0.13476242821978254
7591,development,0,0.16784719750720922
7592,holdout,0,0.09764610416546363
7593,development,0,0.15006288907815651
7594,holdout,1,0.12018694619514635
7595,holdout,0,0.18003766790882683
7596,holdout,0,0.15723112194843628
7597,development,1,0.650117974282901
7598,development,1,0.09001485377686914
7599,development,1,0.450148396449053
7600,development,0,0.11313568369783854
7601,development,0,0.11724650710657007
7602,holdout,0,0.20438433354473612
7603,development,0,0.1348198630022321
7604,development,0,0.1090874501851081
7605,holdout,0,0.17213203419565903
7606,development,0,0.26644489055340514
7607,development,0,0.14466181925975918
7608,holdout,0,0.17350923659657438
7609,development,0,0.30422061031827075
7610,development,0,0.14697024018630891
7611,holdout,0,0.07578620415952417
7612,development,0,0.16441826294393122
7613,holdout,0,0.07580946286629829
7614,holdout,0,0.10786164599855848
7615,development,0,0.15416370519307956
7616,development,0,0.11911058241502388
7617,development,1,0.67144891617245
7618,development,0,0.6352508715290087
7619,holdout,0,0.8166027698720869
7620,development,0,0.11879038698081949
7621,development,0,0.2121512429915113
7622,development,0,0.16284379097932153
7623,development,0,0.08864257366572542
7624,development,1,0.1666575754317183
7625,development,0,0.18829471927275138
7626,development,0,0.11389360354299735
7627,holdout,0,0.11184602569674157
7628,holdout,1,0.13323837899365248
7629,development,1,0.126255686506749
7630,development,1,0.3115307578698518
7631,development,0,0.08829615907108845
7632,holdout,1,0.11150102334341451
7633,development,1,0.689506726921755
7634,development,0,0.13048807267168785
7635,development,0,0.09424316721996497
7636,development,0,0.11015774387743658
7637,development,0,0.12461411092583953
7638,development,0,0.1802294236508345
7639,development,0,0.11338297713453718
7640,holdout,0,0.2774055069881459
7641,development,0,0.3708762164375664
7642,development,0,0.7337969271550272
7643,holdout,0,0.08741663525252225
7644,development,0,0.14636307714968397
7645,development,0,0.293785387405302
7646,development,0,0.0892339303406521
7647,development,0,0.030651530028037124
7648,holdout,1,0.22343736190751978
7649,holdout,0,0.13975445809756729
7650,holdout,1,0.20877628410693086
7651,development,0,0.13177825459888684
7652,development,0,0.1213476304544391
7653,development,1,0.5998356654753595
7654,development,0,0.08993276626543847
7655,development,0,0.13675199787660436
7656,holdout,1,0.47883853687703853
7657,holdout,0,0.08498608566569887
7658,development,0,0.2851337204111392
7659,holdout,0,0.5144551322961085
7660,development,0,0.09503532577949207
7661,development,0,0.09244237782060717
7662,holdout,0,0.16314988221053173
7663,development,0,0.2370138522301712
7664,holdout,0,0.09664516464544493
7665,development,1,0.44092809222882334
7666,development,0,0.15602290955174675
7667,development,0,0.1431712336931198
7668,holdout,0,0.24539411135461117
7669,development,0,0.12952653175250614
7670,holdout,0,0.14286432054176448
7671,development,1,0.5881566364235957
7672,holdout,1,0.7673138690730323
7673,development,1,0.5988205220027877
7674,holdout,1,0.12815530431894512
7675,development,0,0.24944560412788716
7676,development,0,0.020779109038523882
7677,development,1,0.3015293041898367
7678,development,0,0.19974181143031383
7679,development,0,0.14696583277927894
7680,holdout,0,0.10730968499445748
7681,development,1,0.7605064295061117
7682,development,0,0.12742219803877186
7683,development,0,0.21564293810233992
7684,holdout,0,0.2860287440225114
7685,development,0,0.13558165063811478
7686,development,0,0.11697395139014989
7687,development,0,0.11445933862404928
7688,development,0,0.10808794745371007
7689,holdout,1,0.20061062127613047
7690,development,0,0.15022266786677776
7691,development,0,0.1442294470331826
7692,development,0,0.2150817524949873
7693,development,0,0.12368292544149546
7694,development,1,0.44642834526062336
7695,development,0,0.11702244238199895
7696,development,0,0.11133419190959509
7697,development,1,0.7142093296037672
7698,development,0,0.11608718798492426
7699,development,0,0.4597637411759479
7700,development,0,0.1340862131880672
7701,holdout,0,0.04211775637480376
7702,development,1,0.08005161930427204
7703,development,0,0.05928437679724621
7704,development,0,0.12217015458795322
7705,development,0,0.1467949447140966
7706,development,0,0.40918222256454956
7707,holdout,0,0.1222130670988633
7708,development,1,0.4082849919555839
7709,development,0,0.18628594441887406
7710,development,0,0.1454073798958881
7711,development,0,0.1489785043137994
7712,development,0,0.2541014806626895
7713,development,0,0.19689744300776071
7714,holdout,0,0.11108896059002156
7715,holdout,1,0.4181729995895574
7716,development,0,0.12988493537054854
7717,holdout,0,0.18913269205255176
7718,development,0,0.09342031586046598
7719,holdout,0,0.7203850541786179
7720,holdout,0,0.16729762794230613
7721,development,0,0.10837587019383466
7722,holdout,0,0.14485705132667423
7723,holdout,1,0.8001982242905478
7724,development,0,0.11683848547804121
7725,development,0,0.10935922775200793
7726,development,0,0.18532657617638784
7727,development,0,0.11087896840143993
7728,development,0,0.17218879931168332
7729,holdout,0,0.29407373336654674
7730,development,0,0.15652331587754625
7731,development,0,0.2693683436088547
7732,development,0,0.3063443483235656
7733,holdout,1,0.7596771366920898
7734,holdout,1,0.7822454735163529
7735,development,0,0.22252339261789744
7736,development,0,0.12737700157852477
7737,development,1,0.2553864198783816
7738,development,1,0.14939712241405914
7739,holdout,0,0.14142371668134793
7740,holdout,1,0.30708260418266337
7741,development,0,0.1197349892899771
7742,development,0,0.08694807143946916
7743,development,0,0.29814793787308524
7744,development,0,0.7813301120428756
7745,development,0,0.12099488805686869
7746,holdout,0,0.10627801640307087
7747,holdout,1,0.11522008302068396
7748,development,0,0.13111921772162802
7749,development,0,0.7417983142438426
7750,holdout,0,0.2276417554211713
7751,development,0,0.07627257267136876
7752,development,0,0.08694053359374765
7753,development,0,0.12247509117879561
7754,development,0,0.10330000310726203
7755,development,1,0.45113941769599014
7756,development,0,0.2542164008822242
7757,development,0,0.14711324283560348
7758,holdout,0,0.13006358412335453
7759,development,0,0.14361481742919566
7760,development,0,0.11317026218991723
7761,development,0,0.3852375342322137
7762,holdout,1,0.06736455181406505
7763,development,0,0.11255019618742412
7764,development,1,0.7695065335047353
7765,development,0,0.18563576107498378
7766,development,0,0.09912785908133415
7767,development,1,0.6333200732219566
7768,holdout,0,0.1196833413908041
7769,development,0,0.13483949410313933
7770,holdout,0,0.14762990114904634
7771,development,0,0.12786420760187106
7772,development,0,0.2833199293466516
7773,holdout,1,0.654857601848074
7774,development,1,0.14886856527802117
7775,holdout,0,0.05649402317553045
7776,development,0,0.15175294679258716
7777,holdout,0,0.11910268704303303
7778,holdout,0,0.36144313890259
7779,development,0,0.34941711725638835
7780,development,0,0.10525235030982244
7781,development,0,0.13442859020585232
7782,holdout,1,0.3001045536240183
7783,holdout,0,0.09358827533956007
7784,holdout,0,0.1291586188430103
7785,development,1,0.15533187813925367
7786,development,0,0.10924887647609706
7787,development,0,0.033040855835821815
7788,holdout,0,0.1537082346719923
7789,holdout,1,0.13095140735326488
7790,holdout,0,0.08145924674374808
7791,development,0,0.14339650496319234
7792,development,0,0.48288125603675264
7793,development,1,0.6187024440286772
7794,holdout,1,0.4042043496401874
7795,holdout,0,0.1434080388756321
7796,holdout,0,0.0721926974143101
7797,holdout,0,0.22579946995458072
7798,holdout,0,0.12798563266791316
7799,development,0,0.1557640572475132
7800,development,0,0.06635879277016203
7801,development,0,0.24401950624211555
7802,development,0,0.16173499478012462
7803,development,0,0.14828509906038015
7804,holdout,0,0.17963701383837344
7805,holdout,0,0.14980922981844053
7806,development,0,0.155157424842549
7807,development,0,0.1927030141869795
7808,holdout,0,0.3290536770869647
7809,development,0,0.1206485370520961
7810,development,0,0.11626874693414065
7811,development,0,0.1407445551686481
7812,development,0,0.08067880128650123
7813,development,0,0.542503992611361
7814,holdout,0,0.120411769708066
7815,holdout,1,0.12768506607646396
7816,development,0,0.11046965568473799
7817,development,0,0.6818541069276416
7818,development,1,0.10893117939341343
7819,holdout,0,0.17315301942483333
7820,development,1,0.729285570051501
7821,development,0,0.06258733025002453
7822,development,0,0.3062649386971135
7823,development,0,0.15866625402664586
7824,development,0,0.4940607617885429
7825,development,0,0.0848670800046399
7826,development,0,0.17177811517366576
7827,development,0,0.1036503845861316
7828,development,0,0.12270845986101857
7829,development,1,0.7090952970611905
7830,development,0,0.13092627231715528
7831,holdout,0,0.1333299372850428
7832,holdout,1,0.4047650631463761
7833,holdout,0,0.09664659534210365
7834,development,1,0.5553985217035387
7835,development,0,0.38792483215045376
7836,development,0,0.13067457398106724
7837,holdout,0,0.3360263987028527
7838,development,1,0.36774159453051447
7839,development,0,0.1247628771658399
7840,development,0,0.10477369644739688
7841,development,0,0.3959671250065583
7842,development,0,0.18430070966879988
7843,development,0,0.105798742958618
7844,development,1,0.39672349795384204
7845,development,0,0.14704035887622205
7846,development,1,0.1116850942837683
7847,development,0,0.4028511592076181
7848,holdout,0,0.33083472939258424
7849,holdout,0,0.1302534646598181
7850,development,0,0.13048526769185437
7851,holdout,0,0.13670144571098436
7852,holdout,0,0.12494259189928623
7853,development,0,0.08849700416626344
7854,development,0,0.20105448781127694
7855,holdout,1,0.7401328131314051
7856,development,0,0.2037472090446278
7857,development,0,0.3916128755267216
7858,holdout,0,0.5340299233093077
7859,holdout,0,0.29064842045587785
7860,development,0,0.2948416871193583
7861,holdout,0,0.17392541338055834
7862,development,0,0.1647250931623676
7863,development,0,0.8002938044129287
7864,development,0,0.7388351136830639
7865,development,0,0.2311582965411198
7866,holdout,1,0.1547536280828417
7867,development,0,0.097251779733544
7868,development,0,0.05283820369755668
7869,holdout,1,0.2754919534817819
7870,development,0,0.09043804367600759
7871,holdout,1,0.32253121959184866
7872,development,0,0.20966322543747337
7873,development,1,0.7639656647083256
7874,holdout,0,0.2711273370368345
7875,development,0,0.09435802453171142
7876,development,0,0.16385669503375183
7877,development,1,0.7006723120729825
7878,development,1,0.19274869754977753
7879,development,1,0.11730739910753361
7880,holdout,1,0.7238402016591445
7881,development,0,0.11561815521583356
7882,development,1,0.12442037242979113
7883,development,0,0.0967483789463884
7884,holdout,0,0.1331192549357962
7885,development,0,0.1810066245418996
7886,development,0,0.10848873992316194
7887,development,1,0.323693143563272
7888,development,1,0.6941340519433356
7889,development,0,0.07796963760269793
7890,development,0,0.07511516198722282
7891,holdout,0,0.11475941137043416
7892,holdout,0,0.19238465207193345
7893,development,0,0.16483251037046148
7894,holdout,0,0.12675295748403984
7895,development,0,0.13968841522230205
7896,holdout,1,0.21535203613816026
7897,development,0,0.24550645937040372
7898,development,0,0.08212491862295036
7899,development,0,0.60895806619081
7900,holdout,0,0.15866753460095467
7901,development,0,0.13391730572762253
7902,development,0,0.4179551590172257
7903,holdout,0,0.14048804207101703
7904,holdout,1,0.6738354175253808
7905,development,0,0.10091079452861465
7906,development,0,0.38592117255200964
7907,development,0,0.10825459982710621
7908,holdout,0,0.14608196823165126
7909,development,0,0.37479426425160906
7910,development,0,0.15999756693943692
7911,holdout,1,0.3710251190091686
7912,holdout,0,0.16139688599123814
7913,holdout,0,0.13666787425108848
7914,development,0,0.15325053384161602
7915,holdout,0,0.10150491928731768
7916,development,1,0.2882246291698273
7917,development,0,0.12592222652801277
7918,holdout,0,0.11107190816738455
7919,development,1,0.44018751783173393
7920,development,1,0.7673869999411761
7921,development,0,0.3152014963584845
7922,development,0,0.2715451913144932
7923,development,0,0.12747240610685961
7924,development,0,0.13121976812786135
7925,development,0,0.28632945263952775
7926,holdout,0,0.15239739657983534
7927,development,0,0.0820778935251705
7928,development,0,0.12117823729499523
7929,development,0,0.11414744533168131
7930,holdout,0,0.0812045240685174
7931,holdout,0,0.3225488980673838
7932,development,1,0.3807891676002801
7933,development,0,0.12581918602071393
7934,development,0,0.6184489174774492
7935,development,0,0.0711266054847125
7936,development,0,0.528724313597539
7937,holdout,0,0.1404545886246825
7938,development,0,0.0898370849447243
7939,development,0,0.11540392049551867
7940,holdout,0,0.10693382191013942
7941,holdout,1,0.18645165851969092
7942,development,0,0.10989438835283158
7943,development,0,0.07994552915951303
7944,holdout,1,0.574143972527579
7945,development,1,0.0991584842058369
7946,holdout,1,0.11345802076359489
7947,development,0,0.14842695049328877
7948,development,0,0.16184896176432387
7949,holdout,0,0.23761853027886473
7950,holdout,0,0.13458599953348843
7951,holdout,1,0.37382512246426325
7952,development,0,0.23966494101514982
7953,holdout,0,0.3963291709874288
7954,holdout,0,0.2798739771803089
7955,development,0,0.07489488561703307
7956,holdout,1,0.6280823579140414
7957,development,0,0.11637991159000267
7958,development,0,0.4447171550808931
7959,development,1,0.10557418854364028
7960,development,0,0.14179276817556263
7961,development,1,0.344254656776757
7962,development,0,0.08389651672644956
7963,holdout,1,0.5730931894696806
7964,development,0,0.2938143510722729
7965,development,0,0.12834241493487272
7966,development,0,0.1222599571570921
7967,development,0,0.7002853064968669
7968,development,0,0.10343569909621651
7969,development,1,0.1294111099236703
7970,holdout,0,0.11675116746175572
7971,holdout,0,0.2918342780696846
7972,development,0,0.14067474606673855
7973,holdout,1,0.17150846541379527
7974,holdout,1,0.11799759459005092
7975,development,0,0.12993224756208102
7976,development,0,0.1539564719098372
7977,development,0,0.14971607353205565
7978,development,0,0.2817148313999138
7979,holdout,0,0.1020026243195261
7980,development,0,0.12575991165804237
7981,development,1,0.9752713073561105
7982,development,0,0.09217324066414978
7983,development,0,0.21070734751071424
7984,development,0,0.1282347954620257
7985,development,0,0.2779493714504158
7986,development,0,0.08166789222776824
7987,holdout,0,0.12333628587027501
7988,holdout,0,0.20602143155382174
7989,development,0,0.08755066337397803
7990,development,0,0.11407399307875127
7991,development,0,0.1210343437153016
7992,holdout,1,0.49953020748613075
7993,development,1,0.3382886281218472
7994,development,1,0.11291371097458872
7995,development,1,0.12382023817371783
7996,development,0,0.31257857982843207
7997,development,0,0.07006120691863008
7998,holdout,0,0.12418771541004221
7999,development,1,0.19612672655034727
8000,development,0,0.15607620042457276
8001,development,0,0.2888456652703504
8002,holdout,0,0.16403869412143063
8003,development,0,0.3031608442386263
8004,development,0,0.5855967146239874
8005,development,1,0.1865389420686701
8006,development,0,0.2518096793836075
8007,development,0,0.07778416102087557
8008,development,0,0.1759832797695439
8009,development,0,0.12517967338798278
8010,development,0,0.13630575920336163
8011,development,0,0.37130803587278155
8012,development,0,0.13731006765490708
8013,holdout,1,0.219351440828851
8014,holdout,0,0.11190503000208989
8015,holdout,0,0.09133591781688984
8016,holdout,0,0.6359822398947695
8017,development,1,0.14130508639015602
8018,holdout,1,0.15074592923852317
8019,development,0,0.23685961809579825
8020,development,0,0.1174757334777234
8021,development,0,0.10783913559747348
8022,development,0,0.05832133932898458
8023,development,0,0.15199755665091724
8024,development,1,0.11931358108693153
8025,development,1,0.13107489447686388
8026,development,0,0.11383362036754177
8027,holdout,0,0.1015582205898335
8028,development,0,0.0939636314724349
8029,development,1,0.530103557333007
8030,development,0,0.1821042588108062
8031,holdout,0,0.3232473932665722
8032,development,0,0.16946034310052482
8033,holdout,1,0.13539186206476242
8034,holdout,0,0.12889785123557562
8035,development,0,0.19969847534631308
8036,holdout,0,0.4172839360110849
8037,development,0,0.13407576333017118
8038,development,0,0.13695431497501667
8039,holdout,1,0.200071034382183
8040,holdout,0,0.377127568782129
8041,development,0,0.1314949124147608
8042,holdout,0,0.18093006887692076
8043,holdout,0,0.17704277866058055
8044,development,0,0.3992417434361332
8045,holdout,0,0.13479600626902571
8046,holdout,0,0.2037884490386102
8047,development,0,0.2632277531145645
8048,development,0,0.36803090407422634
8049,development,0,0.22188572015531252
8050,development,1,0.1561075373012003
8051,development,1,0.13260325678760815
8052,holdout,0,0.48752184807147547
8053,development,0,0.15210582273885506
8054,development,0,0.10210315886828249
8055,development,1,0.4958086118032853
8056,development,0,0.1273804713147744
8057,development,0,0.10644615723190394
8058,holdout,0,0.10847237117792102
8059,development,0,0.1156250805063947
8060,development,0,0.09205959260397063
8061,holdout,0,0.13792444337868717
8062,development,1,0.13408773237995653
8063,development,0,0.18315913141646037
8064,holdout,0,0.13924117410238526
8065,development,0,0.6202778309631612
8066,development,0,0.11141270076006711
8067,development,1,0.3766405901535951
8068,development,0,0.1210981764622982
8069,development,1,0.2903078162447061
8070,development,0,0.09964913918193757
8071,holdout,0,0.11660029588789746
8072,holdout,1,0.3123226658797032
8073,holdout,0,0.12560905023875119
8074,holdout,0,0.19501607506067833
8075,development,0,0.19300782479703657
8076,holdout,0,0.38448076742704207
8077,development,0,0.15932896854103015
8078,development,1,0.4448529979118291
8079,development,1,0.2822628242325556
8080,development,0,0.06631675144824013
8081,development,1,0.6601743387508552
8082,holdout,0,0.11237675380106932
8083,holdout,0,0.20321723469962535
8084,development,0,0.6909572601991317
8085,development,0,0.29966400796945253
8086,development,1,0.08624996679319476
8087,holdout,0,0.16674832240661758
8088,development,0,0.11899242189225312
8089,development,0,0.3299760524169861
8090,development,1,0.4862850632721279
8091,development,0,0.19804822405120281
8092,holdout,0,0.16239676414045143
8093,holdout,1,0.7469974832257077
8094,holdout,1,0.4152831483093392
8095,development,0,0.2879513786005161
8096,development,0,0.10364607160717197
8097,development,1,0.7149391688976663
8098,development,0,0.20864154669759932
8099,development,0,0.1428382799024281
8100,development,0,0.1596726295596807
8101,development,0,0.12221722459824491
8102,holdout,0,0.12545169855365942
8103,development,1,0.09768908151285814
8104,development,0,0.4273694113939362
8105,development,0,0.10552283610463893
8106,development,0,0.3853323247643667
8107,development,0,0.41366434742981334
8108,holdout,0,0.11425526364148336
8109,holdout,0,0.15057779663206616
8110,development,1,0.3193762514365598
8111,holdout,1,0.15137531354415165
8112,development,1,0.3507255883720358
8113,development,0,0.14182138104539366
8114,development,0,0.6581637445098973
8115,development,0,0.1688798884573719
8116,development,0,0.3370073342154696
8117,holdout,0,0.22532912217326323
8118,holdout,0,0.2559478348003393
8119,holdout,1,0.06119825006564057
8120,development,1,0.7894804586898845
8121,holdout,0,0.11371375929990536
8122,holdout,0,0.12029070958917235
8123,holdout,1,0.4291900247324476
8124,development,1,0.13586520470109764
8125,development,0,0.07496543281516771
8126,development,0,0.1609733936536776
8127,development,0,0.09303551718990227
8128,development,0,0.1362353955965307
8129,development,0,0.3943301659007444
8130,holdout,0,0.12070721433161415
8131,holdout,0,0.14068924799805074
8132,development,1,0.19854425702582673
8133,holdout,0,0.14772717983639283
8134,development,0,0.26824750111036694
8135,development,0,0.16373144331283782
8136,holdout,0,0.10977883897561144
8137,holdout,0,0.12315580323753517
8138,development,0,0.08060633728775013
8139,development,0,0.16619924637395106
8140,development,0,0.21482923505199158
8141,holdout,0,0.1510808717416342
8142,holdout,0,0.4200592523213796
8143,development,0,0.2920575026100161
8144,development,1,0.5292034656634789
8145,holdout,0,0.13147964634138282
8146,holdout,0,0.3665895678893752
8147,development,1,0.12383675266665445
8148,holdout,0,0.12118384484648653
8149,development,1,0.10759692454285821
8150,development,0,0.10919749375231942
8151,holdout,0,0.12979725898857725
8152,development,1,0.5837029740932381
8153,development,0,0.08096951441354724
8154,holdout,1,0.15756533438491419
8155,development,0,0.1470928999350054
8156,development,0,0.08701791605370585
8157,holdout,0,0.4842014017297948
8158,development,0,0.13313703484001602
8159,development,0,0.13500173502926793
8160,holdout,0,0.0801387035645323
8161,holdout,0,0.14223223942916619
8162,development,0,0.2098200679940476
8163,development,0,0.3353956724791459
8164,development,1,0.13256319121180776
8165,holdout,0,0.5313595124575153
8166,development,0,0.29532690622387564
8167,development,0,0.143615432707627
8168,development,0,0.5958539829610796
8169,development,1,0.3556289522544754
8170,development,0,0.20084127752075473
8171,holdout,0,0.14174190907967082
8172,holdout,0,0.18865342622315046
8173,development,0,0.1735620395522743
8174,development,0,0.13685021128056002
8175,holdout,0,0.13427811181736113
8176,development,0,0.4372955515399074
8177,holdout,0,0.15083046987502147
8178,development,0,0.1325549081896797
8179,holdout,0,0.7245988630401655
8180,holdout,1,0.35325629621174864
8181,development,0,0.11772264051940967
8182,development,0,0.14403924937912865
8183,development,0,0.08083563046860591
8184,development,0,0.4147579458772102
8185,development,0,0.17795596231915325
8186,development,0,0.21624518108555102
8187,development,1,0.3227740374213356
8188,development,0,0.2474203333970854
8189,holdout,0,0.11446551552801244
8190,holdout,0,0.11637792623601997
8191,development,0,0.15215400705678397
8192,development,0,0.09056340281661608
8193,development,0,0.1274530883271113
8194,development,1,0.43283538115281045
8195,development,0,0.15991243008304123
8196,holdout,0,0.08197170339468553
8197,holdout,0,0.36075411975833727
8198,development,1,0.13960768882773175
8199,development,0,0.3028495356041643
8200,holdout,0,0.13926635991072364
8201,development,0,0.2882411421412826
8202,development,0,0.10729666383974078
8203,holdout,0,0.13689396768156453
8204,development,0,0.12978942380850378
8205,development,0,0.1759657270774483
8206,development,0,0.07220423856116112
8207,holdout,0,0.38863135168185986
8208,development,0,0.10405604747369569
8209,holdout,0,0.110410365189573
8210,holdout,0,0.13048369172316213
8211,development,0,0.2364794187093573
8212,development,0,0.4823539369853711
8213,holdout,0,0.28196435801180014
8214,development,0,0.11486176890744912
8215,holdout,0,0.19816725958868964
8216,development,0,0.10179552602868154
8217,development,0,0.16594354469974867
8218,development,1,0.30026661961130424
8219,development,0,0.10739088432367717
8220,development,0,0.08483798046034019
8221,holdout,0,0.511993528436562
8222,holdout,0,0.13876032478201952
8223,development,0,0.12847440360482038
8224,development,0,0.12388198563881159
8225,development,0,0.19308743494253824
8226,development,1,0.35805553238603216
8227,development,0,0.1420687962051087
8228,development,0,0.18501484135479454
8229,development,0,0.20047066059829866
8230,development,0,0.0853372447335641
8231,development,0,0.07689018030692428
8232,development,0,0.10357223542873792
8233,development,0,0.14983352712449716
8234,development,0,0.21248276996620957
8235,development,0,0.13611859377972094
8236,development,0,0.2857254717135008
8237,holdout,0,0.07000704330327537
8238,holdout,0,0.1457821026151761
8239,development,0,0.3200154997703889
8240,development,0,0.0913714035878283
8241,development,0,0.1961876905013345
8242,holdout,0,0.135483078194005
8243,development,0,0.13587758653590185
8244,development,0,0.03703335260976986
8245,holdout,1,0.4095567525637121
8246,development,1,0.493152427173917
8247,development,1,0.4528466097167492
8248,development,0,0.1653770999002293
8249,development,0,0.081853862601772
8250,holdout,0,0.13813778088526843
8251,development,0,0.2929314857491652
8252,development,0,0.40181386642707284
8253,holdout,0,0.43220797743968403
8254,development,1,0.30892691206980605
8255,holdout,0,0.32373877228840664
8256,holdout,0,0.2937888260398473
8257,holdout,1,0.40544219223011874
8258,development,0,0.05906520576761148
8259,holdout,1,0.0620710395083122
8260,development,0,0.10350335227930064
8261,development,0,0.17722015908719663
8262,development,0,0.23404720109902383
8263,development,1,0.8681171915798218
8264,holdout,1,0.6045536883645615
8265,holdout,0,0.3071349515721082
8266,development,0,0.21295790994965502
8267,development,0,0.11602443334891116
8268,holdout,0,0.13886880175115165
8269,holdout,0,0.12148523041483879
8270,development,0,0.0886561968506152
8271,holdout,1,0.18869735680669514
8272,development,0,0.10238306785309997
8273,development,1,0.20237535608723486
8274,development,0,0.12288393477679355
8275,development,1,0.6867132601765238
8276,development,1,0.7117169285508025
8277,development,0,0.13363680942736156
8278,development,0,0.5085785833595068
8279,holdout,0,0.03945537777151422
8280,development,0,0.33042378488337476
8281,holdout,1,0.3277585571879981
8282,development,0,0.19510437058092958
8283,development,0,0.1469755171126439
8284,holdout,0,0.3451620796136943
8285,development,1,0.13707195137555786
8286,development,0,0.12312213703437738
8287,holdout,1,0.47751839642345434
8288,holdout,0,0.1347115208116045
8289,development,0,0.11951629258216664
8290,development,0,0.1403274531884773
8291,development,0,0.08221215387690953
8292,development,0,0.13766238569767206
8293,development,0,0.10626498300296944
8294,development,0,0.18308348834596094
8295,holdout,0,0.11792465421648654
8296,development,0,0.10803021404508584
8297,development,1,0.2905651160496633
8298,holdout,0,0.15596137978697855
8299,development,0,0.11172098764523762
8300,development,0,0.13670497993936181
8301,development,0,0.15150150944529187
8302,holdout,0,0.1713923044923742
8303,holdout,1,0.06359653976075737
8304,development,1,0.7922399445764184
8305,development,1,0.7246417039282403
8306,holdout,0,0.20634237926135476
8307,development,1,0.12493697593965152
8308,holdout,0,0.13850393940781078
8309,development,0,0.11294883298209892
8310,development,1,0.08133184457616416
8311,development,0,0.127679368200909
8312,holdout,0,0.1422674680519632
8313,development,1,0.42430547366131266
8314,development,0,0.17741469931717502
8315,development,1,0.6075419822197521
8316,development,0,0.12494504903702194
8317,development,0,0.2926188662469404
8318,development,0,0.06979298140288498
8319,development,0,0.1720617173870754
8320,development,1,0.48426825476429347
8321,holdout,0,0.3052816883916525
8322,holdout,0,0.1405555242358258
8323,development,0,0.3340105914010568
8324,development,0,0.1493577198718585
8325,holdout,0,0.3734864288396637
8326,development,0,0.13849773719661607
8327,development,0,0.09050760843960348
8328,holdout,1,0.09259908705115671
8329,development,0,0.5822422296062802
8330,development,0,0.164852191958092
8331,holdout,0,0.2901845121455263
8332,development,0,0.09995726412461721
8333,development,1,0.7246488329237795
8334,development,0,0.08925701304256876
8335,holdout,0,0.0531406046225472
8336,holdout,0,0.10163398612132805
8337,development,0,0.13550413975950418
8338,holdout,0,0.18782020497632915
8339,development,1,0.11872692363132012
8340,development,1,0.05402898917115201
8341,development,0,0.12923489855859108
8342,development,0,0.21082709982435796
8343,holdout,0,0.15597415249703006
8344,development,0,0.06740665270099626
8345,holdout,1,0.2743811743070795
8346,holdout,0,0.1254368678203747
8347,development,0,0.13696193892043756
8348,development,0,0.12378343310192179
8349,development,0,0.15227800308171655
8350,development,0,0.27589849779992653
8351,holdout,0,0.1347067819851828
8352,development,0,0.14559616912674916
8353,holdout,0,0.18177126163524437
8354,development,0,0.1457575500572488
8355,development,0,0.12140587580156648
8356,development,0,0.13299719665116438
8357,development,0,0.4241092974862467
8358,holdout,0,0.12212460923806913
8359,development,0,0.10954554876310321
8360,development,0,0.06364223444282305
8361,development,0,0.11329662870799981
8362,development,0,0.1572165916343683
8363,holdout,0,0.0965463003097051
8364,development,0,0.41494519893600385
8365,development,0,0.13156065758176883
8366,development,0,0.1357901072004128
8367,development,0,0.09324475551873272
8368,development,0,0.30366613939213666
8369,development,0,0.10793538700149359
8370,development,1,0.12658365107724598
8371,development,0,0.11774549809106657
8372,development,1,0.15868301888001432
8373,development,0,0.11820713668624648
8374,development,0,0.31688220846407056
8375,development,0,0.029324916189247527
8376,development,0,0.30232932920556166
8377,development,0,0.12134714194353727
8378,development,0,0.10593401810297048
8379,development,0,0.11727292230176219
8380,development,0,0.12582171069756715
8381,development,1,0.12986793676347896
8382,holdout,0,0.11215378726240688
8383,development,0,0.1492097790084305
8384,holdout,0,0.16912569217644247
8385,development,1,0.11261537060449153
8386,development,0,0.1697232174433057
8387,holdout,0,0.1548177223600803
8388,holdout,0,0.15116430853416374
8389,development,1,0.4810050625446855
8390,development,1,0.2760492682694052
8391,development,0,0.12309897713414865
8392,holdout,1,0.4908179904086537
8393,holdout,0,0.11670444061819858
8394,development,0,0.23451203501922813
8395,development,0,0.10236239237267322
8396,holdout,0,0.11355119435137011
8397,development,0,0.16973773180517868
8398,development,0,0.1520055264116421
8399,development,0,0.1345780092517486
8400,development,0,0.3551417844284967
8401,holdout,0,0.14849450253206609
8402,holdout,1,0.3024944591162388
8403,development,0,0.3773764025128506
8404,development,0,0.1494957400652084
8405,development,0,0.09907223708185224
8406,development,0,0.12570319903358287
8407,development,0,0.13652463839735082
8408,holdout,0,0.8236696952278055
8409,holdout,0,0.12243765118944588
8410,development,0,0.14287609337206747
8411,development,0,0.10700637575337386
8412,development,1,0.8523342909445819
8413,holdout,1,0.16278251843653124
8414,holdout,0,0.0781657435993888
8415,development,0,0.30931854583272705
8416,development,0,0.15584943728481127
8417,development,1,0.8528145806963185
8418,holdout,1,0.7846468879347717
8419,development,0,0.12401142673610596
8420,development,1,0.1530125818430314
8421,holdout,0,0.11709515283648718
8422,holdout,0,0.1220241024669455
8423,holdout,0,0.1144246111750796
8424,development,1,0.38894920714413767
8425,development,0,0.18414952058534856
8426,holdout,0,0.13929834753293668
8427,holdout,0,0.19313839158024063
8428,development,0,0.13835518551500847
8429,development,0,0.1018991039057528
8430,holdout,0,0.0845077918477491
8431,holdout,0,0.12756003266369
8432,holdout,0,0.11024248436652324
8433,development,0,0.11486903606526756
8434,holdout,1,0.14512375049092227
8435,development,0,0.11278604538704913
8436,development,0,0.3170423639900507
8437,development,0,0.11496987052838406
8438,development,1,0.12107387951171944
8439,development,0,0.0795651308754463
8440,development,0,0.13993130815540802
8441,holdout,0,0.19448406837779808
8442,development,1,0.7170801380609533
8443,development,0,0.14638496001738266
8444,development,0,0.13827766234660405
8445,development,0,0.07240051899553132
8446,development,0,0.08891687311106666
8447,development,0,0.129020548488564
8448,development,0,0.18173466704090602
8449,development,0,0.3926673883435428
8450,holdout,0,0.17014482467370534
8451,holdout,0,0.14536625138856782
8452,holdout,1,0.4223918162957594
8453,holdout,0,0.09183570668471758
8454,development,0,0.15359147017022323
8455,development,1,0.1521701328261082
8456,development,0,0.17626344981381672
8457,development,0,0.11905594037126634
8458,development,0,0.1365570720125752
8459,holdout,0,0.4092058020676701
8460,development,1,0.1154554406347246
8461,development,0,0.18315311486223612
8462,development,1,0.1842379496370575
8463,development,1,0.5419024168426291
8464,development,0,0.014570798464989581
8465,holdout,0,0.3594111984198343
8466,holdout,1,0.4962270650820485
8467,holdout,0,0.0747785980295288
8468,development,0,0.15044922885553197
8469,development,0,0.13532317348813944
8470,development,0,0.1316041359311862
8471,development,0,0.20752333961809238
8472,holdout,0,0.16545224119661747
8473,development,0,0.24855445650985183
8474,holdout,0,0.22685358935641034
8475,holdout,0,0.12146514536888718
8476,holdout,0,0.26546973663177775
8477,development,0,0.07994776745758575
8478,holdout,0,0.12993773547242293
8479,development,0,0.11637291771582717
8480,holdout,0,0.11023913448331658
8481,holdout,0,0.09922418958505862
8482,holdout,0,0.17603868340676818
8483,holdout,1,0.13044977480013584
8484,development,0,0.2109983828321751
8485,development,1,0.0904907006143861
8486,holdout,0,0.18156010427534758
8487,development,0,0.13012985766618615
8488,holdout,0,0.13688754701772643
8489,development,1,0.6410042694742444
8490,development,0,0.10918973158570061
8491,development,0,0.2482114598774768
8492,development,0,0.1940931116403135
8493,development,1,0.2219407310450442
8494,development,0,0.16873105658339604
8495,development,0,0.2282641189348649
8496,holdout,0,0.40573308539961433
8497,development,0,0.14789660750051123
8498,development,0,0.10389966689454701
8499,development,0,0.12642153195798697
8500,holdout,0,0.31122320212893106
8501,development,1,0.12726359063126438
8502,development,0,0.13140543984149303
8503,development,0,0.3350234714956051
8504,development,0,0.0992900813620568
8505,development,1,0.1570571186992214
8506,development,0,0.3581061481135001
8507,development,0,0.10173619365156125
8508,development,0,0.29735151707170887
8509,holdout,0,0.11079027141589298
8510,development,0,0.1491858678153051
8511,development,0,0.10403306906347905
8512,development,1,0.5689843876741195
8513,development,0,0.07577248138616102
8514,holdout,0,0.08827849086873804
8515,holdout,0,0.1490438356353848
8516,holdout,0,0.11287828837031318
8517,holdout,1,0.5247653372054837
8518,development,0,0.09414267688401544
8519,development,0,0.12584176388817164
8520,development,0,0.5711172778521786
8521,development,0,0.12562053189401953
8522,development,0,0.11738908492748035
8523,development,1,0.14316737245969222
8524,holdout,0,0.10117346943060807
8525,holdout,0,0.44189079805974996
8526,development,0,0.07919430924566323
8527,development,0,0.12235277913235659
8528,development,1,0.17038316946076354
8529,holdout,0,0.14113453322941547
8530,development,0,0.13772138360466657
8531,holdout,0,0.030784906710260043
8532,holdout,0,0.10739349089553375
8533,development,0,0.16558638434701997
8534,development,0,0.1087018583176964
8535,development,0,0.2022541812187837
8536,holdout,1,0.27098198694589914
8537,development,0,0.12616775001167058
8538,development,0,0.3816041447468375
8539,development,0,0.44436737959953293
8540,development,0,0.05705278806402715
8541,development,0,0.14974266123166252
8542,holdout,0,0.2917472176458884
8543,development,0,0.12611451430139461
8544,holdout,0,0.13678072151727363
8545,development,0,0.07602425812637506
8546,holdout,0,0.11353748966822418
8547,development,1,0.49538437938593977
8548,holdout,1,0.2539795734533111
8549,holdout,0,0.30976047864979633
8550,development,1,0.31267632896300657
8551,holdout,0,0.18703996536088616
8552,holdout,0,0.1467633181363888
8553,holdout,0,0.2520736830649911
8554,development,0,0.11986319616506962
8555,development,0,0.1759414790480676
8556,development,0,0.11642067963196091
8557,development,0,0.08500039422672864
8558,development,1,0.5152377204506298
8559,development,0,0.16752360834232496
8560,development,1,0.30420094790801894
8561,holdout,1,0.2025407065659038
8562,holdout,0,0.26941403787567614
8563,holdout,0,0.09925489357328728
8564,development,0,0.0957388443165778
8565,holdout,0,0.03236563059388905
8566,development,0,0.10449672660674848
8567,development,0,0.16870208548286872
8568,holdout,1,0.17401279728256822
8569,development,0,0.11556276438950931
8570,development,0,0.1102691190569928
8571,development,0,0.11298425753814592
8572,development,0,0.13152179280272372
8573,development,0,0.15728858630038678
8574,development,0,0.7368451019470654
8575,development,1,0.12766886209378672
8576,holdout,1,0.029832922307437514
8577,development,0,0.1055897885177954
8578,development,0,0.09539542942541455
8579,development,0,0.12143938038208578
8580,development,0,0.34403492160180466
8581,development,0,0.32319323331739697
8582,development,0,0.13281352521003842
8583,holdout,1,0.48303481847103713
8584,development,1,0.34519207904661237
8585,development,1,0.30044659558333847
8586,development,0,0.13338110434828132
8587,development,0,0.10015094782998915
8588,development,1,0.68293205202889
8589,development,0,0.1349741677161382
8590,development,0,0.19391205346113471
8591,development,1,0.40113364431660326
8592,development,0,0.35358533347115745
8593,development,1,0.19577530315811867
8594,development,1,0.13259551744279813
8595,holdout,0,0.08130312036200957
8596,development,0,0.17063393533889068
8597,development,1,0.5098750142729145
8598,development,0,0.09137919538335482
8599,development,0,0.25034441804252217
8600,development,1,0.10445338127143727
8601,development,1,0.18944017669291444
8602,development,0,0.08806494237823985
8603,holdout,0,0.21562876763973812
8604,development,0,0.15233223110295033
8605,development,0,0.07984347580337675
8606,development,1,0.27590615135428026
8607,holdout,0,0.1724265010744284
8608,development,0,0.4219199776735971
8609,development,0,0.33748288091358764
8610,holdout,0,0.16526215547982478
8611,holdout,0,0.13990185785923456
8612,development,0,0.3062102089903163
8613,holdout,0,0.10467896455683637
8614,development,0,0.1270358879017049
8615,development,0,0.17218970218713706
8616,development,0,0.1235558739123206
8617,development,0,0.2800188419828303
8618,development,0,0.11111856905115342
8619,development,0,0.7365733551086124
8620,holdout,0,0.1527540963003474
8621,development,0,0.34363176742010315
8622,development,0,0.1276339445840608
8623,development,0,0.2142803681194067
8624,development,0,0.1489309755009539
8625,development,1,0.22219156764836667
8626,development,1,0.1830984423698014
8627,holdout,0,0.2812875458280774
8628,development,0,0.14202584141798616
8629,development,0,0.11859383606941004
8630,holdout,0,0.16234449883042812
8631,development,0,0.15348774985590455
8632,development,1,0.7926077976734115
8633,development,1,0.09639959700889533
8634,holdout,1,0.7420540609404174
8635,development,0,0.12075531404550002
8636,holdout,0,0.10377231226008542
8637,holdout,0,0.0752544669719918
8638,development,0,0.27574128359165456
8639,holdout,0,0.11729652874780674
8640,holdout,0,0.08538561954890883
8641,development,0,0.14078051822304496
8642,holdout,1,0.8754300232680324
8643,development,1,0.43783913360420995
8644,development,0,0.3130475651065101
8645,development,1,0.6902603847786806
8646,development,0,0.13518034327207
8647,holdout,0,0.12252405231725003
8648,holdout,0,0.14482893858504495
8649,development,0,0.3262148136341881
8650,holdout,0,0.03005959315783115
8651,development,0,0.11581209258473088
8652,holdout,1,0.4363174698278696
8653,development,0,0.13548812615285166
8654,development,1,0.394846418216604
8655,holdout,0,0.24236520984447396
8656,holdout,0,0.31424750615516933
8657,development,0,0.16374689415399676
8658,development,0,0.11169786350755917
8659,development,0,0.030366450693843187
8660,holdout,1,0.46810306130017204
8661,holdout,0,0.17770107624620418
8662,development,0,0.1416477284217525
8663,development,0,0.10810601443201016
8664,holdout,1,0.15636075882697248
8665,development,0,0.109090004558961
8666,development,0,0.1382500154891065
8667,development,1,0.12128984482693907
8668,holdout,0,0.08735902593912133
8669,development,1,0.13253844947897964
8670,development,1,0.1891534403130308
8671,development,0,0.12742022759340207
8672,development,0,0.16455654921442123
8673,development,0,0.14911916359030744
8674,development,0,0.09608405518142958
8675,holdout,0,0.16545389611586978
8676,holdout,1,0.7607982278805895
8677,holdout,0,0.08190648780345684
8678,holdout,0,0.17270033714682076
8679,development,0,0.13138033707712207
8680,development,0,0.15168599639379074
8681,development,0,0.15627646089871725
8682,development,1,0.15253553294369285
8683,development,1,0.7439518654149894
8684,development,0,0.13623127538849403
8685,development,0,0.0472249112491586
8686,holdout,1,0.1483525642772497
8687,development,1,0.10404537298536837
8688,development,1,0.3611526016535264
8689,development,0,0.18558629832949158
8690,development,0,0.5669767667994532
8691,development,0,0.12413764121199379
8692,development,0,0.16292262880825423
8693,holdout,0,0.13284858280063958
8694,development,0,0.11228135955390081
8695,development,0,0.19866409724205641
8696,holdout,0,0.11624738068634417
8697,development,0,0.13743824200605462
8698,development,0,0.18926725013699142
8699,development,0,0.11104202016030641
8700,holdout,1,0.31978561848260617
8701,development,0,0.14073279238904315
8702,development,0,0.2804984456098135
8703,development,0,0.17317911467220556
8704,development,0,0.24193484670596271
8705,development,1,0.09209188553061147
8706,development,0,0.2576544353509147
8707,development,0,0.12977983026722817
8708,development,0,0.11094180556177428
8709,development,0,0.09839605905062815
8710,holdout,0,0.2805549296687589
8711,holdout,0,0.12420658490438569
8712,development,0,0.21164359649250866
8713,development,0,0.10465442549488853
8714,development,1,0.14543385977441267
8715,holdout,0,0.25788938315313353
8716,holdout,1,0.2824726125106211
8717,development,0,0.10553303528581776
8718,development,0,0.28259607350091315
8719,development,0,0.12007495241756465
8720,holdout,0,0.05078597593418861
8721,holdout,1,0.06952355255287287
8722,development,0,0.1341507794066787
8723,development,1,0.147884440352688
8724,holdout,0,0.11228261515238956
8725,holdout,0,0.3087433036218831
8726,development,0,0.14331973050539543
8727,development,1,0.2883750585803183
8728,holdout,0,0.14105909581115844
8729,development,0,0.1392926772308263
8730,development,0,0.10173403802304766
8731,holdout,1,0.6901906673085294
8732,development,0,0.06350715595042915
8733,development,0,0.225690834176066
8734,holdout,0,0.12412621566639796
8735,holdout,0,0.2755628121656906
8736,development,1,0.20993799594298185
8737,holdout,0,0.10985041519084114
8738,development,1,0.3285288754057332
8739,development,0,0.11124163353783931
8740,holdout,0,0.13222737564421574
8741,holdout,1,0.17922939928519724
8742,holdout,1,0.1389282653552664
8743,development,0,0.10213849370907438
8744,development,0,0.5099858035056271
8745,development,0,0.11716837301187673
8746,holdout,0,0.14041360442188738
8747,development,0,0.10476176681752465
8748,development,0,0.11675142819294805
8749,holdout,1,0.33585914606877537
8750,holdout,0,0.0984627728157358
8751,development,0,0.13131396010624577
8752,holdout,1,0.11947865376446479
8753,development,1,0.7288451718710789
8754,development,0,0.3755193753263337
8755,development,1,0.5184702174710045
8756,development,0,0.13760123800079088
8757,development,1,0.1639785893279426
8758,holdout,0,0.13162513410407198
8759,holdout,0,0.24342461970405102
8760,development,0,0.7716237051313132
8761,holdout,0,0.11363109151238297
8762,development,0,0.13873344051271716
8763,development,1,0.3723787718594831
8764,holdout,0,0.14188146996827986
8765,holdout,1,0.5640736210449607
8766,development,0,0.30000709974696654
8767,development,0,0.07375963692830627
8768,development,0,0.1538515017533708
8769,development,0,0.13036524772577532
8770,development,0,0.17188745778920153
8771,holdout,0,0.1378645220146464
8772,development,1,0.07647999416747127
8773,development,0,0.10798141442019893
8774,holdout,0,0.36475606265516053
8775,development,0,0.12919847292718573
8776,holdout,0,0.11537484759786222
8777,development,0,0.11656211161753999
8778,development,0,0.1533162519942758
8779,development,0,0.11637109652416498
8780,development,1,0.15313511215589157
8781,holdout,0,0.14131224734734488
8782,holdout,0,0.09423082576215654
8783,development,0,0.1699347658399067
8784,development,0,0.17078758266551625
8785,holdout,0,0.13269482923510242
8786,development,0,0.4286204246560407
8787,development,0,0.6755952759969552
8788,development,0,0.11677750674189173
8789,development,1,0.13442872343416498
8790,holdout,0,0.3100523047001257
8791,development,0,0.5183311599834586
8792,development,0,0.16605358803827286
8793,development,0,0.013261529260319649
8794,development,0,0.15313768455482826
8795,holdout,1,0.10042904739058374
8796,development,0,0.10412797094932441
8797,development,0,0.14713722635653503
8798,development,0,0.1380300917239216
8799,development,0,0.17276546005889973
8800,development,0,0.41941153603305703
8801,holdout,0,0.13637381413659327
8802,development,1,0.14966498180367604
8803,development,0,0.12937907921273084
8804,development,1,0.1110317754383931
8805,development,0,0.13852922842750448
8806,development,1,0.33128017037942925
8807,development,1,0.195795765124464
8808,development,1,0.43892246054798606
8809,development,1,0.6247156343998737
8810,development,1,0.6065453937838864
8811,holdout,1,0.368018681823003
8812,development,0,0.11747230404535468
8813,development,1,0.5714438215559495
8814,holdout,0,0.38332411740177463
8815,holdout,0,0.13368435480519444
8816,development,1,0.19502083791432484
8817,development,0,0.1505610095522667
8818,development,0,0.442136354159741
8819,development,0,0.14481625894921377
8820,development,0,0.7082319604913282
8821,development,0,0.0778729243876704
8822,development,0,0.20090708057522774
8823,development,1,0.535675874013744
8824,holdout,0,0.36272699550052917
8825,holdout,0,0.31576180299914913
8826,development,0,0.13877144222861773
8827,development,0,0.1152749305596601
8828,holdout,1,0.2835039196728209
8829,development,1,0.1681339965925001
8830,development,1,0.1684395352970995
8831,holdout,1,0.3679491862102284
8832,development,0,0.278506883529061
8833,development,0,0.1686094710519561
8834,development,0,0.14853315977461914
8835,holdout,0,0.14455116154952377
8836,development,0,0.13357178306465037
8837,development,0,0.13037427677476585
8838,holdout,0,0.07309132402384515
8839,development,1,0.4346293157141517
8840,development,0,0.14897698391131814
8841,development,1,0.6908997122877649
8842,development,0,0.13092862496342467
8843,development,0,0.12032920751668959
8844,holdout,0,0.08081185825327622
8845,development,1,0.2541978911097472
8846,development,0,0.23842220066658734
8847,holdout,1,0.10631184257292145
8848,development,0,0.1472285736913266
8849,development,0,0.18069346813079784
8850,development,1,0.28431234332730326
8851,development,0,0.11931341137273868
8852,holdout,0,0.12277842892496853
8853,development,0,0.13014058506378037
8854,development,0,0.12824968499045541
8855,development,1,0.16832337761033658
8856,development,0,0.10665813707297822
8857,development,0,0.09939461735761784
8858,development,0,0.1290915961672395
8859,development,0,0.12925274148868082
8860,holdout,0,0.1221266187094434
8861,development,1,0.1745459407810566
8862,development,0,0.3254519485965202
8863,holdout,0,0.1489193534183477
8864,development,0,0.43742254456792595
8865,development,0,0.12946704700541384
8866,development,0,0.10683145421020328
8867,development,0,0.08391493995199441
8868,holdout,1,0.10428548172368003
8869,development,0,0.42341066958570545
8870,development,0,0.12729358286600595
8871,development,0,0.18378553761639335
8872,holdout,0,0.09430448703156455
8873,holdout,0,0.14892918606320446
8874,development,0,0.09099587083507978
8875,development,0,0.37083327536849053
8876,development,1,0.14987940489727114
8877,development,0,0.12764596650377852
8878,development,1,0.10935503167038099
8879,development,0,0.28555108412208646
8880,development,0,0.10074062239780815
8881,development,0,0.17212651709714563
8882,development,0,0.4255372470239675
8883,development,0,0.1770055067768531
8884,development,0,0.11299978981784392
8885,holdout,0,0.43600157193684624
8886,holdout,0,0.15700343649122273
8887,holdout,0,0.07926775482285958
8888,development,0,0.10948989847681855
8889,development,1,0.1583562926436981
8890,development,0,0.3109178069356424
8891,development,0,0.18865798728816235
8892,holdout,0,0.5636636493063253
8893,holdout,1,0.12147382568440235
8894,development,0,0.15180726427963173
8895,development,0,0.1160257646288592
8896,holdout,0,0.13095004950196382
8897,development,0,0.1511112899505168
8898,development,0,0.07898600749894259
8899,development,0,0.20860277181898884
8900,holdout,0,0.22864734534266892
8901,development,0,0.11754118591766866
8902,development,0,0.10558388531548571
8903,development,0,0.09558699833271474
8904,development,0,0.12782079296160545
8905,holdout,0,0.13215886858610257
8906,development,0,0.10891680841712849
8907,development,0,0.12302111230956927
8908,holdout,1,0.0967964697926568
8909,development,0,0.5002973621640798
8910,development,1,0.8051068897006651
8911,development,0,0.10550459606494894
8912,holdout,0,0.09877951694711704
8913,development,0,0.1327845934686555
8914,holdout,0,0.0846738307317731
8915,development,0,0.16709391938727403
8916,holdout,0,0.12956338594567782
8917,development,0,0.12663163260632876
8918,development,0,0.1474940595924564
8919,development,0,0.09928716572343085
8920,development,0,0.11311480466230091
8921,holdout,0,0.09140516086255061
8922,development,0,0.4758617667011155
8923,development,0,0.17503064531797904
8924,development,0,0.11883941520477787
8925,development,1,0.41993539476942043
8926,holdout,0,0.1312060815803125
8927,development,0,0.11196261282338016
8928,development,0,0.07287311316992859
8929,development,0,0.13451016207965938
8930,development,0,0.1735295559693788
8931,development,0,0.15543891056232373
8932,development,0,0.12898929218660515
8933,development,1,0.1261794248732991
8934,development,0,0.3335818669426759
8935,development,0,0.12109266808304045
8936,development,0,0.45103169906150564
8937,holdout,0,0.13016439003109698
8938,development,0,0.3055401238776145
8939,holdout,0,0.03616049861999311
8940,development,1,0.18073423977533562
8941,holdout,0,0.1068710442443838
8942,development,0,0.21057924250167723
8943,holdout,0,0.2187949640383858
8944,development,0,0.405707721270469
8945,development,0,0.14270462474506285
8946,development,0,0.12126531647387319
8947,development,0,0.0881336307455218
8948,development,0,0.18265959190929715
8949,holdout,0,0.12529367168799468
8950,development,0,0.11582061957218057
8951,development,0,0.25056053490333857
8952,development,0,0.15175807778936728
8953,holdout,0,0.07566059778459291
8954,development,0,0.19788124726663117
8955,development,0,0.12345567917611548
8956,development,0,0.6306753697185669
8957,development,1,0.10850857164028807
8958,development,1,0.7472438274886101
8959,development,0,0.18723852578701447
8960,development,0,0.14034113705837464
8961,development,0,0.09385909362297064
8962,holdout,0,0.3636849024416215
8963,holdout,1,0.39641403925489477
8964,development,0,0.1043607498269793
8965,development,0,0.12936046043402477
8966,holdout,0,0.2216322787620478
8967,holdout,1,0.5375368868179601
8968,development,0,0.4559271833399322
8969,development,0,0.23273547683941836
8970,holdout,0,0.20133569484863048
8971,development,0,0.32294566040125655
8972,development,1,0.1618374534647034
8973,holdout,0,0.11597143485258898
8974,development,0,0.127516089504245
8975,holdout,0,0.09564864678554566
8976,holdout,0,0.16465963124100993
8977,holdout,0,0.11508443855892021
8978,development,0,0.391474138737191
8979,development,1,0.2919381245540995
8980,holdout,0,0.11405012202972177
8981,development,0,0.3974219856069088
8982,holdout,0,0.09681294457304233
8983,development,0,0.6283930367074403
8984,development,0,0.16120875653152797
8985,holdout,0,0.37339244315990666
8986,holdout,0,0.8721617034967535
8987,development,1,0.4964478897421457
8988,holdout,1,0.48258070650391405
8989,holdout,0,0.11210288742058389
8990,development,1,0.17308517057978304
8991,holdout,0,0.2941977644925898
8992,development,0,0.10661332896654312
8993,development,0,0.09913278564051116
8994,development,0,0.18999234613193156
8995,development,0,0.12428828930148085
8996,development,1,0.32735572475817737
8997,development,0,0.38751263045632317
8998,holdout,0,0.38410911908405565
8999,holdout,0,0.3134536982891074
9000,holdout,0,0.31773999255517865
9001,development,0,0.4717699713625719
9002,holdout,0,0.3896725851452031
9003,development,1,0.7405777321006042
9004,holdout,0,0.10294787324125201
9005,development,0,0.09228372999285113
9006,holdout,0,0.1274099598272721
9007,development,1,0.42785157908219257
9008,holdout,0,0.2688972913826642
9009,development,0,0.7802655510144406
9010,development,0,0.15473311926935232
9011,holdout,0,0.2771258181564909
9012,development,1,0.15328581000500394
9013,development,1,0.30887861607369016
9014,holdout,0,0.11005608866256358
9015,development,0,0.08282347955460065
9016,holdout,0,0.07496562956099613
9017,holdout,1,0.37699726299588837
9018,development,1,0.23707605892524256
9019,development,0,0.48321140954294034
9020,development,0,0.06587074310354689
9021,holdout,0,0.16680545361392352
9022,development,1,0.31639035170699675
9023,holdout,0,0.1897280948748508
9024,development,1,0.5600725801532159
9025,holdout,1,0.15076817718617552
9026,development,0,0.1246046066316757
9027,development,0,0.10396387603996976
9028,development,1,0.21952168502164549
9029,holdout,0,0.14243821047560823
9030,development,1,0.2070419867643999
9031,holdout,1,0.34743914647899155
9032,development,1,0.10607333323888445
9033,holdout,0,0.11027091557010371
9034,development,1,0.15965932337409244
9035,holdout,0,0.37719602981364125
9036,development,0,0.11180562486493134
9037,development,0,0.12874338889079476
9038,development,0,0.16743510391064528
9039,development,0,0.10273452034586553
9040,development,1,0.33659323495010773
9041,holdout,0,0.3381872431209139
9042,development,1,0.37435142471795846
9043,development,0,0.12704627779200922
9044,development,0,0.08386377826552825
9045,development,0,0.1254355732863111
9046,holdout,1,0.14404288111817856
9047,development,0,0.10021697179256388
9048,development,0,0.10172510587500212
9049,holdout,0,0.16017496945271611
9050,holdout,0,0.12288650157672264
9051,holdout,0,0.09789421848872694
9052,development,0,0.11274464464022657
9053,development,0,0.14454779937100629
9054,development,1,0.26979074191603986
9055,development,0,0.0812592287430753
9056,development,0,0.14214569596068086
9057,development,0,0.09044199177856903
9058,holdout,1,0.12391935489318465
9059,development,0,0.13649235685687022
9060,development,1,0.8168196106766613
9061,holdout,1,0.5719420573694273
9062,holdout,0,0.2786564534690066
9063,holdout,0,0.251543658197961
9064,development,0,0.12239318530035063
9065,development,0,0.09855425730535289
9066,development,0,0.18733639537377167
9067,holdout,0,0.15731199206062707
9068,development,0,0.11417900710260334
9069,development,0,0.7063773295612316
9070,development,0,0.24360514480531814
9071,development,0,0.11237352583607906
9072,holdout,1,0.35736649298816925
9073,holdout,0,0.23253797446990065
9074,development,1,0.3249094883917582
9075,development,0,0.3472624454611649
9076,holdout,0,0.14536630803903106
9077,development,0,0.1551989850895304
9078,development,0,0.1366435046663013
9079,development,1,0.30229654631612585
9080,development,1,0.09705347361391228
9081,development,0,0.21588420269349146
9082,development,0,0.15948443227161124
9083,development,0,0.11092936006089078
9084,development,0,0.047135451279232354
9085,development,0,0.1584739354867631
9086,development,0,0.11128958311786426
9087,holdout,0,0.10740088380674938
9088,development,0,0.17248759051319434
9089,development,0,0.14889698328105266
9090,development,0,0.3322748278575015
9091,holdout,0,0.1572292585586621
9092,holdout,0,0.12818519126667624
9093,development,1,0.19593443547837844
9094,development,1,0.6965190808960746
9095,development,0,0.1138831740751989
9096,holdout,0,0.1366461949395472
9097,development,1,0.218640794218123
9098,development,0,0.1643672076547187
9099,development,0,0.40208684486556323
9100,development,0,0.29948601373131184
9101,development,0,0.36949990106771624
9102,development,1,0.10680001744235572
9103,holdout,0,0.14589891728207108
9104,development,0,0.11824924891938347
9105,development,0,0.08531039489430339
9106,development,0,0.22595613888494195
9107,development,0,0.1139626621818066
9108,holdout,0,0.07853328863723746
9109,development,0,0.17081456285904045
9110,holdout,0,0.1081362520093741
9111,development,0,0.1765528769699056
9112,development,0,0.11074167776503446
9113,development,0,0.2572877602366222
9114,development,0,0.1282080350504435
9115,development,1,0.2728186327941314
9116,development,0,0.30353914933890846
9117,development,0,0.19693065560319148
9118,holdout,1,0.09378931500109332
9119,development,0,0.11763254260973727
9120,holdout,0,0.16061885792989722
9121,development,0,0.15168351639274852
9122,development,1,0.4528344470258041
9123,holdout,0,0.38854036238997325
9124,holdout,0,0.12007567901939463
9125,holdout,1,0.574657866937406
9126,holdout,0,0.1178374306702309
9127,development,1,0.06904633876451424
9128,holdout,0,0.12285460106735317
9129,holdout,1,0.16636294134445573
9130,holdout,1,0.19776709019220243
9131,development,0,0.20060411572233355
9132,holdout,0,0.13786663729298296
9133,development,1,0.713032728832501
9134,development,0,0.1870170734448114
9135,development,0,0.09305486061313331
9136,development,1,0.4452046041422668
9137,development,0,0.3474613125873965
9138,holdout,1,0.551622368292204
9139,development,0,0.10441511649673876
9140,development,0,0.43644362244090235
9141,development,0,0.11298343413002582
9142,development,0,0.11764574389573595
9143,holdout,0,0.11733738486371768
9144,development,0,0.1401684388490044
9145,holdout,0,0.24966296398343688
9146,development,0,0.34367641812689187
9147,development,1,0.3852783317004695
9148,development,0,0.11916270527860671
9149,holdout,0,0.10608737498650792
9150,development,0,0.15825414006605057
9151,development,0,0.10776682616206776
9152,development,0,0.21020193504504295
9153,development,0,0.11940062926489904
9154,development,0,0.10343586191097484
9155,holdout,1,0.11781043723644015
9156,development,0,0.1967716614136196
9157,development,1,0.5352381861910416
9158,holdout,0,0.16098472604343775
9159,development,0,0.29496767746878566
9160,holdout,1,0.21387555681999043
9161,holdout,0,0.10920273471937607
9162,development,0,0.1511080578322031
9163,development,1,0.4039121542599277
9164,development,1,0.7335946950889948
9165,development,1,0.1412676312359225
9166,development,0,0.1564733425708791
9167,development,0,0.13987042462317176
9168,development,0,0.1218350388005564
9169,development,1,0.5164540654475711
9170,development,0,0.09553007000689821
9171,holdout,0,0.1102962066762992
9172,development,0,0.13328719937662192
9173,development,0,0.15898828323925068
9174,holdout,0,0.12782825118759034
9175,holdout,1,0.7536300170400622
9176,development,0,0.31929924300660156
9177,holdout,0,0.12433888224997657
9178,development,0,0.13317593173942094
9179,development,0,0.11617918772710349
9180,holdout,0,0.12574137855602024
9181,holdout,0,0.08638204142074721
9182,holdout,0,0.13885692822520376
9183,development,1,0.6427489360126344
9184,development,0,0.11373653664236068
9185,development,0,0.08848744075637345
9186,development,0,0.12051375072271042
9187,holdout,0,0.22008695713737253
9188,holdout,0,0.2985080143974561
9189,development,0,0.1739815595832184
9190,development,0,0.16795226260197826
9191,development,0,0.21331382721182496
9192,holdout,0,0.2684701262954831
9193,development,0,0.12910758188904825
9194,development,0,0.20959883588596723
9195,development,0,0.12037317308247063
9196,holdout,0,0.12357144131358141
9197,development,0,0.12929110892300805
9198,development,0,0.15210188480048864
9199,development,1,0.8594411826267241
9200,development,0,0.15353815898140222
9201,development,0,0.15098975980744
9202,development,1,0.23269620305106603
9203,development,0,0.10796806327303932
9204,holdout,0,0.2069109491019762
9205,development,0,0.13562798707798404
9206,development,0,0.0963780120252549
9207,development,0,0.1167936636226305
9208,holdout,0,0.16378620275014985
9209,development,0,0.3447549642773404
9210,development,0,0.16896060362565818
9211,development,0,0.11213289291807585
9212,holdout,0,0.1504422751457718
9213,development,0,0.05555649870492194
9214,development,0,0.20668346422823725
9215,development,1,0.27800798238628244
9216,development,1,0.33533924514012686
9217,holdout,0,0.14240523147821146
9218,holdout,0,0.11829066847149544
9219,holdout,0,0.13555446599469942
9220,development,1,0.11720913287189011
9221,development,0,0.08792605565348496
9222,holdout,0,0.13844248522429986
9223,development,0,0.1455911798035267
9224,development,1,0.1494311454206709
9225,holdout,0,0.2866724231541298
9226,holdout,0,0.2067093926801705
9227,holdout,0,0.3021162470772553
9228,development,1,0.9664069724755631
9229,development,0,0.17052072917034042
9230,development,0,0.10868567287073634
9231,holdout,0,0.2891486973339685
9232,holdout,1,0.3108729288832184
9233,holdout,0,0.1476718459489627
9234,development,0,0.14708798743666515
9235,development,0,0.1255575537459251
9236,development,0,0.08390542900329367
9237,holdout,0,0.10505461179411023
9238,development,0,0.09944149954005913
9239,development,1,0.13151475206275257
9240,development,0,0.34339515916782637
9241,development,0,0.3691387779514996
9242,development,0,0.257528683374922
9243,holdout,0,0.05565106956902398
9244,development,0,0.13926155699488804
9245,development,1,0.18821680987849007
9246,development,1,0.11095070299623433
9247,development,0,0.11088931719009858
9248,holdout,1,0.30700211729317295
9249,holdout,0,0.15184707144518575
9250,holdout,0,0.1628600387516984
9251,development,1,0.6193440274622278
9252,development,0,0.21256984728936915
9253,development,0,0.10842769765221982
9254,development,1,0.7001558969385253
9255,development,0,0.3950769567026541
9256,holdout,0,0.4222779531082241
9257,holdout,0,0.24058071670051961
9258,holdout,0,0.12037341829053516
9259,holdout,0,0.1588265658795099
9260,development,0,0.10269182601467396
9261,development,0,0.06619243386202903
9262,development,0,0.11463512375006196
9263,holdout,0,0.21265108987501077
9264,development,0,0.09887458941157698
9265,development,1,0.11966172683405117
9266,holdout,0,0.24054591645480636
9267,holdout,0,0.09955461489692566
9268,development,0,0.09481041720196913
9269,development,0,0.44628727875558893
9270,holdout,0,0.12832732562915117
9271,development,0,0.16403199870500743
9272,development,0,0.1240820539481619
9273,development,0,0.11046677770867458
9274,development,0,0.1754426065058755
9275,development,0,0.10562222274286835
9276,development,1,0.1385243843041975
9277,development,1,0.8467160815149684
9278,holdout,1,0.32772555576243984
9279,development,0,0.18989306110578022
9280,development,0,0.1303502368554222
9281,development,1,0.16448164108107494
9282,development,0,0.11899295893057016
9283,development,0,0.1190303827057766
9284,holdout,0,0.13788346543776142
9285,development,0,0.10822422992433157
9286,holdout,0,0.15234476667398916
9287,development,0,0.15818735579426438
9288,development,0,0.0984729236801347
9289,development,0,0.17611216041308778
9290,holdout,0,0.11763824755903042
9291,development,0,0.1282213009432123
9292,development,1,0.1525097844514861
9293,holdout,0,0.15987613426578373
9294,holdout,1,0.3495432053186718
9295,development,0,0.1407986836985333
9296,development,1,0.4312615059683164
9297,development,0,0.2606967263693844
9298,development,0,0.14937955450795823
9299,holdout,0,0.13922491204606327
9300,development,0,0.2360932140864505
9301,development,1,0.08954359291824916
9302,development,1,0.08506698959112377
9303,development,0,0.3139424000628054
9304,development,0,0.3940122809404793
9305,development,0,0.10610611788092594
9306,development,0,0.12475530101800662
9307,development,0,0.05228575249788354
9308,development,0,0.14672613276877564
9309,development,1,0.528813565165632
9310,holdout,0,0.12793491988486475
9311,development,1,0.6926317555838043
9312,development,1,0.619521419498746
9313,holdout,0,0.7192851044265147
9314,development,1,0.13550545118790855
9315,development,1,0.43342941419763936
9316,development,0,0.24841304759051266
9317,development,0,0.14831539138994754
9318,holdout,0,0.1898111270183274
9319,development,0,0.20295146364432365
9320,development,1,0.8223281444025553
9321,development,0,0.13783653526088363
9322,development,0,0.1717781349422268
9323,development,0,0.1749203373369262
9324,development,0,0.11988481090933684
9325,holdout,0,0.18575408889357833
9326,development,0,0.12498194326798084
9327,development,0,0.12036421849753139
9328,holdout,0,0.15251438919039095
9329,holdout,0,0.125862242185082
9330,holdout,0,0.16594678393114737
9331,development,1,0.12047583987484561
9332,development,0,0.24531729330537075
9333,holdout,0,0.08362062125497641
9334,development,0,0.0950853529994107
9335,development,0,0.09986767573183844
9336,development,0,0.379405971508799
9337,development,0,0.11222566786219212
9338,development,1,0.1730990982501164
9339,development,1,0.1171650438412746
9340,development,0,0.14127036413242097
9341,development,0,0.2196790417337081
9342,development,0,0.13181651166176556
9343,development,0,0.07834962380339158
9344,development,0,0.7795113870096324
9345,holdout,0,0.3047487688686069
9346,development,0,0.48898842891495276
9347,development,0,0.3026757461526069
9348,holdout,0,0.260670299721435
9349,development,0,0.13571871831752227
9350,development,0,0.6542458704194264
9351,development,1,0.2913779927003045
9352,development,0,0.3612970505114694
9353,development,1,0.2124713009993527
9354,development,1,0.7279573182889171
9355,development,1,0.12645896659924624
9356,development,1,0.39347553218945447
9357,development,1,0.7259290054963469
9358,holdout,0,0.5232636113859173
9359,development,0,0.08388450778365118
9360,holdout,0,0.08622002951928008
9361,holdout,0,0.15968611238247385
9362,development,1,0.11740696213571827
9363,development,0,0.1882429279779335
9364,development,1,0.11529232361605649
9365,development,0,0.10197400715456863
9366,holdout,0,0.3108278362086444
9367,development,0,0.12458351036072374
9368,development,0,0.5988241566679402
9369,holdout,0,0.14211797734577353
9370,development,1,0.11524723036945927
9371,development,0,0.14634965510134348
9372,development,1,0.6838890193952868
9373,holdout,1,0.1857212871767971
9374,development,0,0.12065898543603631
9375,development,0,0.17869480623124953
9376,development,0,0.4456944336730002
9377,holdout,1,0.13924617845591278
9378,development,1,0.11412091312321195
9379,holdout,0,0.13156889321122137
9380,development,0,0.14102679477183383
9381,development,0,0.1654545508506362
9382,development,1,0.09399724622738306
9383,development,0,0.11504887470584134
9384,development,0,0.19720088948166467
9385,holdout,0,0.2008191136202286
9386,development,0,0.381078320624759
9387,development,0,0.18922420842969578
9388,holdout,0,0.15031419820033648
9389,development,0,0.30425667287468955
9390,holdout,1,0.1931532075473541
9391,development,0,0.05598583726100138
9392,development,0,0.08472127987159482
9393,development,0,0.5709805193126607
9394,development,1,0.0936640870435724
9395,holdout,0,0.1396587717059284
9396,development,0,0.128425147945469
9397,development,0,0.4422946737668128
9398,development,0,0.12490423279043707
9399,holdout,0,0.17804897093045435
9400,development,0,0.12765477180025034
9401,holdout,1,0.5278495537031501
9402,development,0,0.6016827314377295
9403,holdout,0,0.19535038318213863
9404,holdout,0,0.16934294391488197
9405,holdout,1,0.25266598604756213
9406,holdout,0,0.13841785967088818
9407,development,0,0.068936001704233
9408,development,0,0.06839246046458883
9409,holdout,0,0.047166981907235894
9410,development,0,0.5784682661644523
9411,development,0,0.14380449218606833
9412,development,0,0.15702798844676616
9413,development,1,0.13964585309310745
9414,development,0,0.09632636827972064
9415,holdout,0,0.18578149601419872
9416,development,0,0.15353490061068803
9417,development,0,0.11098337778564685
9418,development,1,0.35750581010916666
9419,holdout,1,0.505441515472675
9420,development,0,0.09718112104027828
9421,holdout,1,0.08965745164081838
9422,development,0,0.13710617712782242
9423,development,0,0.15359186959468285
9424,development,0,0.07843458827319619
9425,holdout,0,0.1715433039330854
9426,holdout,0,0.20631077283326324
9427,holdout,1,0.3943348778173948
9428,development,0,0.42553536339426556
9429,holdout,0,0.33757211675437654
9430,development,0,0.17410107110514259
9431,development,1,0.12033298586085724
9432,development,0,0.24817403951904696
9433,development,0,0.11121485821957335
9434,development,0,0.16784467541320597
9435,development,0,0.15397488719370828
9436,development,0,0.10817119716249055
9437,development,1,0.5845138837837447
9438,development,0,0.1925579874633465
9439,development,0,0.11637438498557277
9440,holdout,0,0.2188021364945942
9441,development,0,0.7593756833150416
9442,development,0,0.17126687722907744
9443,development,0,0.19105774095561726
9444,development,0,0.4074065318799266
9445,development,0,0.12003411352289904
9446,development,0,0.6407500200239397
9447,holdout,1,0.7020981568587475
9448,development,1,0.7491519619293245
9449,development,1,0.36465269807823963
9450,development,0,0.19933616739548593
9451,holdout,0,0.09761524017629956
9452,development,0,0.42674897140855034
9453,development,0,0.11344644870808923
9454,development,1,0.9235164258543723
9455,development,0,0.12556170692484747
9456,development,0,0.1330770189469916
9457,development,0,0.24318906147607805
9458,development,0,0.11356722806195498
9459,development,0,0.09889254042210247
9460,development,0,0.7933147437214318
9461,holdout,0,0.10561438631132856
9462,development,0,0.0437833809189753
9463,development,0,0.2909518513993195
9464,holdout,1,0.14304648892360888
9465,holdout,0,0.14095793682791793
9466,development,0,0.3106166379527803
9467,holdout,0,0.2888219195652294
9468,development,0,0.27559199862332684
9469,holdout,0,0.2941681089753827
9470,development,0,0.11006675034731939
9471,development,0,0.13389864120513362
9472,holdout,1,0.11957607493434748
9473,holdout,0,0.31768083629382093
9474,development,0,0.38375506756426914
9475,holdout,0,0.11220196640135316
9476,development,0,0.117978529833379
9477,development,0,0.3694260002147962
9478,holdout,0,0.47320980802067547
9479,development,0,0.11932746471323047
9480,development,1,0.2898028440451155
9481,holdout,0,0.16834507151927414
9482,development,0,0.7360062934835465
9483,development,0,0.4913091300656165
9484,development,0,0.1046888119403785
9485,holdout,0,0.3201844994337436
9486,development,0,0.11936032828700549
9487,development,0,0.16044313428573928
9488,development,0,0.12483658086556587
9489,holdout,0,0.1604226193275205
9490,development,0,0.1382360787853211
9491,development,0,0.12852592214041247
9492,holdout,0,0.12708472745464997
9493,development,0,0.28908505434512566
9494,development,0,0.1151366060609889
9495,development,0,0.05581448529751825
9496,development,0,0.27921705279360554
9497,holdout,0,0.17021362495193035
9498,holdout,0,0.1568513939282615
9499,development,0,0.18411130951868657
9500,development,0,0.0996130182471112
9501,development,0,0.09702323822370927
9502,development,0,0.310824588063185
9503,development,0,0.3065520562548728
9504,development,0,0.5782272413218374
9505,holdout,0,0.11030988619091968
9506,holdout,1,0.18650276632243618
9507,holdout,0,0.1267473155206434
9508,development,1,0.19944334660211685
9509,development,1,0.7803108072677778
9510,development,0,0.13570450543548143
9511,holdout,0,0.06694029187556061
9512,development,0,0.33311853437308725
9513,development,0,0.15917002778565364
9514,development,1,0.35069208486178827
9515,development,0,0.1928957344908983
9516,development,0,0.1164945536519654
9517,holdout,0,0.1258736334426041
9518,holdout,0,0.34943028624277606
9519,development,0,0.14243722130474706
9520,holdout,0,0.0832136787805845
9521,development,0,0.3455079699453511
9522,holdout,0,0.15330240977966852
9523,holdout,0,0.1179954113508685
9524,development,0,0.06325570641991651
9525,development,0,0.13577119500481766
9526,holdout,0,0.3958861755405218
9527,development,0,0.13743997384742754
9528,holdout,0,0.34897383015186834
9529,development,0,0.05380367343296261
9530,development,0,0.11842123182194685
9531,development,0,0.11161341464270987
9532,holdout,0,0.24659039755468917
9533,development,0,0.08632394889228016
9534,development,0,0.13299149333227375
9535,development,0,0.16473550827198682
9536,holdout,1,0.16072132388390586
9537,development,0,0.0938564147552788
9538,holdout,0,0.1057346954930406
9539,development,0,0.1595249991955451
9540,holdout,0,0.1210908503098707
9541,development,0,0.11712580142749904
9542,development,1,0.3877229650981843
9543,development,0,0.1161397137436991
9544,development,0,0.10248022214986047
9545,holdout,0,0.14971880523079178
9546,development,0,0.11288267293250602
9547,holdout,1,0.11348009049759598
9548,development,0,0.3478535673036359
9549,development,1,0.12349511178126361
9550,holdout,0,0.10692123790520021
9551,development,0,0.13943712967123212
9552,development,1,0.3805148007473743
9553,development,0,0.14165403099617638
9554,holdout,0,0.10642937413916288
9555,development,1,0.32555028927078006
9556,holdout,1,0.08878288151256812
9557,holdout,1,0.14095746229667377
9558,development,0,0.10140517142317494
9559,holdout,0,0.09667401588794905
9560,holdout,0,0.1705584690424822
9561,development,1,0.5139026502680217
9562,development,0,0.11652334509087356
9563,development,1,0.1619406704294524
9564,development,1,0.4332146722492226
9565,holdout,0,0.10968820676569424
9566,holdout,0,0.08509331391327336
9567,development,0,0.07364394644145032
9568,holdout,0,0.5978011949278695
9569,holdout,0,0.12456001207480948
9570,holdout,0,0.17711914995553324
9571,development,1,0.08867554556584331
9572,holdout,1,0.14176830834238147
9573,holdout,0,0.19484000882547042
9574,development,0,0.40244370745722263
9575,development,1,0.07408913717777758
9576,development,0,0.1240047584607255
9577,development,1,0.7764699325118352
9578,development,0,0.2721811896902997
9579,development,0,0.3646802402617778
9580,development,0,0.383062601830048
9581,development,0,0.09814247216299735
9582,development,0,0.5315875149894845
9583,development,0,0.314883279066433
9584,development,1,0.11763989534099467
9585,development,0,0.18095360547454584
9586,development,0,0.3851769816464466
9587,holdout,1,0.4120205017409181
9588,development,0,0.21930836059650916
9589,development,0,0.10948676642197364
9590,development,1,0.36921905200508487
9591,development,0,0.5438822179475049
9592,holdout,0,0.13984934626844867
9593,holdout,1,0.4500099190857523
9594,holdout,1,0.31673254577756127
9595,development,0,0.17111255979431422
9596,development,0,0.17352816175936514
9597,holdout,1,0.08052273878910897
9598,development,0,0.745404052721315
9599,development,0,0.129481195492349
9600,development,0,0.1436603322466727
9601,development,0,0.14862482664493507
9602,development,0,0.1440888561249836
9603,development,1,0.7328389685955705
9604,development,0,0.16560168443202175
9605,development,1,0.6761735700943845
9606,holdout,0,0.15229613267846837
9607,development,1,0.4078875747924017
9608,development,0,0.11351113038021504
9609,development,1,0.22275902811941312
9610,development,0,0.1588582981848063
9611,development,1,0.16739725459752425
9612,development,0,0.30422363219687376
9613,development,0,0.11047630826680666
9614,development,0,0.030436041126265245
9615,holdout,0,0.8994996247665615
9616,development,0,0.11164645667408063
9617,holdout,1,0.46028278382907195
9618,development,0,0.12062471891683499
9619,development,0,0.49677841100866177
9620,development,0,0.174951203004661
9621,development,0,0.2832873871004797
9622,development,0,0.10830203393077258
9623,holdout,0,0.16490195007363337
9624,development,0,0.15057968379794967
9625,holdout,0,0.17948161795884565
9626,development,0,0.37278362964892453
9627,development,0,0.14695076225260587
9628,development,0,0.08748947650218349
9629,development,0,0.6727838858848765
9630,development,0,0.1513581196884786
9631,holdout,1,0.39750640247793345
9632,holdout,1,0.41527181295424476
9633,development,0,0.16892337197642324
9634,development,0,0.0906623804906173
9635,holdout,0,0.1876512816618777
9636,development,0,0.025777456862115137
9637,holdout,0,0.114669306414587
9638,development,0,0.09064218200198863
9639,development,0,0.2883750585803183
9640,holdout,0,0.14950130296889572
9641,development,0,0.505537399129158
9642,holdout,0,0.39742487812574423
9643,development,1,0.7563038149173
9644,development,1,0.2931319842580604
9645,development,0,0.15831396482739268
9646,holdout,1,0.13932609015316041
9647,development,0,0.22270851240898154
9648,development,1,0.4021389132561506
9649,development,0,0.11597172232975593
9650,development,0,0.1583802915045074
9651,development,0,0.1409228854907097
9652,holdout,0,0.1218690588538985
9653,development,0,0.12932571703312512
9654,development,0,0.11012838666543054
9655,holdout,0,0.12237006054217978
9656,development,0,0.1345930617275928
9657,holdout,1,0.7084147251431355
9658,holdout,1,0.21062543417543866
9659,holdout,1,0.10727130291383492
9660,development,0,0.16787807495757928
9661,development,0,0.28431234332730326
9662,development,0,0.3952572392123925
9663,development,0,0.3028762770825406
9664,development,0,0.13551756607705898
9665,development,0,0.7331652033003846
9666,development,0,0.12835399431734726
9667,development,0,0.3943867575190199
9668,holdout,0,0.12169914045403421
9669,development,0,0.27959620221507775
9670,development,0,0.12401810209680672
9671,development,0,0.6612794867242693
9672,development,0,0.28417584086646575
9673,development,0,0.19150857067468777
9674,development,0,0.11119350457654972
9675,development,0,0.18328035654471864
9676,development,0,0.15621868987437132
9677,development,0,0.13546708843707997
9678,development,1,0.12895242798695133
9679,development,0,0.10310247170400831
9680,development,0,0.12514919601090196
9681,development,0,0.11885220720367806
9682,development,0,0.13822335403114502
9683,development,0,0.1030740284793942
9684,holdout,0,0.1061674798783034
9685,development,0,0.149249599800687
9686,holdout,0,0.2638468163227994
9687,holdout,0,0.12244729124644213
9688,development,0,0.5318481530062282
9689,development,1,0.9172026425122163
9690,development,0,0.11921592681073052
9691,development,1,0.42820313895674184
9692,development,0,0.10929148776514708
9693,holdout,0,0.47957959369689024
9694,development,0,0.1240831987596261
9695,development,0,0.11209654288747695
9696,development,1,0.17789323552459138
9697,development,0,0.1645621944748231
9698,development,0,0.11464709777876117
9699,development,1,0.41260208465943427
9700,holdout,0,0.10585093544281736
9701,development,0,0.13641651959365936
9702,development,0,0.15242906049674954
9703,development,0,0.2693079726303483
9704,development,0,0.11697206978020314
9705,development,0,0.11964769889901597
9706,development,1,0.14797700723704046
9707,holdout,0,0.13646209167506096
9708,holdout,0,0.07796791709068092
9709,holdout,1,0.6844537746424936
9710,development,0,0.1316409713654667
9711,development,0,0.5344708568248778
9712,development,0,0.12216059165219034
9713,holdout,0,0.12849192601056691
9714,holdout,0,0.11482382119975566
9715,holdout,0,0.6027174773532654
9716,holdout,0,0.101316596477468
9717,development,1,0.2091399207590703
9718,development,1,0.17882960203928713
9719,development,0,0.7653225589746231
9720,development,1,0.2429357595217229
9721,holdout,0,0.17166351152302767
9722,holdout,1,0.43636326982083296
9723,development,0,0.23178336692735027
9724,development,1,0.7117984134199482
9725,holdout,0,0.7019796544138376
9726,development,0,0.13146088302861034
9727,development,0,0.12212538202813263
9728,holdout,0,0.1396111324324483
9729,development,0,0.15337837782847627
9730,development,0,0.10031034919646803
9731,development,0,0.19907874403908513
9732,development,1,0.09888867309126947
9733,development,0,0.14506939119138526
9734,holdout,1,0.1378057276158035
9735,holdout,0,0.11553145556418151
9736,development,1,0.7705250422682619
9737,development,0,0.1408320509449027
9738,development,0,0.11264221227329364
9739,holdout,0,0.1309153640501338
9740,holdout,0,0.2081307950924944
9741,development,0,0.09123334650755763
9742,development,0,0.1515440522753501
9743,holdout,0,0.12052164631761351
9744,development,1,0.13861505891031412
9745,development,0,0.09875647681953302
9746,holdout,0,0.1181436737019484
9747,holdout,1,0.8584846557817327
9748,development,0,0.43798122304504217
9749,development,0,0.3402855787924806
9750,development,1,0.16389794813735517
9751,development,0,0.31026837138341135
9752,holdout,1,0.8967306984838019
9753,holdout,1,0.31293271895703106
9754,holdout,0,0.11608957137012929
9755,development,0,0.1496741786062936
9756,development,1,0.4336185281295694
9757,development,0,0.15606678252784767
9758,development,0,0.13833505136119612
9759,holdout,0,0.1164791114581799
9760,development,1,0.2561583044042264
9761,development,0,0.7648430612159125
9762,development,0,0.11614174280117409
9763,holdout,0,0.22030808671541735
9764,development,0,0.11376365930414212
9765,holdout,0,0.1523294375115362
9766,development,0,0.1395377174692643
9767,development,0,0.13251381276028265
9768,development,0,0.21498677269439923
9769,development,1,0.7079575392663717
9770,development,0,0.24201657676280725
9771,development,0,0.1720561190316887
9772,development,0,0.13121737946274706
9773,development,0,0.11848423089840056
9774,development,1,0.6270209981777146
9775,development,1,0.14791805248341525
9776,holdout,1,0.5186313603240529
9777,holdout,0,0.17416434292391522
9778,development,0,0.10714196661173123
9779,development,0,0.09817652386199476
9780,development,0,0.11247330358022813
9781,development,0,0.0903878721155794
9782,development,0,0.41626542049606335
9783,development,0,0.15099836421955623
9784,holdout,0,0.13259299229428279
9785,holdout,1,0.20077292071223032
9786,holdout,1,0.5150486540628502
9787,development,1,0.3448817289749449
9788,holdout,0,0.8657634760967641
9789,development,1,0.12162471150480975
9790,development,0,0.19654181053779277
9791,holdout,0,0.10243339415333193
9792,development,0,0.12207170961551846
9793,development,1,0.07281277657994
9794,development,0,0.08618959998662223
9795,development,0,0.16479461193314562
9796,development,0,0.14629141070796384
9797,development,0,0.06170632391516354
9798,development,0,0.09901964397898039
9799,holdout,0,0.1860616378069807
9800,holdout,0,0.12654504635879685
9801,development,0,0.16532818342837877
9802,development,1,0.1832136707267245
9803,development,0,0.08186124605210801
9804,development,0,0.1539691777528549
9805,holdout,0,0.2224585370141813
9806,holdout,0,0.7364342022380979
9807,holdout,0,0.11732705428106416
9808,development,0,0.3473203798705974
9809,development,0,0.40596451140682915
9810,development,0,0.2725607197164928
9811,development,0,0.13589276499192604
9812,holdout,0,0.10836719497729405
9813,holdout,0,0.11253894645009643
9814,development,1,0.32118680456590937
9815,holdout,0,0.16769553378149418
9816,holdout,0,0.1180342814365262
9817,development,0,0.12036174543824978
9818,development,0,0.10315101963424571
9819,development,1,0.5255876842331089
9820,holdout,0,0.1757434899953393
9821,development,0,0.11955928296219161
9822,development,0,0.1519910694339222
9823,development,1,0.5058554925696468
9824,development,0,0.14199008148530695
9825,holdout,1,0.45261795740965627
9826,development,0,0.29129405884497883
9827,development,1,0.12114856638758618
9828,development,0,0.08424251244162172
9829,development,0,0.1439013102705655
9830,holdout,0,0.6927984322362015
9831,development,0,0.11463289980933344
9832,development,0,0.3241934330494501
9833,development,0,0.1361662042417691
9834,development,0,0.1700635017390064
9835,development,0,0.2801382345979139
9836,development,1,0.12735197067473264
9837,development,0,0.10463924519079643
9838,development,0,0.12960877773859694
9839,development,0,0.14910694671470257
9840,development,1,0.09913848593891426
9841,development,1,0.37436665652478535
9842,development,0,0.3157538475812157
9843,development,0,0.0806113777635046
9844,development,0,0.10033023537535955
9845,development,0,0.5368339823810127
9846,holdout,1,0.4836144356368977
9847,development,0,0.2214918917168564
9848,holdout,0,0.16002352745814769
9849,holdout,0,0.12957549956697575
9850,development,1,0.5057421438456305
9851,development,0,0.14333913681690297
9852,development,0,0.07454278203045281
9853,holdout,0,0.1593809739965038
9854,development,0,0.16763714199084787
9855,development,0,0.11323450521898261
9856,development,1,0.7285525610206719
9857,development,0,0.031588687952936144
9858,holdout,0,0.24310825914404277
9859,development,0,0.22702394366172673
9860,holdout,1,0.31628227875889237
9861,development,0,0.1086269940048321
9862,development,0,0.16132547040939896
9863,development,0,0.10973395013213075
9864,development,0,0.3366152219999161
9865,holdout,0,0.37031640649206665
9866,development,1,0.14317196485792077
9867,holdout,0,0.12683185168193464
9868,holdout,0,0.1659847758347181
9869,development,0,0.19805413966452282
9870,holdout,0,0.11175717167939912
9871,development,1,0.6982271589194513
9872,holdout,1,0.5411402140362177
9873,development,1,0.6806590606168
9874,development,0,0.14530951470369474
9875,development,0,0.13451942093240862
9876,development,0,0.16870137210773894
9877,development,0,0.11561186164580609
9878,holdout,1,0.13629894796334485
9879,development,0,0.43791265104924104
9880,development,0,0.17027018830096263
9881,development,0,0.13502475993463595
9882,development,0,0.034388205718447154
9883,development,0,0.1280656145810518
9884,development,0,0.19741529523779197
9885,development,0,0.073492321215326
9886,holdout,0,0.6348338863784032
9887,development,1,0.45387364952096737
9888,holdout,0,0.14753803243360739
9889,development,0,0.20677272930164986
9890,development,0,0.09855150855968428
9891,development,0,0.09206384337570152
9892,development,1,0.8076261409228438
9893,holdout,0,0.09250481374166038
9894,holdout,0,0.20971082834031665
9895,development,0,0.10433041374866914
9896,development,0,0.1355676919246504
9897,development,0,0.13166832840415985
9898,development,0,0.36107246438835505
9899,holdout,0,0.13413688407695978
9900,development,0,0.12894649956649376
9901,development,1,0.20743730183046394
9902,development,0,0.1615038180803451
9903,development,1,0.4906992847329257
9904,development,0,0.1758279665702135
9905,development,0,0.8873567514531241
9906,development,1,0.456046552769436
9907,development,1,0.7800366110854888
9908,development,0,0.1728142429144278
9909,development,1,0.7324147443288703
9910,development,0,0.1620200968169411
9911,development,0,0.14711458553947707
9912,holdout,0,0.253085792471579
9913,holdout,0,0.19840369690802337
9914,development,0,0.1167044662649999
9915,development,1,0.12049069027851629
9916,development,1,0.1989044251896101
9917,development,1,0.699686280952909
9918,development,0,0.11761095018882926
9919,holdout,1,0.5101070362082598
9920,development,0,0.12911522720241295
9921,holdout,0,0.05693181409065397
9922,development,0,0.1209116821161821
9923,development,0,0.1304863726027501
9924,development,0,0.11675585529504304
9925,holdout,0,0.061537158933782546
9926,development,0,0.15247185405552266
9927,holdout,0,0.176910300017915
9928,development,0,0.12604498324853594
9929,development,0,0.11697943881453567
9930,development,0,0.27049164682155036
9931,development,0,0.12483036208463257
9932,development,0,0.555762639077873
9933,development,0,0.11688646538852412
9934,holdout,0,0.12526525962525345
9935,development,0,0.10065511476059662
9936,development,0,0.1088039266919986
9937,development,0,0.06872769853954855
9938,development,1,0.7906305979268786
9939,development,0,0.14365535313623748
9940,holdout,0,0.7906305979268786
9941,development,1,0.15452493809800635
9942,development,0,0.17820327857235782
9943,development,0,0.17263027918409893
9944,holdout,0,0.10916397713933108
9945,development,0,0.1273815435030762
9946,development,0,0.1357901129199322
9947,development,0,0.10374698743438304
9948,development,0,0.09358812560331896
9949,development,0,0.12541025191469557
9950,holdout,1,0.2921148920985875
9951,development,0,0.10417211796571119
9952,development,0,0.10569608804427813
9953,development,0,0.3317926378734211
9954,development,0,0.11473445515285949
9955,development,1,0.28484173038709404
9956,development,1,0.24265291328483507
9957,development,0,0.12318046168550646
9958,development,1,0.4148037431309473
9959,development,0,0.125474510453561
9960,holdout,0,0.29743125812948773
9961,development,1,0.07149249600479299
9962,development,0,0.16202220684682875
9963,development,0,0.06917538669783635
9964,development,0,0.12240028101228004
9965,development,0,0.14801748539031223
9966,development,0,0.26912410044062807
9967,holdout,0,0.2867210175482922
9968,holdout,0,0.17748694341724355
9969,development,0,0.12511950801862293
9970,holdout,0,0.2566528945965456
9971,development,0,0.4035751094642117
9972,development,0,0.12070461444459984
9973,holdout,0,0.420563854347103
9974,development,0,0.11945117833763665
9975,development,0,0.08009935306887031
9976,development,0,0.12128149029475856
9977,development,0,0.1321654082361388
9978,development,0,0.11867352661543376
9979,development,0,0.09914424715210189
9980,development,0,0.14816542404414754
9981,holdout,1,0.6228751384164344
9982,development,0,0.1538758524268209
9983,holdout,0,0.14747280546980845
9984,development,0,0.14009851087791148
9985,development,0,0.25688626264177833
9986,development,0,0.10140011194529348
9987,development,1,0.12663750072741392
9988,holdout,1,0.16087620116095022
9989,holdout,0,0.24884499259709864
9990,development,0,0.17479825100257101
9991,development,1,0.4872155707727208
9992,holdout,1,0.11988741337035519
9993,development,1,0.4710838163490754
9994,development,0,0.48967768545836804
9995,holdout,1,0.3011412480129896
9996,holdout,0,0.16299070264425075
9997,development,0,0.11858450718173692
9998,development,0,0.6816278631855658
9999,holdout,0,0.2786560252064527
10000,development,0,0.31295455494213764
10001,development,1,0.2975359375323014
10002,holdout,0,0.08007854493863335
10003,development,0,0.09661097562302459
10004,development,0,0.33033569059226403
10005,development,0,0.18214547304675702
10006,development,0,0.1530429306787877
10007,development,0,0.18036528437640406
10008,development,0,0.31923877113933896
10009,development,0,0.09937612712440928
10010,development,0,0.14042385804038082
10011,development,1,0.13041581825168433
10012,development,1,0.24317099435275685
10013,development,1,0.24891005841059466
10014,development,1,0.7318732232187777
10015,development,0,0.12943933243181716
10016,development,0,0.5448131302790776
10017,development,0,0.12633417145607745
10018,development,0,0.6888643675554316
10019,holdout,1,0.11022930769429067
10020,development,1,0.13210593801482481
10021,development,0,0.11232033012667254
10022,holdout,0,0.1151731521131121
10023,holdout,0,0.095469412159493
10024,development,0,0.6109353953269024
10025,development,0,0.15405926037003614
10026,development,0,0.1226181746660959
10027,development,0,0.4123282289740031
10028,development,1,0.06735634428484118
10029,holdout,0,0.21117546992579395
10030,development,0,0.13719960111905777
10031,holdout,1,0.07594019792599778
10032,development,0,0.1326337091123487
10033,holdout,1,0.37048560671801317
10034,holdout,0,0.15206557301792012
10035,development,0,0.12823677050011925
10036,holdout,0,0.16589289009144065
10037,holdout,0,0.0745353928628432
10038,development,0,0.4181703018822292
10039,development,0,0.11808322823300622
10040,development,0,0.33487893205368474
10041,holdout,1,0.532533756482034
10042,holdout,1,0.11684219109016734
10043,development,0,0.14808993679765894
10044,development,1,0.1246551502222704
10045,holdout,1,0.3961514067840599
10046,development,0,0.17293827920586116
10047,development,0,0.042201554487366046
10048,development,0,0.11208758466846638
10049,development,0,0.16520793882162532
10050,development,1,0.10987991848348572
10051,development,0,0.1161063764273889
10052,holdout,1,0.10151865362843064
10053,development,0,0.10927770957813909
10054,development,0,0.12705287784010943
10055,development,1,0.31477547104584824
10056,development,0,0.15247059294880505
10057,development,0,0.12687328135016068
10058,development,0,0.07992240357282426
10059,holdout,0,0.14943327447815105
10060,development,1,0.38333200209380774
10061,holdout,0,0.058151616516647166
10062,development,1,0.6129412477972972
10063,development,0,0.14702800266196747
10064,development,0,0.11563636661016358
10065,development,0,0.2466929668289992
10066,development,0,0.33444272349864557
10067,development,0,0.101746280520747
10068,development,0,0.11048249887891204
10069,development,1,0.6896106186531592
10070,holdout,1,0.6433840957622278
10071,holdout,0,0.15977803574166669
10072,holdout,0,0.19161791653090066
10073,development,0,0.07794398485439305
10074,holdout,1,0.6756164897755322
10075,holdout,1,0.15404144268440642
10076,holdout,0,0.1422376651870771
10077,holdout,1,0.1954078405312485
10078,development,0,0.4921265831670352
10079,holdout,0,0.11986237626879369
10080,holdout,0,0.32227404461752285
10081,development,0,0.1805327223729672
10082,development,0,0.1371801337094864
10083,development,1,0.36297631272096986
10084,development,0,0.4907342464298312
10085,holdout,1,0.10399123395533479
10086,development,0,0.15727558667115957
10087,development,1,0.1857496391481182
10088,development,1,0.5741016096875441
10089,holdout,0,0.17868284203941534
10090,development,0,0.0922071498729091
10091,development,0,0.10789200681066688
10092,development,1,0.09780887505067323
10093,development,0,0.22942208423292373
10094,development,0,0.12383660764782405
10095,development,1,0.5052179573424891
10096,development,0,0.10541990449923445
10097,development,1,0.5634720112784933
10098,holdout,0,0.1181492259425513
10099,development,0,0.11956993690867182
10100,development,0,0.15902692637577673
10101,development,1,0.0780355554995223
10102,holdout,0,0.13886321785313002
10103,holdout,0,0.14800819829907985
10104,development,0,0.10014418043241045
10105,holdout,0,0.2254913602269471
10106,development,0,0.07381893609245593
10107,development,0,0.13800288900170546
10108,development,1,0.16649946313765074
10109,development,0,0.10787550597617257
10110,development,0,0.3252430203573414
10111,development,0,0.1271624440906131
10112,development,0,0.10502766047063143
10113,development,1,0.3535293722343601
10114,development,0,0.06385092904257958
10115,holdout,0,0.11941700507594558
10116,development,0,0.33438641311946693
10117,holdout,0,0.31002239393448167
10118,holdout,0,0.10701865584576625
10119,development,0,0.12485345560433893
10120,holdout,0,0.125511231086003
10121,holdout,1,0.4138546131089615
10122,development,0,0.09531890229542818
10123,holdout,0,0.1177621420923978
10124,holdout,0,0.08400132276743753
10125,development,0,0.11757877646083918
10126,development,0,0.13876785150717924
10127,development,0,0.16867930581226778
10128,development,1,0.4581031889415107
10129,development,0,0.04832542276155855
10130,development,0,0.3217230138920006
10131,holdout,1,0.13657113007121852
10132,development,1,0.07608279014309714
10133,development,0,0.1199306694656081
10134,development,0,0.12575756433743698
10135,development,1,0.6780615556354027
10136,development,0,0.1684164565040788
10137,development,0,0.09603316287498619
10138,holdout,1,0.280142649255326
10139,development,0,0.4074439863548817
10140,development,0,0.13052317424436716
10141,holdout,0,0.10175407574879132
10142,development,1,0.14447713980823088
10143,development,0,0.11782925573693162
10144,development,0,0.11424798039347246
10145,holdout,0,0.31041349959251097
10146,development,0,0.12552789900806732
10147,development,0,0.1209646790149151
10148,holdout,0,0.1257185877185705
10149,development,0,0.12283152479579557
10150,holdout,0,0.3081588621477644
10151,development,0,0.22035738225554663
10152,development,0,0.14925769259418467
10153,development,0,0.27964144411444775
10154,development,0,0.10989824003019198
10155,holdout,0,0.1225921612336718
10156,development,0,0.16821614649852187
10157,development,0,0.10873508273615444
10158,development,1,0.437759160741747
10159,development,0,0.09677832494401653
10160,holdout,0,0.1218646729324219
10161,development,0,0.16549253959414167
10162,development,0,0.11395205824899053
10163,development,0,0.17362264772816716
10164,development,0,0.617396097814379
10165,development,0,0.10418815530618904
10166,development,1,0.12874576559096995
10167,development,1,0.14992104710283968
10168,development,0,0.17906631647123555
10169,development,0,0.18702264903404411
10170,holdout,0,0.6543978934849088
10171,development,0,0.17783643455214512
10172,development,0,0.14928888520771197
10173,development,0,0.12401845545866663
10174,development,1,0.11567558914437692
10175,development,0,0.09191532829696533
10176,development,1,0.5623178145922001
10177,development,0,0.6428320171808823
10178,development,0,0.13959832342695774
10179,development,1,0.3181986949485053
10180,development,0,0.06603633528689298
10181,holdout,0,0.08394454929205893
10182,development,0,0.13635003212419397
10183,development,0,0.06394143725183567
10184,development,0,0.1894335575224268
10185,development,0,0.12031714744512163
10186,holdout,0,0.07631915637100463
10187,development,0,0.7932471290970721
10188,development,0,0.1540483829880756
10189,development,1,0.16548383340120754
10190,development,0,0.19819121091151246
10191,development,1,0.47091674219635105
10192,holdout,0,0.09916542403655364
10193,holdout,0,0.1253615328920555
10194,development,0,0.3720598105477599
10195,development,1,0.07779360026375584
10196,development,0,0.17927655955594748
10197,holdout,0,0.16642556653241403
10198,holdout,0,0.1198493378359858
10199,development,1,0.16028598297096897
10200,development,0,0.12164381896269713
10201,development,0,0.38222804551359707
10202,development,1,0.12492042111430424
10203,holdout,0,0.1749285413732486
10204,development,1,0.52627439301547
10205,development,0,0.1512548690721892
10206,development,0,0.06367917192061023
10207,development,1,0.48430040422809595
10208,development,1,0.11236633449903007
10209,development,1,0.8034686819515311
10210,development,0,0.13971520203541737
10211,development,0,0.12185009167944949
10212,development,1,0.3067981075341443
10213,holdout,1,0.3084196311222433
10214,holdout,1,0.5400345833509717
10215,development,0,0.13484158807808816
10216,development,0,0.1316026442522822
10217,development,0,0.12024935189439293
10218,development,1,0.19839644380930274
10219,development,0,0.10377116518923311
10220,holdout,0,0.13127169403397554
10221,development,0,0.0910210510525432
10222,development,0,0.14058321825467904
10223,development,0,0.251320386984194
10224,development,1,0.09567507117491085
10225,development,0,0.13493944706911554
10226,holdout,1,0.37768021838531307
10227,holdout,0,0.10721587778994807
10228,development,0,0.32473545108715596
10229,development,1,0.2915978912936335
10230,holdout,0,0.17592349114756803
10231,holdout,1,0.6532994280436096
10232,development,1,0.1370600830399057
10233,development,0,0.06682212413710173
10234,development,0,0.1515843579256615
10235,development,0,0.12576153194305267
10236,development,0,0.3204151258675758
10237,development,1,0.11168313740029712
10238,development,1,0.6782834797754528
10239,development,0,0.41350407992792704
10240,holdout,1,0.6542980198583572
10241,holdout,0,0.1738079412050542
10242,development,1,0.18130988509841142
10243,development,0,0.11540596437960254
10244,development,0,0.26795279811332706
10245,holdout,0,0.10018144309690216
10246,holdout,0,0.09722131381401392
10247,development,0,0.6805620820314485
10248,holdout,0,0.12193607097832591
10249,development,1,0.8123836814007798
10250,development,0,0.19170006533165362
10251,holdout,0,0.19986452132954124
10252,development,0,0.48973735931150303
10253,development,1,0.1334875570009254
10254,development,0,0.11654290297151432
10255,development,1,0.6468959519307503
10256,development,0,0.1283185039923033
10257,development,0,0.11266043278856429
10258,holdout,1,0.6918018314613584
10259,holdout,1,0.10911777199196686
10260,development,0,0.13622994612378053
10261,development,0,0.12010667947823964
10262,holdout,0,0.10962757869528136
10263,holdout,0,0.12177341069684545
10264,holdout,1,0.36723477769754315
10265,development,0,0.112640222093857
10266,development,0,0.08259812104750187
10267,holdout,0,0.13017707941607073
10268,development,0,0.6852634704445864
10269,development,0,0.29231413747777885
10270,holdout,0,0.187498092340744
10271,development,0,0.1363161889539915
10272,development,0,0.10096891691040465
10273,development,0,0.19514523390912836
10274,development,0,0.1067078870740929
10275,holdout,0,0.15869667778887098
10276,development,0,0.05575963024021018
10277,development,0,0.12420595674520223
10278,development,0,0.17851721342731408
10279,development,0,0.4524898970474493
10280,holdout,0,0.1596890487535968
10281,development,0,0.13236215495379416
10282,development,0,0.15095693424920337
10283,holdout,1,0.12353360532427339
10284,holdout,0,0.15521958831856764
10285,development,0,0.2088776105163156
10286,holdout,0,0.10662384787454798
10287,holdout,0,0.1844955615506685
10288,development,1,0.26093057825247573
10289,development,0,0.13716053051631533
10290,development,0,0.07167657031692265
10291,development,0,0.13870644952393651
10292,holdout,1,0.18028761413290012
10293,development,0,0.1333453272852638
10294,development,1,0.7583510849863395
10295,development,0,0.21079320156317632
10296,holdout,0,0.17496076139933048
10297,holdout,0,0.12991076172224186
10298,development,0,0.1216131416700214
10299,holdout,0,0.2134914021403769
10300,development,0,0.11743513184115124
10301,development,1,0.12448465893794207
10302,holdout,0,0.29695285229671725
10303,development,0,0.13509071847949153
10304,development,1,0.11291859833323555
10305,holdout,0,0.11553105046488853
10306,holdout,1,0.4073577765291131
10307,holdout,0,0.11812038378023601
10308,development,0,0.0766552556861512
10309,holdout,0,0.33386832598891053
10310,development,0,0.11733379540276977
10311,development,1,0.4810854074449299
10312,development,0,0.15437114354350553
10313,holdout,0,0.14768438958244454
10314,holdout,1,0.5792789750496515
10315,holdout,0,0.1163138267763929
10316,development,1,0.3228418054690097
10317,development,1,0.10922639654208469
10318,holdout,0,0.15839465948481105
10319,development,0,0.12050934864861523
10320,holdout,0,0.17052126688545413
10321,holdout,0,0.08094175326844263
10322,development,0,0.11064047406642902
10323,holdout,0,0.14299130399795107
10324,development,1,0.5292913914382218
10325,development,1,0.32524856935939717
10326,development,0,0.12442797658042239
10327,development,0,0.09883828032920136
10328,holdout,1,0.09333357825756596
10329,holdout,0,0.14103221251809145
10330,holdout,0,0.09960402705145764
10331,holdout,0,0.3693659279062438
10332,development,1,0.5841865206364883
10333,development,0,0.3474725310007396
10334,development,1,0.6940380366380091
10335,holdout,0,0.16536716832063109
10336,holdout,0,0.1902836873349785
10337,development,0,0.15143675606733886
10338,development,0,0.13115676465315898
10339,holdout,1,0.4217082156195068
10340,development,0,0.10982624678462949
10341,development,0,0.3173097647204967
10342,development,0,0.1370066603477139
10343,development,0,0.08758282087040341
10344,holdout,1,0.3060183083953491
10345,development,0,0.6079470895303494
10346,development,0,0.12792565399206185
10347,holdout,0,0.12000001685154348
10348,holdout,0,0.19635469057351923
10349,development,0,0.1398649878523631
10350,development,0,0.14420918437844477
10351,development,0,0.08593990080364498
10352,development,0,0.14152454200572068
10353,development,1,0.7082954594392854
10354,development,1,0.1153600085887462
10355,holdout,1,0.3011090847545387
10356,development,0,0.13334767492716487
10357,development,0,0.139050777035861
10358,holdout,0,0.33319945265516393
10359,development,0,0.6964134119105266
10360,holdout,0,0.054849255111291406
10361,development,0,0.1306933978096971
10362,development,1,0.3391610213453177
10363,development,0,0.12519530494090084
10364,development,0,0.21091826121342347
10365,development,0,0.1323478661002009
10366,development,1,0.5127534537728954
10367,holdout,1,0.3534237526126345
10368,development,0,0.2099012257588523
10369,development,0,0.14683666710600649
10370,holdout,1,0.9409833548117816
10371,holdout,0,0.179112082968094
10372,development,0,0.23107602266872135
10373,development,0,0.12845065323166172
10374,holdout,1,0.11298972667180011
10375,development,1,0.62864171174485
10376,holdout,0,0.11213906799422552
10377,development,0,0.2396613577944598
10378,holdout,0,0.38131664066678944
10379,holdout,0,0.1942318780810246
10380,development,0,0.2323069721934554
10381,holdout,0,0.21421502447209234
10382,development,0,0.10980625537645193
10383,holdout,0,0.3975059194834285
10384,development,0,0.17318770926722893
10385,development,0,0.12612503381462248
10386,development,0,0.12931787736638198
10387,development,0,0.11444270031893984
10388,development,0,0.06901194364233064
10389,development,0,0.10811016057790371
10390,holdout,0,0.1409880116152184
10391,development,0,0.0901558507609239
10392,development,0,0.14584407534177635
10393,development,1,0.479847936606708
10394,development,1,0.6956020490885355
10395,development,1,0.20253159011864771
10396,development,1,0.34034060662447524
10397,holdout,0,0.10047595594961391
10398,development,0,0.08734468825996368
10399,development,0,0.1335347659182709
10400,development,0,0.16666319560418738
10401,development,0,0.15571298047113513
10402,holdout,0,0.08118525170149765
10403,development,0,0.29579737811022616
10404,development,0,0.2617470445426227
10405,development,0,0.22120547976872895
10406,development,0,0.14736875145602274
10407,development,0,0.11337245938512741
10408,development,0,0.145083743257146
10409,development,0,0.1272899092786695
10410,development,1,0.8775032171845025
10411,development,1,0.17524173269476798
10412,development,1,0.13363801561609182
10413,development,0,0.11459944502808612
10414,development,0,0.35929201850695675
10415,development,1,0.1568051536229589
10416,holdout,0,0.29726116290667753
10417,holdout,0,0.13298919033263396
10418,holdout,0,0.32237460539511564
10419,development,0,0.14791009593887341
10420,development,0,0.11975209858510664
10421,holdout,0,0.14163078473363608
10422,holdout,1,0.1505610744345917
10423,development,0,0.10389401372446878
10424,holdout,1,0.1193125164785798
10425,development,0,0.11693981177024816
10426,development,0,0.3786179935952372
10427,development,0,0.17289414631714703
10428,development,1,0.11421330419427757
10429,development,1,0.3991291944843669
10430,holdout,0,0.1502633811375297
10431,development,0,0.09880382711290574
10432,development,1,0.34034944332008915
10433,development,1,0.3451552654648223
10434,holdout,0,0.14323554097328017
10435,development,0,0.18515249508869167
10436,development,0,0.21588380924625217
10437,development,0,0.5793778690361961
10438,development,0,0.09327279321010572
10439,development,1,0.5168405138105292
10440,development,0,0.09214123123866451
10441,development,0,0.2552593626341799
10442,development,0,0.16356822843390334
10443,holdout,0,0.24274065749373439
10444,holdout,0,0.46099113894866783
10445,holdout,0,0.1377322798344716
10446,development,0,0.07244299119309919
10447,holdout,0,0.2696399435855699
10448,development,1,0.30738585287213605
10449,development,1,0.48108528828947295
10450,development,0,0.06640040193012528
10451,development,0,0.09942722677226237
10452,holdout,0,0.13644884725503278
10453,holdout,0,0.12318725572349006
10454,development,1,0.3790099104101715
10455,development,1,0.5100785960589892
10456,development,0,0.12172000203327862
10457,development,1,0.13284826674042632
10458,development,0,0.23994621138457298
10459,development,0,0.11960480867080261
10460,development,1,0.09622474207726633
10461,holdout,0,0.10281194604276127
10462,development,0,0.11975958217361099
10463,holdout,0,0.11099674053560539
10464,development,0,0.12846892674685118
10465,development,0,0.16169824333565616
10466,development,1,0.47410769327172025
10467,development,0,0.11411537691994525
10468,development,0,0.445529835737291
10469,development,0,0.16995219928643734
10470,development,0,0.33622971685568287
10471,development,0,0.11960028695598562
10472,holdout,0,0.11001960129826717
10473,development,0,0.13876539792193376
10474,holdout,0,0.6967488724211087
10475,development,0,0.141145837488363
10476,development,1,0.13080276629139137
10477,development,0,0.16598738003209815
10478,development,0,0.10663609652947936
10479,development,0,0.1325128071085843
10480,development,1,0.08292255007322702
10481,development,0,0.1459355874950545
10482,development,0,0.11891531316018113
10483,development,0,0.1402302857826476
10484,holdout,0,0.132638157981408
10485,development,0,0.07935621147593831
10486,development,0,0.12304118576854574
10487,development,0,0.14654042094596156
10488,development,0,0.15323315786921599
10489,holdout,0,0.16244068811632362
10490,development,0,0.12081344361911658
10491,development,0,0.11942632695321898
10492,development,0,0.19075420860871004
10493,development,0,0.13318060444805607
10494,holdout,0,0.07403507947975668
10495,development,0,0.10018455606779497
10496,development,0,0.12333104369452189
10497,holdout,0,0.1463663140998607
10498,development,0,0.1490100446882542
10499,holdout,0,0.0881336307455218
10500,holdout,1,0.1362819803065862
10501,holdout,1,0.12359098335227174
10502,development,0,0.11004232511748481
10503,development,0,0.12832217413875327
10504,development,0,0.10541822383322355
10505,development,0,0.12539625263983245
10506,holdout,1,0.130029279142107
10507,development,0,0.12861316893996408
10508,development,0,0.15666599486668104
10509,development,0,0.14387841671440682
10510,holdout,1,0.21363940274845453
10511,holdout,0,0.11465128364792125
10512,holdout,1,0.11911062981296432
10513,development,0,0.11810191652526238
10514,development,0,0.07283109997052319
10515,development,0,0.12087033220013946
10516,development,0,0.11907902785912891
10517,holdout,1,0.6313218765281255
10518,holdout,0,0.12418673036231617
10519,development,1,0.4125102053846022
10520,development,0,0.16580592040773373
10521,holdout,0,0.1747215588724531
10522,development,0,0.08391677434559251
10523,holdout,0,0.15275272571403084
10524,development,1,0.32208738755726174
10525,development,0,0.1364014351012191
10526,development,0,0.10528755893233795
10527,holdout,0,0.3531403963364299
10528,development,1,0.20553959955476128
10529,development,0,0.1581411284701223
10530,development,0,0.1963876535596865
10531,development,0,0.3681144725490353
10532,development,0,0.15537234860797985
10533,holdout,0,0.1716197596499527
10534,holdout,1,0.5062263884801552
10535,development,0,0.11605195988925825
10536,holdout,0,0.15717585212266413
10537,development,0,0.14895279097416872
10538,development,1,0.4965380297518974
10539,development,0,0.20705753110438999
10540,development,0,0.1436626232886238
10541,development,0,0.1635771187965029
10542,development,0,0.12600204168082102
10543,development,1,0.5847552587524987
10544,development,1,0.3143798575271981
10545,development,0,0.21119844273978125
10546,development,0,0.13514420082823433
10547,development,1,0.5995089971598894
10548,development,0,0.17089520851876788
10549,development,0,0.1587706262416357
10550,holdout,0,0.15469875192742766
10551,development,1,0.27460767648695095
10552,holdout,0,0.13062813062967904
10553,development,1,0.3096489839353072
10554,holdout,1,0.4364032528833583
10555,development,0,0.1241724764141066
10556,holdout,0,0.1176783341079106
10557,development,0,0.2908594490373396
10558,development,0,0.11710901965378012
10559,development,0,0.1843109020713626
10560,holdout,0,0.12441029441180655
10561,development,0,0.06839777139679114
10562,holdout,0,0.11310482296761645
10563,holdout,1,0.29253850730105535
10564,holdout,0,0.14655074035450097
10565,development,0,0.28120868995084525
10566,development,0,0.3642990449400861
10567,holdout,0,0.10106416641831907
10568,development,0,0.1203346551810306
10569,development,0,0.1282280957138916
10570,development,0,0.3166691300009522
10571,holdout,0,0.3681269651018055
10572,development,1,0.632957948974143
10573,development,0,0.15914484472974552
10574,development,0,0.16838957373373079
10575,development,0,0.6733947219800683
10576,development,0,0.17198567894421982
10577,development,0,0.11936603726382128
10578,development,0,0.1461451866559584
10579,development,0,0.0725895203074519
10580,development,0,0.1366144194401069
10581,development,1,0.13220113465321695
10582,development,1,0.20067814977171275
10583,development,0,0.13432655416842657
10584,development,1,0.4689724998705814
10585,development,1,0.2762018291045738
10586,holdout,0,0.11476623529077477
10587,development,0,0.11361553585083513
10588,development,0,0.1341058149252614
10589,holdout,0,0.10307014333118154
10590,development,0,0.09988832185289986
10591,development,0,0.5513882411520609
10592,development,0,0.08643286980223616
10593,development,0,0.26700102643051715
10594,development,0,0.2345728405875478
10595,holdout,0,0.1586097187423161
10596,development,1,0.5296169861354214
10597,development,0,0.7585288142481853
10598,holdout,0,0.12562999050947346
10599,development,0,0.11273514004334566
10600,development,0,0.30646785119272624
10601,development,1,0.06419570607222376
10602,development,0,0.20616922716160246
10603,development,0,0.9776618436169664
10604,development,1,0.609705824153348
10605,development,0,0.14749834220713562
10606,development,0,0.2840532085105002
10607,development,0,0.06459466053412413
10608,development,1,0.18587831080483477
10609,development,0,0.22630156637839877
10610,development,0,0.12431464710419887
10611,development,0,0.410960672340049
10612,development,0,0.12820564893199546
10613,holdout,1,0.14846446529420718
10614,development,0,0.12066411223939
10615,development,0,0.11638220369978243
10616,holdout,1,0.5805144211829657
10617,holdout,0,0.195786429945989
10618,development,0,0.24040308515484332
10619,holdout,0,0.04827469865671951
10620,development,1,0.3313323098090152
10621,development,0,0.12227997007545151
10622,holdout,0,0.6848536359690341
10623,development,0,0.41008560449031134
10624,development,1,0.7299024949247881
10625,holdout,0,0.17469602059716421
10626,development,0,0.12392512233669148
10627,development,0,0.18745799563239035
10628,development,0,0.15391362203547138
10629,holdout,0,0.43486840901755863
10630,holdout,0,0.1667422150455189
10631,holdout,1,0.6839902210869375
10632,development,0,0.1258000764190238
10633,development,0,0.1196367313250397
10634,development,0,0.11032907514092864
10635,development,1,0.11889587999961405
10636,development,0,0.13359864771776395
10637,development,0,0.36117979055932553
10638,development,0,0.11863392462275062
10639,development,0,0.16386441307277066
10640,development,0,0.21930318939500995
10641,holdout,0,0.07562873161240029
10642,development,1,0.7566245745654995
10643,holdout,0,0.10247646140209889
10644,development,0,0.1335076323014544
10645,development,0,0.10929520893997237
10646,development,0,0.12741126627171356
10647,development,0,0.13219463307719415
10648,development,0,0.1516692776486417
10649,development,1,0.33638947885418635
10650,development,0,0.09933095364078891
10651,holdout,0,0.16574586305246364
10652,development,1,0.15236877921468608
10653,development,0,0.16586207179346765
10654,development,1,0.10342348955326179
10655,development,1,0.37786871810137884
10656,development,1,0.14205802035839904
10657,development,0,0.18273236674393137
10658,development,0,0.21372891074776504
10659,development,0,0.13843091289288423
10660,holdout,1,0.10260838380507807
10661,development,0,0.1214748546775854
10662,holdout,0,0.20813435258372182
10663,holdout,0,0.28150829347477024
10664,development,0,0.12444211828938737
10665,development,0,0.150049782944996
10666,development,0,0.08347876341882997
10667,holdout,0,0.1165946976174032
10668,development,1,0.06642009457166402
10669,holdout,0,0.1090790426356851
10670,development,0,0.1095019318998321
10671,development,0,0.16393229686378966
10672,development,0,0.3070208220227304
10673,development,0,0.12064098516708789
10674,development,0,0.12336437455976292
10675,development,0,0.10187924354645415
10676,development,0,0.31583132329340763
10677,development,0,0.03555822947181353
10678,development,0,0.12834429853230697
10679,development,0,0.2113605065858509
10680,holdout,0,0.17071279091593267
10681,development,0,0.06979674723374085
10682,holdout,0,0.29733600357372464
10683,development,0,0.13350646368302826
10684,development,0,0.23240429633893908
10685,development,1,0.6981932604211295
10686,development,1,0.07142197095472667
10687,development,0,0.13825463799323648
10688,holdout,0,0.10691767687462787
10689,development,0,0.21799215898350585
10690,development,0,0.4366080403615432
10691,development,0,0.10661010706470335
10692,development,1,0.11379718745145484
10693,development,0,0.09477824918076548
10694,holdout,0,0.14394395162738918
10695,development,0,0.13147542477718782
10696,development,0,0.12416708354709352
10697,development,0,0.29445840314110905
10698,development,0,0.23259102482032937
10699,development,1,0.5048618173700852
10700,development,0,0.23017793188214988
10701,development,0,0.14250517394012296
10702,development,0,0.12409565785849386
10703,development,0,0.12453816410668726
10704,development,0,0.16621235613650479
10705,development,0,0.1579607284329942
10706,development,0,0.15510422595995688
10707,development,1,0.3102165650566604
10708,development,1,0.7328376189669632
10709,development,1,0.053969055915527794
10710,development,0,0.10238646018616443
10711,development,1,0.1476904800201897
10712,development,1,0.4798646405992147
10713,development,1,0.8456574084633384
10714,development,0,0.12604321314102787
10715,development,0,0.12267464879214354
10716,holdout,0,0.5300569092037943
10717,development,0,0.1269806180155559
10718,holdout,1,0.13721778294497036
10719,development,0,0.3002933011634502
10720,development,0,0.15426183565756119
10721,holdout,0,0.06771717573012569
10722,holdout,1,0.699415597243244
10723,holdout,0,0.12745953472702684
10724,development,1,0.21007994340099795
10725,holdout,0,0.11027471789464655
10726,holdout,0,0.7106892881605998
10727,development,1,0.19201954630179077
10728,holdout,1,0.269732320387941
10729,development,0,0.13413439278284867
10730,development,0,0.1492509618795325
10731,holdout,0,0.47836257470563387
10732,holdout,0,0.28197343997640717
10733,development,0,0.20539544944589397
10734,development,0,0.13796797337065853
10735,holdout,0,0.11552398593204602
10736,development,0,0.12243452242102648
10737,development,0,0.32928888519431376
10738,holdout,1,0.7482600831599933
10739,development,0,0.09765552886762859
10740,holdout,0,0.14554985011205374
10741,holdout,1,0.6959513200582449
10742,development,0,0.12597280063547986
10743,holdout,0,0.1282362556304998
10744,holdout,0,0.08185701983541352
10745,development,0,0.14345551861808842
10746,development,0,0.10387296058457077
10747,holdout,0,0.7508414951089184
10748,holdout,0,0.10241266874241549
10749,holdout,1,0.3447452172471562
10750,development,0,0.2694523351204509
10751,holdout,0,0.40114281838959864
10752,holdout,0,0.14811582399266712
10753,holdout,1,0.24799859046981115
10754,development,0,0.11153479449221534
10755,development,0,0.15890444164183853
10756,development,0,0.14343812181157256
10757,development,1,0.3957699085270482
10758,holdout,0,0.3096752262999811
10759,development,0,0.3255439296244051
10760,holdout,0,0.19542864001198954
10761,development,1,0.3975878460941304
10762,development,0,0.4934246796039705
10763,development,0,0.12574058395410215
10764,holdout,0,0.1351255956977609
10765,holdout,0,0.12506796287388738
10766,development,0,0.3764098735281957
10767,development,0,0.1235911771125424
10768,development,1,0.07209132508005203
10769,holdout,0,0.09794982144508738
10770,development,0,0.29030132430181776
10771,development,0,0.13353685516002534
10772,holdout,0,0.12777673333006362
10773,development,0,0.4429832248296005
10774,holdout,1,0.7304680155492353
10775,holdout,0,0.1658866463121938
10776,development,0,0.15394632688516943
10777,development,0,0.12557331437815045
10778,holdout,0,0.22472577522696222
10779,development,0,0.1255569030113613
10780,development,0,0.1581667328272702
10781,holdout,0,0.11175839396460209
10782,development,0,0.10681466617777173
10783,holdout,1,0.19759842147648257
10784,holdout,1,0.4509339292852913
10785,development,0,0.07827687636788278
10786,development,1,0.6405620132907653
10787,holdout,0,0.17762340920357247
10788,holdout,0,0.11381375741234545
10789,development,1,0.21841795921035537
10790,development,1,0.18539128079758077
10791,development,0,0.07338868112461008
10792,development,0,0.11630739592074296
10793,development,0,0.11057175715694167
10794,development,0,0.2720053649505169
10795,development,1,0.27738709366906894
10796,development,0,0.1218678057071205
10797,development,1,0.11192394256527216
10798,holdout,0,0.11790046576507254
10799,development,1,0.3740455810829967
10800,development,0,0.36579873368567073
10801,holdout,0,0.11860961795769628
10802,development,0,0.14355399181659215
10803,holdout,0,0.11427341989384832
10804,development,0,0.10438472351683427
10805,development,0,0.06858579260528566
10806,holdout,1,0.3446820610476488
10807,development,0,0.1874806644655947
10808,development,0,0.7726798235238154
10809,development,0,0.14513328343019405
10810,development,0,0.189061764475111
10811,development,1,0.3757258363503562
10812,development,0,0.12503520865144513
10813,development,0,0.1527204453265928
10814,development,0,0.15279027402371761
10815,development,0,0.12244565034094446
10816,holdout,0,0.1237523519166651
10817,development,0,0.14825007901324724
10818,holdout,1,0.24044106704855256
10819,development,0,0.1295735558284283
10820,development,0,0.09056295063684007
10821,development,0,0.4081520966681974
10822,holdout,0,0.3913287325071795
10823,development,0,0.15502223039304483
10824,holdout,0,0.12215812822133648
10825,development,1,0.20376690503928738
10826,holdout,0,0.07096568378287035
10827,development,0,0.11845178786687328
10828,development,0,0.09680728772750367
10829,development,1,0.18582671401565426
10830,holdout,0,0.0968883619415638
10831,development,0,0.1607665032914981
10832,development,1,0.11458949166855825
10833,development,1,0.12176175802131192
10834,development,1,0.08993773613140763
10835,development,0,0.1758324644722194
10836,holdout,1,0.26579823454463064
10837,holdout,0,0.13909526150245732
10838,development,0,0.1064113432468781
10839,development,0,0.20104718446062578
10840,development,0,0.11015151722311295
10841,development,0,0.17735235384136908
10842,holdout,1,0.44811931282025336
10843,holdout,0,0.08168988041107338
10844,development,0,0.11483255139519838
10845,holdout,0,0.153875237937496
10846,holdout,1,0.7556300071578587
10847,development,1,0.20389139404059417
10848,development,0,0.17182731194316
10849,development,0,0.19001218461905217
10850,development,0,0.1311499827585497
10851,development,0,0.12513642354087146
10852,development,0,0.20220911935792987
10853,development,0,0.10196189720631876
10854,development,0,0.17625110236224498
10855,development,0,0.19907648339414083
10856,development,0,0.19307647180637308
10857,development,0,0.1168635924248249
10858,development,0,0.10754778496052082
10859,holdout,0,0.040385903151046926
10860,development,0,0.09706291875482105
10861,development,0,0.21835384263486282
10862,development,0,0.16956138473244692
10863,holdout,0,0.1937119702710643
10864,development,1,0.24279393763697485
10865,development,0,0.31130764125168386
10866,holdout,0,0.24383838891011933
10867,holdout,0,0.18562210987603356
10868,development,0,0.12921728090269896
10869,holdout,1,0.17542524967602258
10870,development,0,0.1690167649552244
10871,development,0,0.11653638722244682
10872,development,0,0.12196274112110998
10873,development,0,0.10566390238095313
10874,development,0,0.12783816353716632
10875,development,0,0.1572930504509391
10876,development,1,0.07399216713376877
10877,development,0,0.15372654522817353
10878,holdout,0,0.1442516143886771
10879,holdout,0,0.1554455372109385
10880,holdout,1,0.2550169187324766
10881,holdout,0,0.1823024610729532
10882,holdout,0,0.13987654106129546
10883,development,0,0.12084175232302567
10884,holdout,1,0.5659889585014255
10885,holdout,0,0.09698953877132822
10886,holdout,0,0.07819447098812006
10887,development,0,0.5368655699617675
10888,development,0,0.18584798287988788
10889,holdout,0,0.1401898557865094
10890,development,0,0.13045874948677869
10891,holdout,1,0.12348720862857672
10892,development,1,0.9749484792447889
10893,development,1,0.08883751060202415
10894,holdout,0,0.11340903999157835
10895,development,1,0.4037417048155303
10896,holdout,1,0.440611898439119
10897,development,0,0.1463953471932347
10898,development,0,0.12691570638146202
10899,development,0,0.07093947718808795
10900,holdout,0,0.16686100864272704
10901,development,0,0.03328254969556314
10902,holdout,1,0.1627492782974296
10903,development,0,0.10912138669991749
10904,holdout,0,0.0981710182301121
10905,development,0,0.09917321275995494
10906,development,0,0.12140401898440151
10907,holdout,0,0.09733564948344706
10908,development,0,0.592596567615105
10909,development,0,0.14740995776063084
10910,holdout,1,0.6791286217896317
10911,development,0,0.19583677864959986
10912,development,0,0.14717611517713555
10913,development,0,0.10265008934213496
10914,development,0,0.1338058856882063
10915,development,0,0.13870492296043826
10916,development,0,0.1052822961761402
10917,development,0,0.14150454727059947
10918,holdout,0,0.1912458884836442
10919,development,0,0.15676067669580185
10920,development,0,0.127566271491149
10921,holdout,0,0.04029388480987817
10922,development,0,0.1175545884155832
10923,holdout,0,0.12096224090967508
10924,holdout,0,0.17859849305615758
10925,holdout,1,0.7287130687149468
10926,development,0,0.31143205627971365
10927,development,0,0.16460009245990423
10928,holdout,0,0.17428377578192755
10929,development,1,0.4312585762418479
10930,holdout,0,0.15989882987140697
10931,holdout,0,0.10253706753295826
10932,development,0,0.12352653186026376
10933,development,0,0.12491690871649884
10934,holdout,0,0.1178491391191179
10935,development,0,0.11167114501369353
10936,development,0,0.030670995821909085
10937,holdout,0,0.17730549552539682
10938,holdout,0,0.13025904800316115
10939,development,0,0.5174633209258513
10940,development,0,0.8044637459035825
10941,holdout,0,0.12395138074457476
10942,development,0,0.09262238579736433
10943,development,0,0.13454202288383893
10944,development,0,0.21502329481164476
10945,development,0,0.1254410347781283
10946,development,0,0.14358753907239075
10947,development,0,0.06722143032698609
10948,development,0,0.11067903741856128
10949,development,0,0.14927933905305193
10950,holdout,1,0.6668159348782526
10951,development,1,0.9784436883138555
10952,development,1,0.21287161125189724
10953,development,0,0.5345306175220981
10954,development,0,0.10384653326591604
10955,holdout,0,0.361381969150935
10956,development,1,0.7131736353877258
10957,holdout,0,0.31932268507780237
10958,development,1,0.20289041679278344
10959,development,0,0.1619153846345557
10960,development,0,0.21504303462131671
10961,development,0,0.09493237766942571
10962,development,0,0.11165934027123416
10963,development,0,0.11856962134528835
10964,holdout,0,0.17346118977776837
10965,development,0,0.11005825427751234
10966,development,0,0.1731940753375456
10967,development,1,0.548621913264338
10968,development,0,0.167218655360428
10969,holdout,0,0.11435035037903032
10970,holdout,0,0.1712814712263336
10971,development,1,0.20439940573341359
10972,development,0,0.7077305702487221
10973,development,0,0.7589334847808273
10974,development,1,0.8112625784358927
10975,development,0,0.13435004303668124
10976,development,1,0.15881823850928017
10977,development,0,0.28709815907820996
10978,development,0,0.13076744638409538
10979,development,0,0.12618143727007775
10980,development,0,0.16386683246906159
10981,development,0,0.16100100491156616
10982,development,0,0.11954936544373071
10983,holdout,0,0.09574275827052132
10984,development,0,0.11085401576423246
10985,development,1,0.29891438413679583
10986,development,0,0.09742855533853474
10987,development,0,0.14700055795369651
10988,holdout,1,0.11715070576848925
10989,development,0,0.12271878945610579
10990,development,0,0.43691233897090476
10991,development,0,0.013233561225330504
10992,holdout,0,0.1398173419321036
10993,development,0,0.1106804379993751
10994,development,1,0.13699834596954205
10995,development,0,0.3065085070474859
10996,development,0,0.1620289384009117
10997,development,0,0.1366579654875532
10998,development,0,0.11412979587448317
10999,development,0,0.1721616035786489
11000,development,0,0.11770435350345221
11001,holdout,1,0.3527450498355118
11002,development,0,0.11400861071458461
11003,development,0,0.1746223715882508
11004,holdout,1,0.3290215780081492
11005,holdout,0,0.16475302743291945
11006,development,1,0.7640490484937984
11007,development,0,0.12950046397866777
11008,holdout,1,0.4431285328577459
11009,development,0,0.11528546106935716
11010,development,1,0.30452776306759277
11011,development,1,0.9294698662527793
11012,holdout,1,0.6834196829359422
11013,development,0,0.11263087613892726
11014,holdout,0,0.25345952949651956
11015,development,0,0.11224328247846538
11016,holdout,0,0.24658746388449204
11017,development,0,0.17187321260667673
11018,development,0,0.19033594848713842
11019,development,0,0.11995797940273997
11020,development,0,0.08524300432214779
11021,development,0,0.12453578660166056
11022,development,1,0.08114853535241853
11023,development,0,0.5385530494279321
11024,development,0,0.07922647142114832
11025,development,0,0.26004258284225107
11026,development,0,0.33794270542191734
11027,holdout,1,0.3775105865409085
11028,development,0,0.12808360342143538
11029,development,0,0.10752804106562885
11030,holdout,1,0.3905887300577944
11031,holdout,0,0.43554635321811347
11032,holdout,0,0.3291870237377992
11033,holdout,0,0.7811767095715523
11034,development,0,0.1265968345295516
11035,holdout,0,0.1452417748547072
11036,development,0,0.14292132907400118
11037,holdout,0,0.2845606122110081
11038,development,0,0.15806659933499295
11039,holdout,0,0.12000516340813919
11040,development,1,0.21311287321005107
11041,holdout,0,0.1254492591983858
11042,development,1,0.11056873758525927
11043,development,0,0.1569178370604465
11044,development,0,0.09500948226881029
11045,development,0,0.07106249564418532
11046,holdout,0,0.1348206232294272
11047,development,1,0.37513353197582106
11048,development,0,0.1193433818714474
11049,development,0,0.10827867276486136
11050,development,0,0.15290443756943584
11051,development,0,0.10930112545403806
11052,development,0,0.11082576933697018
11053,development,1,0.2765625888131422
11054,development,1,0.4172839360110849
11055,development,1,0.324497510377435
11056,holdout,0,0.16180561305532676
11057,holdout,0,0.3859819631350699
11058,development,0,0.12832345388717983
11059,development,0,0.14056429871578305
11060,development,0,0.4908975136899061
11061,holdout,0,0.17251180395039667
11062,development,0,0.1143693790553802
11063,development,1,0.3866184783871468
11064,development,0,0.1075823349422734
11065,development,1,0.26832389450622063
11066,development,0,0.14557558173156954
11067,holdout,0,0.30808137441772593
11068,development,0,0.1378340185308793
11069,holdout,0,0.136719097995978
11070,holdout,0,0.2379827629997004
11071,development,1,0.14639413169912033
11072,holdout,0,0.12395299024405135
11073,holdout,0,0.14052031718515237
11074,development,0,0.1544015682917422
11075,development,0,0.15628233978162
11076,development,0,0.08592262863315014
11077,holdout,0,0.10915944307205111
11078,development,0,0.3060127682591294
11079,development,0,0.36950517651978737
11080,development,0,0.10315964148957332
11081,holdout,0,0.13447824882143855
11082,development,0,0.6254261379051289
11083,development,0,0.14303624610292046
11084,holdout,1,0.3089752846207071
11085,development,0,0.11589947610106871
11086,development,1,0.3202535639778716
11087,development,1,0.3394509851175526
11088,development,1,0.284038723637394
11089,holdout,0,0.08532584106887925
11090,development,0,0.12063144846242865
11091,development,0,0.12650329887037381
11092,holdout,0,0.10938194882690938
11093,development,0,0.08969121203507156
11094,holdout,0,0.1818602782701231
11095,development,0,0.13833783648363546
11096,development,0,0.11898629186949183
11097,development,1,0.5694834552425311
11098,holdout,1,0.5101484440635997
11099,development,0,0.6529350522716012
11100,holdout,0,0.12985881361558255
11101,development,0,0.18220066613437927
11102,development,0,0.16830023145557577
11103,holdout,1,0.3023738875059058
11104,development,0,0.32735407680472056
11105,holdout,1,0.7477614899226894
11106,holdout,0,0.11050104740563951
11107,development,0,0.17706457099455863
11108,development,0,0.1972887781632111
11109,development,1,0.13123161258722293
11110,development,0,0.08235405722832678
11111,development,0,0.30840011473599366
11112,development,0,0.10062696134894358
11113,holdout,0,0.24693038636055067
11114,development,1,0.10684523074783117
11115,development,0,0.08439024122504812
11116,development,0,0.12724571014846311
11117,development,0,0.11103565236000949
11118,holdout,0,0.12795492300978764
11119,development,0,0.19198729193616376
11120,holdout,1,0.22440188677533102
11121,development,0,0.08735904509179739
11122,development,0,0.08606980941167504
11123,development,1,0.1550475112023436
11124,development,0,0.1292185065959273
11125,development,0,0.10019988634501246
11126,development,0,0.17028483633297709
11127,holdout,0,0.34425308481004596
11128,development,0,0.14983432468104405
11129,development,0,0.6723984821369108
11130,development,0,0.11490646328991441
11131,development,0,0.11937447025644445
11132,development,0,0.3007899612360996
11133,development,0,0.3028033610515444
11134,development,0,0.19236083019656883
11135,development,1,0.16082242724036927
11136,development,0,0.08747283574429209
11137,development,1,0.2559041464938162
11138,development,0,0.7453804625276796
11139,development,0,0.12699462331415173
11140,holdout,0,0.19372505523089334
11141,development,0,0.3675426531739859
11142,development,0,0.11670205572377233
11143,holdout,0,0.14424821980300798
11144,development,0,0.09645962356935843
11145,development,0,0.24566447633930452
11146,development,0,0.12310209686573803
11147,holdout,0,0.7384453114178758
11148,development,0,0.11999895027376876
11149,development,0,0.1307419750841584
11150,holdout,0,0.6581952651565428
11151,holdout,0,0.14298401337322725
11152,development,1,0.2816476019877248
11153,development,0,0.1255131435372005
11154,holdout,0,0.45281959137955674
11155,development,0,0.12044299963164702
11156,development,1,0.09913458536703258
11157,development,0,0.43689868582260943
11158,development,0,0.09610745101073273
11159,development,0,0.09590082267253522
11160,development,0,0.1202745841880766
11161,holdout,0,0.10960347707866407
11162,development,0,0.1106582215431414
11163,development,0,0.0677988195578842
11164,development,0,0.1325266454825087
11165,holdout,0,0.13674861121375806
11166,development,0,0.13662363220912827
11167,development,0,0.14984995911742652
11168,holdout,0,0.12857028204860765
11169,development,0,0.14567078338911474
11170,development,1,0.6377302845606292
11171,development,1,0.5008842616129188
11172,development,0,0.09833335124141412
11173,holdout,0,0.10110959022404074
11174,development,1,0.6829086089177697
11175,development,0,0.09143905507773539
11176,development,0,0.07717821209082791
11177,development,0,0.17995117182345616
11178,holdout,0,0.37267413104347136
11179,development,0,0.06692247776214556
11180,development,0,0.14075143535041923
11181,development,0,0.14383210663277382
11182,development,0,0.15030055709919776
11183,development,0,0.10044609528178969
11184,development,0,0.1286350467004115
11185,development,0,0.3129876298352695
11186,development,0,0.06339525506704011
11187,development,0,0.26074921532409745
11188,development,1,0.13256605744922714
11189,holdout,0,0.11584790195864897
11190,development,0,0.17365091234850544
11191,development,1,0.8477195494457703
11192,development,1,0.07419042202611711
11193,development,0,0.17537767215340475
11194,development,0,0.42525956505538404
11195,holdout,0,0.10923580749365638
11196,holdout,1,0.3725421780123188
11197,holdout,0,0.11921264295189386
11198,holdout,0,0.31160672952657387
11199,development,0,0.28792377702951805
11200,development,1,0.23468163725892907
11201,holdout,0,0.18372250892585446
11202,holdout,0,0.36206822603330957
11203,development,1,0.19581594529444676
11204,development,0,0.13787579254590548
11205,development,1,0.378860072162043
11206,development,0,0.13286204871334556
11207,development,0,0.13889829861891195
11208,development,0,0.24712602065181438
11209,holdout,0,0.10597342307589032
11210,holdout,0,0.0788477103098029
11211,development,1,0.18407915324050034
11212,development,1,0.45024158929745234
11213,development,0,0.1546941196403016
11214,development,0,0.1251640402089764
11215,development,0,0.08036764778975934
11216,development,0,0.10362889158155306
11217,development,0,0.1810441596975465
11218,development,0,0.20180200410043816
11219,development,0,0.14574193858298434
11220,development,0,0.10138264614126392
11221,development,0,0.18083205430173596
11222,development,0,0.03341074988095337
11223,holdout,1,0.8272410458727042
11224,development,1,0.08140425252727612
11225,holdout,0,0.15208167641767287
11226,development,0,0.41647556554092663
11227,development,0,0.15661958284218455
11228,holdout,0,0.14569984805295105
11229,holdout,0,0.0771629301109501
11230,holdout,1,0.5361675762110206
11231,development,1,0.08900123666148221
11232,development,1,0.5642515315406118
11233,holdout,0,0.1299451795112462
11234,holdout,0,0.14290917754647092
11235,development,0,0.11018997384227831
11236,development,0,0.09411232680506043
11237,holdout,0,0.09075602662953436
11238,holdout,0,0.4127406146403671
11239,development,1,0.7483267097881944
11240,development,0,0.29321591497168775
11241,holdout,1,0.6977485226206503
11242,development,0,0.30909832449623914
11243,development,0,0.20788410033695742
11244,holdout,0,0.19335270051364775
11245,holdout,0,0.1161376773316636
11246,development,0,0.17110595668671896
11247,development,0,0.2835229807950145
11248,development,0,0.12559492409474676
11249,holdout,0,0.1120768734836986
11250,development,0,0.2522127246233078
11251,development,1,0.7936955101792186
11252,development,0,0.3974828590313536
11253,holdout,1,0.5424185611425048
11254,development,0,0.1326865248755051
11255,development,0,0.1712025800907647
11256,development,0,0.20283041403399443
11257,development,0,0.07903370501055719
11258,holdout,0,0.04244552896103285
11259,development,0,0.2816429514529883
11260,development,0,0.18662065610277334
11261,development,0,0.1420064843104857
11262,development,0,0.270492012073714
11263,holdout,0,0.22356468574441885
11264,holdout,0,0.24421660240476958
11265,development,0,0.1463344069268526
11266,holdout,1,0.42616391458607394
11267,development,0,0.15012191009209222
11268,development,0,0.09257026372073772
11269,development,0,0.30654402519881085
11270,development,0,0.1143673610572616
11271,development,0,0.14517991051696869
11272,development,0,0.08897296815513625
11273,development,0,0.18150911071729448
11274,development,0,0.1082298230331789
11275,development,0,0.035020841448858954
11276,development,0,0.15240337267723794
11277,development,0,0.1083807754320655
11278,holdout,1,0.17319202209999351
11279,development,0,0.07494426979836576
11280,development,0,0.12276565663420796
11281,development,0,0.18433213199708134
11282,development,1,0.37698780996670134
11283,development,0,0.1631630208945679
11284,holdout,0,0.11152224082725312
11285,holdout,0,0.11658204352580256
11286,development,0,0.048522541690657596
11287,holdout,0,0.17331428208701233
11288,development,1,0.6784845659563487
11289,development,1,0.240314761386754
11290,holdout,0,0.1511227839194123
11291,development,1,0.33865918982703463
11292,holdout,1,0.3105669068882598
11293,development,0,0.13577035174152463
11294,development,0,0.1428525805345829
11295,holdout,0,0.13594331294628498
11296,development,0,0.475282451104266
11297,development,0,0.11064081002972208
11298,development,1,0.3780736590258404
11299,development,0,0.47107464552249845
11300,development,0,0.12633281678542743
11301,development,0,0.19156781673977333
11302,development,0,0.19415655374332258
11303,development,0,0.11736133374938984
11304,development,0,0.18607862377009862
11305,development,1,0.13063318391624099
11306,development,1,0.13720297082888847
11307,development,1,0.23400837067612582
11308,holdout,0,0.3374470544219084
11309,development,0,0.2198225688281803
11310,development,1,0.13248719239514362
11311,development,0,0.16518513923327152
11312,development,1,0.1833748185275931
11313,holdout,0,0.14682689299276588
11314,development,0,0.09782459678772715
11315,development,1,0.5698534588301397
11316,development,0,0.07900373920970873
11317,holdout,1,0.3580713220639527
11318,development,0,0.10464227429068612
11319,development,0,0.2965982198953774
11320,development,1,0.16309535957663676
11321,holdout,0,0.1252078399810427
11322,development,0,0.09455387109830922
11323,development,1,0.23737307278087053
11324,development,0,0.3179232744365306
11325,development,0,0.16159099841847133
11326,development,0,0.19408660305140507
11327,development,0,0.21325746567029943
11328,holdout,1,0.42933434726347536
11329,development,0,0.13935261885880004
11330,holdout,0,0.16627789510108917
11331,holdout,0,0.10565989006086306
11332,development,0,0.11834967429538568
11333,development,0,0.15929451543134385
11334,development,0,0.09494918967455909
11335,holdout,1,0.1853559383758191
11336,holdout,0,0.09217022499188819
11337,development,1,0.2564140142582614
11338,development,0,0.12178418966260972
11339,development,0,0.258163554459629
11340,holdout,0,0.13548807446864622
11341,development,0,0.12470774350268526
11342,holdout,0,0.07918625458171168
11343,development,0,0.16337107152549335
11344,holdout,1,0.19461017984698145
11345,development,0,0.16584924071449203
11346,holdout,0,0.15763403885884908
11347,development,1,0.12265293940531398
11348,development,0,0.11103433315453363
11349,development,1,0.3623106432623342
11350,development,0,0.10136214938073623
11351,development,0,0.12871092336106146
11352,development,1,0.11969067052966025
11353,development,1,0.7574796168074259
11354,holdout,0,0.2013074996815935
11355,holdout,0,0.37837422724085346
11356,holdout,0,0.21650048693413326
11357,development,0,0.11796268894788099
11358,development,1,0.7262713187306926
11359,development,0,0.12769975388570118
11360,development,0,0.09495611367792807
11361,development,0,0.12790639627258846
11362,holdout,1,0.15454463988570702
11363,holdout,0,0.3552666317860079
11364,development,0,0.1369742078779318
11365,holdout,0,0.14410193427804224
11366,development,0,0.10499659551188795
11367,development,1,0.10173392954667863
11368,development,0,0.1260799431592919
11369,holdout,0,0.1311515430753951
11370,development,0,0.11061636425372796
11371,development,0,0.09601554774331682
11372,development,0,0.11703892450595707
11373,holdout,1,0.8769850211539019
11374,development,0,0.12404126603284475
11375,development,0,0.19325468821529715
11376,development,1,0.11216062494427477
11377,development,0,0.13090281125394906
11378,development,1,0.3217758394896479
11379,development,0,0.11387267097663108
11380,development,0,0.3463605547391532
11381,holdout,0,0.12426463169950117
11382,development,0,0.11965797911761959
11383,development,1,0.7327629909204899
11384,development,0,0.17510847095454843
11385,development,0,0.12990193906770234
11386,development,1,0.18133519897143946
11387,development,0,0.1703460656463201
11388,development,0,0.16933421808507584
11389,development,0,0.1168075583236433
11390,development,0,0.12429043706735983
11391,holdout,0,0.2029755669690931
11392,development,0,0.11322319668806417
11393,holdout,1,0.13520906139102762
11394,development,0,0.10934192429217304
11395,development,1,0.32553231436299324
11396,development,0,0.194831632174852
11397,development,0,0.1339919088186059
11398,development,0,0.11069229295418051
11399,holdout,1,0.22634573176379494
11400,development,1,0.17249753129087542
11401,development,1,0.12496784782677181
11402,development,0,0.2582289905057622
11403,holdout,0,0.13676477186596536
11404,development,0,0.08129755137111964
11405,holdout,0,0.14022354697357914
11406,holdout,0,0.11901770905724039
11407,development,0,0.11167206859105357
11408,holdout,1,0.6317186007817078
11409,development,0,0.1509451516629775
11410,holdout,0,0.17142797611096397
11411,holdout,1,0.22964319493060203
11412,development,1,0.34974425487473804
11413,development,1,0.7906305979268786
11414,development,0,0.1851619077736633
11415,development,0,0.16199764209839834
11416,development,0,0.13778812276618954
11417,development,0,0.09551774288483703
11418,development,0,0.17642640378868565
11419,development,0,0.2975082075931153
11420,holdout,0,0.171338480927177
11421,holdout,0,0.3113822506818085
11422,holdout,0,0.11017419186792718
11423,holdout,0,0.10739849766931905
11424,development,0,0.06878775281663756
11425,development,1,0.10648197754335627
11426,holdout,0,0.131001780045144
11427,development,1,0.14359467389435124
11428,holdout,1,0.32959437303991196
11429,development,1,0.1428194280809747
11430,holdout,1,0.7830416099087563
11431,development,0,0.12707043974402182
11432,development,0,0.1330821117898898
11433,development,0,0.13495176132023876
11434,development,0,0.11665069067530774
11435,holdout,0,0.2599058215183573
11436,holdout,0,0.21636756139753097
11437,development,0,0.10999328032388599
11438,development,0,0.14073023258597833
11439,development,0,0.14855060870168058
11440,development,0,0.11801670202373693
11441,development,0,0.7191563515985216
11442,development,1,0.3313726793407477
11443,development,0,0.7976598409305667
11444,holdout,1,0.6282919979889452
11445,development,0,0.10319492571831529
11446,development,0,0.16041012457919807
11447,development,1,0.5543157076004878
11448,development,0,0.11422667456178545
11449,holdout,0,0.10289325024177691
11450,development,0,0.3199794500993648
11451,development,0,0.12237184746219323
11452,development,0,0.7678540861519746
11453,development,0,0.12767457635454643
11454,development,0,0.10847014410065826
11455,development,0,0.19833687893276786
11456,development,1,0.5242450946377202
11457,development,0,0.12082099863828269
11458,development,1,0.4620152607659718
11459,development,0,0.135074891989234
11460,development,1,0.30512749598429606
11461,development,0,0.16178805408941144
11462,development,1,0.4046073734306332
11463,development,0,0.4461695603644706
11464,development,0,0.15187885557822087
11465,development,1,0.45005944008849746
11466,development,0,0.12714447549718658
11467,development,0,0.10502483419293152
11468,development,0,0.1180927795286322
11469,holdout,0,0.1121835472138146
11470,development,0,0.1818291208425775
11471,development,0,0.3699412758183444
11472,holdout,1,0.12826074379822014
11473,development,1,0.2059963861356942
11474,development,0,0.22677168613965312
11475,development,1,0.14263321134415297
11476,development,0,0.30645933279938214
11477,development,0,0.13011796108324733
11478,development,0,0.13361458196152426
11479,holdout,0,0.4774915833184472
11480,development,0,0.21835083050847665
11481,development,1,0.14619677050531385
11482,development,0,0.2533820954916559
11483,holdout,0,0.7783680837356439
11484,development,0,0.09869724196299831
11485,development,0,0.11525813049410444
11486,development,0,0.14643465344973247
11487,development,0,0.19121999680719814
11488,development,0,0.06146610815943257
11489,development,0,0.39724856931542596
11490,holdout,0,0.07789280484626318
11491,development,0,0.07132427362964142
11492,development,0,0.13004863057283209
11493,development,0,0.19065315061007024
11494,holdout,0,0.10585121483568016
11495,holdout,0,0.08929567064356177
11496,development,0,0.17015271023818462
11497,development,0,0.11549763233190982
11498,development,0,0.10858697381103337
11499,development,0,0.1272476953133637
11500,development,0,0.27831367084801034
11501,development,1,0.13619476772145162
11502,holdout,0,0.06483435556380382
11503,development,0,0.1256534875755712
11504,development,0,0.21179993921394724
11505,development,0,0.18805389648951334
11506,development,1,0.366800814985375
11507,development,0,0.1445211251777367
11508,development,1,0.12103246839785983
11509,development,1,0.663345267235018
11510,development,0,0.0845987978745774
11511,development,0,0.2468236499518199
11512,development,0,0.0838533056407865
11513,development,1,0.4616246284750671
11514,holdout,0,0.1385005916741225
11515,holdout,0,0.27746710957401294
11516,development,0,0.10328159675281907
11517,holdout,0,0.7766480521933314
11518,holdout,0,0.1717298402134552
11519,development,0,0.10411519268416058
11520,development,0,0.10849113874175312
11521,holdout,0,0.21985062701079222
11522,development,0,0.11644225039972135
11523,development,0,0.10173395875908554
11524,development,0,0.07431185296642845
11525,holdout,0,0.11773358323494729
11526,development,0,0.1173338008729864
11527,holdout,0,0.14652410609770866
11528,development,0,0.14500158849084452
11529,development,1,0.46043158014919383
11530,development,0,0.14288484089251105
11531,development,1,0.8347423960049624
11532,development,0,0.3272633535015998
11533,development,0,0.12358487249755365
11534,development,0,0.3693580434049854
11535,development,0,0.12436761792629572
11536,development,0,0.09688280091498354
11537,development,1,0.3471627377428316
11538,holdout,1,0.5168772127865727
11539,development,0,0.1962930007185943
11540,holdout,1,0.23103494608088848
11541,holdout,0,0.5358579513266015
11542,holdout,1,0.13740814905982537
11543,development,0,0.12353800006234128
11544,development,0,0.11494887893701858
11545,development,1,0.2117073851544416
11546,development,0,0.1356947288938337
11547,holdout,0,0.36075411975833727
11548,development,0,0.09701473654547221
11549,development,0,0.09438337372398636
11550,development,0,0.5014822261033322
11551,development,0,0.1130406795860862
11552,development,1,0.7216098300441757
11553,development,0,0.24277466054862978
11554,development,0,0.12647474948765422
11555,development,1,0.7139495517104503
11556,development,0,0.3551315554263732
11557,holdout,0,0.14682961075227768
11558,development,0,0.08669669611517437
11559,development,0,0.08150651816896767
11560,development,0,0.13877204402451138
11561,development,0,0.3746333011357591
11562,development,1,0.15933535291293785
11563,development,0,0.26752060678506145
11564,holdout,0,0.1780336155837492
11565,development,0,0.1317349697346344
11566,development,0,0.6415347316408985
11567,development,0,0.13802737020598527
11568,holdout,0,0.21993140579481418
11569,development,0,0.14824299219591916
11570,development,0,0.4525808121548506
11571,holdout,0,0.2948758449885965
11572,development,0,0.1485258154242357
11573,development,0,0.1310819736059706
11574,holdout,0,0.133455371836518
11575,development,0,0.13632035356886152
11576,development,0,0.10702863858062812
11577,development,1,0.1850152681248097
11578,development,0,0.1077913082061948
11579,development,0,0.11104247514593309
11580,holdout,0,0.6804917181906006
11581,holdout,1,0.2916535716500781
11582,development,0,0.17107696966737967
11583,development,0,0.13828506714435349
11584,development,1,0.21779934764785772
11585,development,0,0.12228784268904769
11586,development,0,0.6045745846943341
11587,development,0,0.13170028479907567
11588,development,0,0.4602417920838674
11589,development,0,0.5430761745208125
11590,development,0,0.1067107059525241
11591,holdout,0,0.14326687729721369
11592,development,0,0.07256730115336582
11593,development,0,0.12399523099755445
11594,holdout,0,0.1603394874482322
11595,holdout,0,0.1364338825307411
11596,development,1,0.5619785544438769
11597,development,0,0.17873881249224483
11598,development,1,0.3614848494600328
11599,development,0,0.25985510670726086
11600,development,0,0.06715847700333408
11601,development,0,0.14859726522568142
11602,development,0,0.31392511194040223
11603,development,0,0.10473648651444405
11604,holdout,0,0.11590401975119538
11605,holdout,1,0.20224016458634328
11606,holdout,0,0.150616834946619
11607,development,0,0.13405833757548752
11608,development,1,0.20143699692438696
11609,development,0,0.12000844399184665
11610,holdout,1,0.1355500496875272
11611,development,0,0.1294890771948948
11612,development,0,0.2776979432062261
11613,development,0,0.17685823209309215
11614,development,1,0.6238672719121726
11615,development,1,0.6272390096908307
11616,development,0,0.14190470600341917
11617,development,1,0.16667532691055648
11618,development,0,0.1480722873731016
11619,development,1,0.4872784333338381
11620,development,0,0.16786456294197916
11621,holdout,0,0.19396521515216966
11622,holdout,1,0.09564380201618342
11623,development,0,0.19357388315315854
11624,holdout,0,0.12929249721305786
11625,holdout,0,0.1317782119069139
11626,holdout,0,0.24713633486238334
11627,holdout,0,0.1401502104906232
11628,holdout,0,0.13738428321529325
11629,development,1,0.12185008752587785
11630,holdout,0,0.1674625221186174
11631,development,1,0.2559315402923418
11632,holdout,0,0.10049288123272664
11633,holdout,0,0.13624117503518607
11634,development,1,0.6702486240840759
11635,development,0,0.10920093828629444
11636,holdout,1,0.2763769505781685
11637,holdout,1,0.7053061016736292
11638,development,0,0.11224884213557844
11639,holdout,0,0.2036134983144774
11640,development,1,0.13049988114702699
11641,holdout,0,0.12953189268732773
11642,development,0,0.23155525344188727
11643,development,0,0.34098151554532885
11644,holdout,0,0.39565752711050367
11645,development,0,0.12097884301877905
11646,development,0,0.13234936545758463
11647,development,0,0.13649365081559148
11648,holdout,1,0.7289281160436191
11649,development,0,0.12444182192145994
11650,development,1,0.5405606398298939
11651,development,1,0.3260857556587398
11652,development,1,0.38085562712529664
11653,development,0,0.3140142718756918
11654,development,0,0.7491853254763744
11655,holdout,0,0.11377762142169683
11656,development,0,0.152025666704386
11657,development,0,0.1460399854441539
11658,holdout,0,0.140107296353461
11659,holdout,0,0.21820407429751926
11660,development,0,0.23563312158421176
11661,development,0,0.19169169889000928
11662,development,0,0.13942550237494183
11663,development,1,0.3057363265248085
11664,development,0,0.10348504693747876
11665,development,0,0.49728242087630814
11666,development,0,0.14326546878616156
11667,development,0,0.13194573038218702
11668,holdout,0,0.12907982230685403
11669,development,0,0.09400985667636902
11670,development,0,0.18876275344018434
11671,development,0,0.13595179339409366
11672,development,0,0.11973723660734278
11673,development,0,0.11866129156047626
11674,holdout,0,0.18987651016496535
11675,development,0,0.12426588686391905
11676,development,0,0.13157673579216872
11677,development,0,0.12557984508240716
11678,development,0,0.2484304828031083
11679,development,0,0.16106151575327207
11680,development,0,0.4111884535837194
11681,development,0,0.03064317426560211
11682,development,0,0.08863249094481167
11683,development,1,0.6956783509045953
11684,development,0,0.1457571792597992
11685,development,1,0.18975268373499884
11686,development,0,0.11379787880808039
11687,development,1,0.8592049612408853
11688,development,0,0.178287836100103
11689,development,0,0.6343834296700694
11690,development,0,0.10357274664055297
11691,development,1,0.5743793409988956
11692,development,0,0.39181907341139477
11693,holdout,0,0.11996531244503268
11694,holdout,0,0.21636256898725678
11695,development,0,0.3210350149867625
11696,holdout,0,0.3150219099267717
11697,holdout,0,0.2597423146620362
11698,development,0,0.20208532866366824
11699,holdout,0,0.5692299161977632
11700,development,0,0.13686846222449078
11701,development,1,0.6897011547903186
11702,development,0,0.3840206661391085
11703,development,0,0.11700865768350899
11704,development,0,0.11969164278116291
11705,development,0,0.07508692328302519
11706,development,0,0.4814317397901023
11707,holdout,0,0.1349299447625154
11708,development,0,0.2258755788304064
11709,holdout,0,0.13512582203641266
11710,holdout,0,0.18003108186802624
11711,holdout,0,0.1259487291579714
11712,development,0,0.10627172408581126
11713,holdout,0,0.10606117381246272
11714,development,0,0.16351612090122034
11715,development,1,0.22685533784717424
11716,development,0,0.12112267711641693
11717,holdout,0,0.17942833014470758
11718,development,0,0.10273340280258624
11719,development,0,0.15158154604405694
11720,development,0,0.11342060323125655
11721,holdout,1,0.28792377702951805
11722,holdout,0,0.18071505144672154
11723,development,0,0.14928834836469956
11724,development,0,0.17206983298843195
11725,development,0,0.10915490315482662
11726,development,0,0.1525460436589833
11727,development,0,0.4276635134202261
11728,development,0,0.09618698779174704
11729,holdout,0,0.12815728246243518
11730,holdout,0,0.07981406862150876
11731,development,0,0.18788642037764827
11732,development,0,0.12820285589505806
11733,development,0,0.14303553858526047
11734,development,1,0.5471590956800515
11735,development,0,0.14500827888020212
11736,development,1,0.11102571158942157
11737,development,1,0.6730952581068556
11738,development,0,0.1722430248176897
11739,development,1,0.5008238524603331
11740,holdout,0,0.13441412011729842
11741,development,0,0.1074251160288893
11742,development,0,0.17005256206757177
11743,holdout,0,0.13717012079606863
11744,holdout,0,0.1464455360187666
11745,holdout,1,0.29892673432264966
11746,holdout,1,0.7261744353325912
11747,holdout,0,0.7365083310577168
11748,holdout,0,0.11475951093129753
11749,holdout,0,0.06961105526984704
11750,development,0,0.42090854706751724
11751,holdout,0,0.09326283747913944
11752,holdout,0,0.15805069546585693
11753,development,0,0.1447536276559392
11754,development,0,0.13402425093626988
11755,holdout,0,0.4401006331183373
11756,development,0,0.5000094968027833
11757,holdout,0,0.11765407926591112
11758,development,1,0.13935111117926227
11759,holdout,0,0.13258158621761937
11760,development,0,0.0841839749018072
11761,development,0,0.1727761638205258
11762,holdout,0,0.17837847214670352
11763,holdout,1,0.15722262238151632
11764,development,0,0.1281171611073395
11765,holdout,0,0.1226180824557739
11766,development,0,0.12466913611431613
11767,development,1,0.38014039267864336
11768,development,0,0.12784568760993234
11769,development,0,0.1197628356937649
11770,development,0,0.14582115491894862
11771,holdout,0,0.12367684553446893
11772,development,0,0.0452090569288779
11773,development,0,0.11165688383697531
11774,holdout,0,0.36503694060631386
11775,holdout,0,0.11884881862550319
11776,development,0,0.1255591750514359
11777,holdout,0,0.12484929065319725
11778,holdout,0,0.12851393027547667
11779,holdout,1,0.10948609127803843
11780,holdout,0,0.13849823256007407
11781,holdout,0,0.14564066313589716
11782,holdout,0,0.5347707833108463
11783,development,0,0.12004398931366497
11784,development,0,0.15940014721722082
11785,development,0,0.10384645888421322
11786,development,1,0.1677327975395823
11787,holdout,0,0.11965112890641474
11788,development,0,0.14081949664726512
11789,development,0,0.10857635519287828
11790,development,1,0.5813378348724044
11791,development,1,0.4656919856844845
11792,development,0,0.11131638666149875
11793,development,1,0.0759757736638794
11794,development,0,0.0927151738486701
11795,holdout,0,0.046253839193361464
11796,development,0,0.17470918433770333
11797,development,0,0.2581671103586409
11798,development,0,0.09891704976073487
11799,development,0,0.1377392382774421
11800,holdout,0,0.1255947134867708
11801,development,1,0.27307616397594553
11802,development,0,0.11236749757125652
11803,development,0,0.2073581287972056
11804,development,1,0.06757074731707742
11805,development,0,0.2464654909593352
11806,development,1,0.1890159553192171
11807,development,1,0.16135127130121538
11808,holdout,0,0.1877464864514982
11809,development,1,0.6522701369099391
11810,development,1,0.8280718137601745
11811,development,0,0.31433122615346154
11812,holdout,1,0.7527453893074878
11813,development,0,0.1913302542293678
11814,development,1,0.0974536274322357
11815,development,0,0.37164053829574173
11816,development,0,0.30649270786426236
11817,holdout,0,0.10145871493877423
11818,development,1,0.184445259999986
11819,development,0,0.7793541816901901
11820,development,0,0.1444118068151119
11821,development,0,0.49162602641809094
11822,development,1,0.1270893345577961
11823,development,1,0.5810728944783962
11824,development,0,0.32709756065718976
11825,holdout,0,0.12910307072795255
11826,development,1,0.24600520646336715
11827,holdout,0,0.13541631665179218
11828,development,0,0.10474367724185271
11829,holdout,0,0.11536925766907603
11830,holdout,0,0.13284990032966462
11831,holdout,0,0.09887369791364534
11832,holdout,0,0.11113591050173356
11833,development,1,0.5399122425438296
11834,development,0,0.20384664077894463
11835,development,1,0.13202321149737606
11836,development,0,0.1292760570919339
11837,development,1,0.38331896528110987
11838,holdout,1,0.12388235365053846
11839,development,0,0.1998763046367604
11840,holdout,0,0.14892974390698419
11841,development,0,0.3270687155856941
11842,development,1,0.42286615968847036
11843,holdout,0,0.12690566145167878
11844,development,0,0.13869179163742515
11845,development,1,0.09584874851483424
11846,development,0,0.10607327701051132
11847,development,0,0.13239766861536922
11848,holdout,0,0.1806835620346276
11849,development,1,0.3728158867797714
11850,holdout,1,0.09332226059649792
11851,holdout,0,0.11164796129219567
11852,holdout,1,0.28193275718161065
11853,development,0,0.12676820836151137
11854,holdout,0,0.12911089607684084
11855,development,0,0.08200467617302057
11856,development,0,0.10292434987940643
11857,development,0,0.12073241928459866
11858,development,0,0.12224690525942043
11859,development,0,0.17277678757635795
11860,holdout,0,0.36828110059801006
11861,development,0,0.12656972246207562
11862,development,0,0.17481765368596094
11863,development,0,0.24376633297512376
11864,development,0,0.1500939202126383
11865,development,0,0.6608221607001517
11866,development,1,0.8118346928184448
11867,development,0,0.14381646680469695
11868,development,0,0.0935920153245181
11869,holdout,1,0.31761888471004784
11870,holdout,1,0.19025429544906244
11871,holdout,0,0.12947922910347773
11872,development,1,0.26524727652939944
11873,development,0,0.1424504118738283
11874,holdout,0,0.11865589084595876
11875,development,0,0.43425255676489416
11876,development,0,0.13684582243259608
11877,development,1,0.18234726038726498
11878,holdout,1,0.3907900668321048
11879,holdout,0,0.12798315324891266
11880,holdout,0,0.08232626578448149
11881,development,0,0.12896375866192766
11882,holdout,0,0.1807506202637838
11883,holdout,0,0.20942858985688215
11884,holdout,0,0.11586239341589326
11885,development,0,0.6204449845679129
11886,development,0,0.5529384636340245
11887,development,1,0.7238139045052645
11888,holdout,1,0.1360479359519254
11889,development,0,0.11604069324409082
11890,development,0,0.28469714456915673
11891,development,1,0.16460061900101589
11892,development,0,0.15491169694426135
11893,development,1,0.8017692757834609
11894,development,0,0.12388016161798245
11895,holdout,0,0.6678026227235846
11896,development,0,0.1530985439834061
11897,development,0,0.11690385652614543
11898,holdout,0,0.1651169982967927
11899,development,1,0.3172967493780808
11900,development,0,0.08287392980282865
11901,holdout,0,0.14321573729268822
11902,holdout,0,0.24365178515259747
11903,development,0,0.11615946202525368
11904,holdout,0,0.12705180946519434
11905,development,0,0.042484885883094646
11906,development,0,0.2609315132881339
11907,development,0,0.11316121591559633
11908,holdout,0,0.17628651296345044
11909,development,0,0.18404045810297268
11910,development,1,0.19589185663159356
11911,development,1,0.7517127945008889
11912,holdout,0,0.11185053298878704
11913,development,0,0.1351461941645683
11914,development,0,0.3262148136341881
11915,development,1,0.11186154841046958
11916,development,0,0.12220560218530042
11917,development,1,0.10270828640555854
11918,development,0,0.12913046811731685
11919,development,0,0.6448732413828222
11920,holdout,0,0.3409381414687843
11921,development,0,0.1230429573128488
11922,development,0,0.11114667811754186
11923,development,0,0.10029305568054318
11924,development,1,0.21114045255449618
11925,development,0,0.24226058741543235
11926,development,0,0.30813843205188673
11927,development,0,0.7184712972779854
11928,holdout,0,0.10774939290056168
11929,development,0,0.12964124706505334
11930,development,0,0.1303297058379432
11931,holdout,1,0.15980802051119414
11932,development,0,0.30765495387238584
11933,development,0,0.11445724947212703
11934,development,0,0.12911859204591652
11935,development,0,0.2780872344438853
11936,development,0,0.2121484479397345
11937,holdout,0,0.12525182099581098
11938,holdout,1,0.22519255418331077
11939,development,0,0.2142006697264023
11940,development,0,0.10508910424064007
11941,holdout,1,0.7005461055142489
11942,development,0,0.4854679526879576
11943,development,0,0.31383273541881934
11944,development,0,0.13178863163003351
11945,holdout,0,0.17347830790903776
11946,development,0,0.17278458726281914
11947,development,0,0.11847362146505695
11948,holdout,0,0.12407414323484793
11949,development,0,0.1827870246465683
11950,development,0,0.253599215099876
11951,development,0,0.1429640793284314
11952,development,0,0.12554101904699666
11953,development,0,0.1594400035475175
11954,development,0,0.13776067588151183
11955,development,0,0.18374014424078589
11956,development,0,0.190604559461178
11957,holdout,1,0.09826349395232327
11958,holdout,0,0.11500470643244251
11959,development,1,0.3239478510225505
11960,development,1,0.8374031101979134
11961,development,1,0.14123917698812335
11962,development,1,0.7607771158027261
11963,holdout,1,0.07993227194348518
11964,development,0,0.12419051158856928
11965,development,0,0.09501429607935453
11966,development,0,0.0895557771084413
11967,development,0,0.19249049272964414
11968,development,0,0.1191854096380657
11969,development,1,0.23100747359799653
11970,development,0,0.12340878899956231
11971,holdout,0,0.2982595937055577
11972,development,0,0.21197646577742155
11973,holdout,0,0.06072227389451062
11974,holdout,0,0.1589080729223253
11975,development,0,0.14910549913542506
11976,holdout,0,0.16274812934045005
11977,development,0,0.15553513732270363
11978,development,1,0.14486565363475412
11979,development,0,0.10000056685803368
11980,holdout,0,0.13573950122973938
11981,development,0,0.11468783270709028
11982,development,0,0.3659861586552863
11983,development,0,0.07727817704946098
11984,development,0,0.12847766362112018
11985,holdout,0,0.39443428145477494
11986,development,0,0.14976158085220792
11987,holdout,0,0.7707342450663568
11988,holdout,0,0.11456862619489301
11989,development,0,0.17741390322859832
11990,development,0,0.5787434761511845
11991,development,0,0.3054103960913883
11992,development,0,0.07702824814114528
11993,development,0,0.6206616823857419
11994,development,0,0.20271800099483717
11995,holdout,0,0.14592678171125628
11996,development,0,0.3998521900221418
11997,development,0,0.1259229986876578
11998,development,0,0.12204972815507382
11999,holdout,0,0.1228402773057186
12000,development,0,0.13653934525073103
12001,development,1,0.7416305940261156
12002,development,0,0.08056752094007463
12003,holdout,1,0.3944858806546645
12004,development,1,0.7056601750058112
12005,development,0,0.08338281700392529
12006,holdout,0,0.2677533783337999
12007,development,0,0.12002580883505469
12008,development,0,0.13957323294598023
12009,development,0,0.07755895927830406
12010,holdout,0,0.16611130389753134
12011,development,0,0.21530293806481632
12012,holdout,0,0.1097433656336163
12013,development,0,0.08602125612123414
12014,development,0,0.16184853013069778
12015,development,0,0.23636926964613883
12016,development,0,0.24355480033420115
12017,development,0,0.11414984326157268
12018,holdout,1,0.348169303091474
12019,development,0,0.1948502920704015
12020,development,1,0.10539651895787384
12021,holdout,1,0.1892322871231618
12022,development,0,0.5074759844910437
12023,development,0,0.08496659822057052
12024,holdout,1,0.12986930759768892
12025,development,0,0.13872872036032652
12026,development,1,0.40304802026563313
12027,development,0,0.224310591545435
12028,development,1,0.7055446704129689
12029,holdout,0,0.09510343619833926
12030,holdout,0,0.12066406955782022
12031,development,0,0.11024040755859589
12032,holdout,0,0.22458055134598146
12033,development,1,0.3397256392053334
12034,holdout,0,0.21154666819665124
12035,development,0,0.15180526520627363
12036,development,0,0.16208515751883987
12037,development,1,0.5337044445255323
12038,development,0,0.04723810332496423
12039,development,0,0.14555709795782126
12040,development,0,0.08570907043847234
12041,holdout,0,0.13395253855614644
12042,development,0,0.13911640600587707
12043,holdout,0,0.07643631153118292
12044,development,1,0.1432798008107233
12045,development,0,0.1259639204052603
12046,development,1,0.521590037840602
12047,holdout,0,0.2773694633315734
12048,development,0,0.6084763049752203
12049,holdout,0,0.12860076480873775
12050,development,0,0.104095680649009
12051,development,0,0.021195392099903895
12052,holdout,0,0.12776905629567883
12053,development,1,0.18427112786357794
12054,holdout,1,0.046717711564100116
12055,holdout,0,0.1681634698457514
12056,development,0,0.11310228576122483
12057,development,0,0.0786837158439443
12058,holdout,0,0.08071133310610898
12059,holdout,1,0.34999269442271513
12060,development,0,0.3789226989049233
12061,holdout,0,0.1045843736030209
12062,development,0,0.1438172351592434
12063,development,0,0.09471288731372578
12064,development,0,0.12464803898631745
12065,development,0,0.3276167543877125
12066,development,0,0.6238309325670532
12067,holdout,1,0.7827866150655465
12068,development,0,0.08768978996113164
12069,development,0,0.4087049843553662
12070,development,0,0.19371834765412585
12071,development,1,0.166906894381414
12072,development,0,0.17895724438522065
12073,development,0,0.6429888843849881
12074,holdout,0,0.13497093517789494
12075,development,1,0.689454078950726
12076,development,0,0.18903670163863104
12077,development,0,0.13801087894037423
12078,holdout,1,0.1514865930391288
12079,development,0,0.15374991605501814
12080,holdout,1,0.5122917796548655
12081,development,0,0.16726882953962788
12082,development,0,0.4122055346900263
12083,development,0,0.11313231576681232
12084,development,0,0.27485920302244465
12085,development,0,0.09760121324487311
12086,development,0,0.23141307678114312
12087,holdout,0,0.18467011158699656
12088,holdout,0,0.1459741109955717
12089,development,0,0.3613955127531548
12090,development,0,0.0998464980515188
12091,holdout,1,0.14087375406052424
12092,development,1,0.32501089749368384
12093,development,0,0.12385582345159177
12094,holdout,0,0.16423073906683328
12095,development,0,0.08502450011251203
12096,development,0,0.10091833077825145
12097,development,0,0.11793996411701989
12098,development,1,0.40517046363919357
12099,holdout,1,0.0963117765448617
12100,development,1,0.5588630110488435
12101,development,0,0.3782526199988502
12102,holdout,1,0.375019694887884
12103,development,1,0.4507240796576186
12104,holdout,1,0.17163628408983075
12105,holdout,0,0.1379696781606771
12106,development,0,0.1544620808892899
12107,development,0,0.1771624758940134
12108,development,0,0.5726930229133779
12109,development,1,0.3289113823637102
12110,development,0,0.15025894937381223
12111,development,0,0.11923178734805936
12112,development,0,0.13463169046695528
12113,development,0,0.1575550895503083
12114,development,0,0.15467831232093665
12115,holdout,0,0.14257129419462655
12116,development,0,0.14875468418298873
12117,development,0,0.14920089944614495
12118,development,1,0.525787072911839
12119,development,0,0.15195812590588764
12120,development,0,0.1464206134490708
12121,holdout,1,0.2437287711083781
12122,development,0,0.29868537781047844
12123,development,0,0.1661920956208498
12124,development,0,0.11202291663466135
12125,development,0,0.21095063161742067
12126,development,0,0.13641109387764816
12127,development,1,0.35506574405714886
12128,development,0,0.1459119437392765
12129,development,0,0.1470254324929884
12130,development,0,0.7817901201545618
12131,development,0,0.7639332217660655
12132,development,0,0.14209093633242287
12133,development,0,0.19625070027412675
12134,development,1,0.32691959870979287
12135,development,0,0.856540934073543
12136,holdout,0,0.11861239927682941
12137,development,0,0.12281793170446087
12138,development,0,0.08766874957184513
12139,holdout,0,0.12407172815158908
12140,development,0,0.12582109804187386
12141,development,0,0.12677450719205996
12142,development,0,0.17446199997618178
12143,development,1,0.41763265589966747
12144,development,1,0.6832340780139537
12145,development,0,0.15868039247567808
12146,development,0,0.08086138918536608
12147,development,0,0.15075308641600746
12148,development,0,0.19444229807915486
12149,development,1,0.2776920576275097
12150,development,0,0.4239071605043731
12151,holdout,0,0.10991510938496263
12152,development,0,0.21262066961010098
12153,development,0,0.29019960028826425
12154,development,0,0.11394695199475682
12155,holdout,0,0.17138555904133798
12156,development,0,0.21060503779668402
12157,development,0,0.32479189158078825
12158,holdout,0,0.16933837254789122
12159,development,0,0.32146238907126634
12160,development,0,0.13336045077995218
12161,holdout,0,0.13247336184545966
12162,development,1,0.10892281207269677
12163,development,1,0.2547787253616902
12164,holdout,0,0.1127979177674565
12165,holdout,0,0.6348416845807782
12166,development,0,0.12528291604140174
12167,holdout,1,0.5793164615488602
12168,development,0,0.1093372195966739
12169,development,0,0.3514601027898626
12170,holdout,0,0.15165258057705225
12171,development,1,0.6251391834944479
12172,development,0,0.10507386399838396
12173,holdout,0,0.11998003845131092
12174,development,0,0.18510426710655214
12175,development,0,0.15100943053934537
12176,development,0,0.156628245770218
12177,holdout,0,0.2841894665757457
12178,development,0,0.07351621651481681
12179,development,0,0.11548994150693433
12180,development,0,0.24372547899451497
12181,development,0,0.11841256486190374
12182,development,0,0.1087834018837511
12183,development,0,0.4297446353517893
12184,holdout,0,0.5640739276474884
12185,holdout,0,0.13078161795618523
12186,holdout,0,0.11159902847647243
12187,holdout,0,0.13737569803912877
12188,development,0,0.07032678431210024
12189,development,0,0.3118462851656981
12190,development,0,0.16441617554924767
12191,development,0,0.12068095634509522
12192,holdout,0,0.11734656684596632
12193,development,0,0.12578834533859942
12194,holdout,0,0.10447762048720784
12195,development,0,0.4884672936418979
12196,development,0,0.137541673675218
12197,development,0,0.026955773616301075
12198,development,1,0.09221165072074979
12199,holdout,0,0.3066579124935704
12200,holdout,0,0.12245054798253828
12201,holdout,1,0.11075923098247216
12202,development,0,0.1885830985153402
12203,development,0,0.11847871829588087
12204,development,0,0.11487670057082122
12205,development,1,0.6282232017087581
12206,development,0,0.11940382478789147
12207,development,0,0.07698323950962074
12208,holdout,0,0.11111956516064142
12209,development,0,0.10543588961842745
12210,development,0,0.08402558249097518
12211,development,0,0.1105358662334076
12212,holdout,0,0.31366141521917384
12213,development,1,0.21238304911577402
12214,holdout,0,0.13542257660782722
12215,development,0,0.16714384003258648
12216,holdout,0,0.08765056984118946
12217,development,1,0.7270567531868077
12218,holdout,0,0.23469145568127847
12219,development,0,0.13227836544615207
12220,development,0,0.1543346372102178
12221,development,0,0.11071748332031961
12222,development,0,0.14445153503938438
12223,holdout,0,0.14359612778769823
12224,development,1,0.061795069038265836
12225,development,0,0.10247511636715174
12226,development,0,0.14002227350208254
12227,holdout,1,0.3864156224400084
12228,development,0,0.21261740846200558
12229,development,0,0.6087393921453043
12230,development,0,0.3074233289707895
12231,holdout,0,0.2828478069798485
12232,development,0,0.1303373395358491
12233,development,0,0.13693677872010893
12234,development,0,0.28711652581882824
12235,holdout,1,0.291677211381884
12236,development,0,0.11184150849197677
12237,holdout,0,0.1786422325707405
12238,development,0,0.1502028905404114
12239,holdout,0,0.09195954511353793
12240,holdout,1,0.12095778139657634
12241,development,0,0.121909424661053
12242,holdout,0,0.07376253721846471
12243,holdout,1,0.1779714230929992
12244,holdout,0,0.12046046053273747
12245,holdout,0,0.11224823988711816
12246,development,0,0.13517519892474716
12247,holdout,0,0.12436370673758865
12248,development,0,0.11310897744273256
12249,holdout,0,0.1359237600281536
12250,development,1,0.3720619056890782
12251,development,0,0.15786143718497178
12252,holdout,0,0.12286141069538513
12253,development,0,0.3462898635990402
12254,development,0,0.12335157032250821
12255,development,0,0.21295959011682353
12256,development,0,0.09676157839225152
12257,development,0,0.13962517425620133
12258,development,0,0.16863865197522435
12259,holdout,0,0.10490229685625659
12260,holdout,1,0.7403529030755878
12261,development,0,0.36501396351120363
12262,development,0,0.34174803553819455
12263,development,0,0.12117651356167841
12264,development,0,0.1092620427250643
12265,development,0,0.16133228884496917
12266,holdout,0,0.29957314648876776
12267,holdout,0,0.13848895246687717
12268,holdout,0,0.29461447233209737
12269,holdout,0,0.29436780757664255
12270,development,0,0.1172175329230535
12271,holdout,0,0.10735554612767302
12272,development,0,0.12845703308644957
12273,holdout,0,0.12298075171518535
12274,holdout,1,0.41344054116483997
12275,holdout,0,0.1061845350366975
12276,development,0,0.5199499049411697
12277,development,1,0.4636169506597804
12278,development,0,0.27577106853047556
12279,development,0,0.10318021545941718
12280,holdout,0,0.11259265055132064
12281,development,0,0.10250903893422426
12282,development,0,0.09974792189662553
12283,development,0,0.11416161443992771
12284,development,1,0.7517672739679073
12285,development,0,0.1484166774475662
12286,holdout,0,0.05457291294873724
12287,development,0,0.11569147586861518
12288,development,0,0.1410317313207449
12289,holdout,0,0.12242981675154557
12290,development,0,0.08322087801002563
12291,development,0,0.142454828081862
12292,development,0,0.15300881941175523
12293,development,1,0.10478169160747917
12294,holdout,0,0.06308662477436967
12295,development,0,0.4748043191522252
12296,holdout,1,0.17267050362697164
12297,development,0,0.13766466572215716
12298,development,0,0.13212650791706268
12299,development,0,0.6366844496955925
12300,development,0,0.18903018998564852
12301,development,0,0.10705515721253953
12302,development,0,0.2567047153627603
12303,holdout,0,0.08807823106948934
12304,holdout,0,0.114124691782586
12305,holdout,0,0.2778561384930001
12306,development,0,0.09901446241134705
12307,development,0,0.40818709364254596
12308,development,0,0.17582341243651212
12309,holdout,1,0.34822837366728837
12310,development,0,0.11857595311686338
12311,development,1,0.5065720608441491
12312,holdout,0,0.13827931113328581
12313,development,1,0.1671136438493787
12314,development,1,0.7330243595331298
12315,holdout,0,0.1484887003699744
12316,holdout,0,0.18239943359797564
12317,development,0,0.14613692131967645
12318,development,0,0.12523103689982207
12319,development,0,0.10958856628831681
12320,development,0,0.17083498438670863
12321,development,0,0.2589073748592791
12322,development,0,0.3565644529566934
12323,development,0,0.33248891967917604
12324,development,0,0.13418065868805476
12325,development,1,0.3867104357050851
12326,development,0,0.13914455596623684
12327,development,0,0.16997745552205115
12328,development,1,0.3338774032207682
12329,development,0,0.1089418451347342
12330,holdout,0,0.3609511235318176
12331,holdout,0,0.10003526310098151
12332,development,0,0.1097159592744885
12333,development,0,0.406428399827403
12334,development,0,0.08222460365220916
12335,development,0,0.3207432761490277
12336,development,0,0.08749098539046486
12337,holdout,0,0.16563124212768407
12338,development,0,0.4318687641855
12339,development,0,0.14178938832813642
12340,holdout,0,0.13034462896223048
12341,holdout,0,0.11327980390838122
12342,development,0,0.2844820081234359
12343,holdout,0,0.11802856081773457
12344,development,1,0.07769053737122168
12345,holdout,0,0.10279662762345897
12346,development,1,0.13398483859888644
12347,development,0,0.09587592803519845
12348,development,0,0.13064480800912834
12349,holdout,1,0.5298388247475976
12350,development,0,0.18619350793663975
12351,holdout,0,0.12074482858384297
12352,holdout,0,0.10348334396943876
12353,development,0,0.04369661784358478
12354,development,1,0.40664644952397533
12355,holdout,1,0.07980639813624861
12356,holdout,0,0.19904361497528042
12357,holdout,0,0.31131354855529586
12358,development,0,0.1133329576556423
12359,development,0,0.13956901841042563
12360,development,1,0.35836405998084364
12361,development,1,0.3190301562667598
12362,development,0,0.1896449611001189
12363,development,1,0.28610442669344766
12364,development,1,0.14315674517680926
12365,development,0,0.12829443470728644
12366,holdout,0,0.6843914948136981
12367,development,1,0.6347377298914035
12368,development,0,0.11358563957451379
12369,development,0,0.3764786692139063
12370,development,1,0.5248874206103616
12371,development,0,0.1944345908303996
12372,holdout,0,0.06564907829288757
12373,development,0,0.4954529506049947
12374,development,0,0.14733993055817202
12375,holdout,0,0.11674768491491157
12376,development,0,0.16030732412729903
12377,development,0,0.15584036244295232
12378,development,0,0.12167803828501951
12379,development,1,0.7833093846893826
12380,holdout,1,0.11614434129534153
12381,holdout,0,0.10434891745430463
12382,development,1,0.09350713571633941
12383,development,0,0.19660862159754508
12384,development,0,0.1248265898615999
12385,development,0,0.17986116826266219
12386,development,0,0.3137951447164291
12387,development,0,0.11144989311363192
12388,development,1,0.19108356061106285
12389,development,0,0.13267602560619948
12390,development,0,0.11528741883184775
12391,development,0,0.07498347045889253
12392,development,0,0.13044355542828934
12393,development,0,0.0931255040154548
12394,development,1,0.7663136479116154
12395,development,0,0.11785313586733004
12396,development,0,0.08638228466510325
12397,development,0,0.14365438520716187
12398,development,0,0.08131246353191286
12399,development,0,0.2989119986215474
12400,development,1,0.4947402351227452
12401,development,0,0.12809827145572755
12402,development,1,0.07268640086203684
12403,development,0,0.12393266283130308
12404,development,0,0.5956392029631317
12405,development,0,0.14828682690227626
12406,development,0,0.09145630897591434
12407,development,0,0.11654354377067153
12408,development,0,0.13106368954841818
12409,development,0,0.11057951823617389
12410,development,1,0.6208995950078373
12411,development,0,0.2609085025760558
12412,development,0,0.10110880284895628
12413,development,1,0.44854248581344175
12414,development,0,0.206236870710346
12415,development,0,0.15291740863360764
12416,development,1,0.1557773763948829
12417,development,0,0.1539915391017087
12418,development,0,0.11190396979036106
12419,holdout,0,0.7183494886852981
12420,development,0,0.148441563371573
12421,development,0,0.20591199404049268
12422,development,1,0.18629727322655087
12423,development,1,0.25623167729777974
12424,development,0,0.06419399095529023
12425,development,1,0.11763732747569823
12426,development,1,0.570087516068508
12427,holdout,0,0.15221892945413448
12428,development,0,0.12964798235440522
12429,development,0,0.09132240502819691
12430,holdout,1,0.6730023025516219
12431,development,0,0.1440729920208551
12432,development,0,0.1402631197819938
12433,development,0,0.11116769940013427
12434,development,0,0.15987100448819663
12435,development,0,0.08871656410327348
12436,holdout,0,0.21078849858478163
12437,development,1,0.43921514012167234
12438,holdout,0,0.17732968115654887
12439,development,0,0.1455117177164373
12440,development,0,0.19472933455955177
12441,development,1,0.5592742885733484
12442,holdout,0,0.39502843204384963
12443,development,1,0.5237854297345038
12444,holdout,0,0.16267958775267202
12445,holdout,0,0.1334980423160472
12446,development,1,0.5013995896614691
12447,development,0,0.1361536804130911
12448,development,0,0.12229643813738339
12449,holdout,1,0.13072474407328352
12450,development,0,0.16777128715759176
12451,development,0,0.06848607714329583
12452,development,0,0.07102120796197194
12453,development,0,0.1971060997234026
12454,holdout,0,0.10826002395899627
12455,development,0,0.08417207396561244
12456,development,0,0.13557612288870588
12457,holdout,0,0.566112532354057
12458,development,1,0.4743259011087117
12459,development,0,0.13272149666547367
12460,holdout,1,0.14809444163054933
12461,holdout,0,0.12021161349635011
12462,development,0,0.13110339202377455
12463,development,0,0.1047046545262226
12464,development,0,0.09466165510917984
12465,development,0,0.19059589016493608
12466,development,1,0.24432775431911422
12467,development,0,0.16280813526785914
12468,holdout,0,0.19520899090685728
12469,development,0,0.40480711112506385
12470,development,0,0.13203833241089852
12471,development,0,0.10853026658247357
12472,holdout,0,0.11774475483627989
12473,development,0,0.10833246424014799
12474,development,0,0.13859447276688594
12475,development,0,0.13578400284223996
12476,development,1,0.35163605535767745
12477,development,0,0.29575535593611413
12478,development,0,0.11160614922790879
12479,development,0,0.30371717231102596
12480,development,0,0.32111815594883386
12481,holdout,0,0.14825340088833983
12482,holdout,0,0.12026949303386064
12483,development,0,0.08646255074097699
12484,development,0,0.5219489327995529
12485,holdout,0,0.12465529183530889
12486,development,0,0.11701112371934193
12487,development,0,0.08516361847510402
12488,holdout,0,0.08703628054504065
12489,development,0,0.3173130936717504
12490,development,0,0.15308529355391895
12491,holdout,0,0.1475818193159935
12492,holdout,1,0.5148024026180129
12493,development,0,0.14903160090488568
12494,development,0,0.29162218096368786
12495,development,0,0.16172801929964842
12496,development,0,0.14047294206954106
12497,holdout,0,0.08056383371803336
12498,development,0,0.11059877299060035
12499,development,1,0.4050451331769703
12500,development,1,0.7091018323834309
12501,holdout,0,0.36253696762645743
12502,holdout,1,0.4478537256445892
12503,development,0,0.14784488025238826
12504,development,0,0.45518613502706257
12505,development,0,0.11181575436435134
12506,development,0,0.1546760768857075
12507,development,0,0.12656619255079038
12508,development,1,0.5220203644266999
12509,development,0,0.26641408529111826
12510,development,0,0.22196022560464415
12511,development,1,0.12003526112669978
12512,development,0,0.26169050435200225
12513,holdout,1,0.20299582111926215
12514,development,0,0.19677204864844722
12515,holdout,0,0.1059464779765021
12516,development,0,0.2861676679284023
12517,development,1,0.14269613252454724
12518,holdout,0,0.1320222617880003
12519,holdout,0,0.13709441992433763
12520,development,0,0.6178865496100793
12521,development,0,0.11897387355492198
12522,holdout,0,0.10869554093914316
12523,development,0,0.21415785652745611
12524,development,0,0.16967338001792392
12525,development,0,0.16554095994030613
12526,development,0,0.06595747061232857
12527,development,0,0.4185178301010882
12528,development,0,0.10830709707649033
12529,development,0,0.12656117975764639
12530,development,0,0.3112460705365952
12531,development,0,0.09363047353978758
12532,development,0,0.1620021772354907
12533,holdout,0,0.09048043603913385
12534,development,0,0.17875708327767098
12535,development,0,0.11909918953129695
12536,development,1,0.3717119497800495
12537,holdout,0,0.11610861174157247
12538,development,0,0.13068416212136166
12539,development,0,0.039830830044354566
12540,development,0,0.2093598200973561
12541,development,0,0.16241335280100577
12542,development,0,0.15813094514887407
12543,holdout,0,0.14238195057451233
12544,development,1,0.14260796651308952
12545,development,0,0.14541408179360707
12546,development,0,0.13352700043935128
12547,holdout,0,0.35685295674536416
12548,development,1,0.3693790149638281
12549,development,0,0.11988001347989198
12550,development,0,0.11156865971516156
12551,holdout,0,0.12784901012130218
12552,development,0,0.5689391043547919
12553,development,0,0.0985234200844989
12554,development,0,0.1548444602844686
12555,holdout,0,0.09233779363504953
12556,holdout,1,0.3663481140455759
12557,development,0,0.13610214622594644
12558,development,0,0.38063212390769136
12559,development,0,0.31696128826431563
12560,holdout,0,0.4823944566282295
12561,development,0,0.23907205200751427
12562,development,0,0.19283303511125363
12563,development,1,0.39696917622405925
12564,development,0,0.745345786616533
12565,development,0,0.2722204605068821
12566,development,1,0.6431915606106458
12567,development,1,0.39175914443308707
12568,development,0,0.5503844409730098
12569,holdout,1,0.6675591636391611
12570,development,0,0.19075719780762593
12571,development,1,0.8074558854847059
12572,holdout,0,0.6061548699873793
12573,development,0,0.29222187616614437
12574,development,1,0.1335089257430774
12575,development,0,0.11713818343271702
12576,development,1,0.1665105301961165
12577,holdout,0,0.1760669735168507
12578,development,1,0.5957081933341914
12579,holdout,0,0.1459656976516237
12580,holdout,1,0.689465734413458
12581,holdout,0,0.14384146286624355
12582,holdout,0,0.14750596420923925
12583,development,1,0.6045114873883819
12584,holdout,1,0.7884752587462105
12585,holdout,0,0.13223603630549954
12586,development,0,0.1243474550689399
12587,holdout,0,0.14517529554726571
12588,development,0,0.1361677834997151
12589,development,0,0.2178015943226955
12590,development,0,0.17344198027041552
12591,holdout,0,0.15209297076132675
12592,development,0,0.10534107156029751
12593,development,0,0.13607695853645574
12594,development,1,0.24111990481099033
12595,development,0,0.14197362794108656
12596,development,0,0.16212232790901096
12597,holdout,1,0.2692861409494344
12598,holdout,0,0.11738185383434534
12599,development,0,0.1534835005267444
12600,holdout,0,0.35926407281826195
12601,development,0,0.2593300662479036
12602,development,0,0.3412849935531195
12603,development,0,0.1501147112295998
12604,holdout,0,0.32580557110912867
12605,holdout,0,0.1422894032205311
12606,development,0,0.12978184585471503
12607,development,0,0.10819349306383852
12608,development,0,0.12769969039685486
12609,holdout,1,0.5269663914727395
12610,holdout,0,0.15317241738407356
12611,holdout,0,0.16347951728089932
12612,development,1,0.18485347960040005
12613,development,0,0.23276717658937152
12614,development,0,0.08348926059903859
12615,development,0,0.09869872460906906
12616,holdout,0,0.27037260039134464
12617,holdout,0,0.3805543719432645
12618,holdout,0,0.08705935337279029
12619,development,1,0.24381298158143164
12620,development,0,0.5840047553998255
12621,holdout,0,0.18013687875196774
12622,development,1,0.6798197025457263
12623,development,0,0.14149675171321413
12624,development,0,0.18091735358746752
12625,development,0,0.12655885313070772
12626,development,1,0.413401189808823
12627,development,0,0.15245596767722752
12628,holdout,0,0.11100390543701302
12629,holdout,1,0.32323445114876337
12630,holdout,0,0.3615553853569472
12631,development,0,0.15437575857388502
12632,development,0,0.1584972176374024
12633,development,0,0.30785884862585455
12634,development,0,0.06596426547041571
12635,development,0,0.08343782338443995
12636,development,1,0.5044487996235689
12637,development,0,0.2077335559666317
12638,development,1,0.14485541895592816
12639,development,0,0.11799754568667851
12640,development,0,0.14749304825500842
12641,development,1,0.6741341707751034
12642,development,0,0.3544562250188568
12643,holdout,0,0.2712538089896653
12644,development,1,0.69320349022822
12645,development,0,0.38785305137226006
12646,development,0,0.12413263420227652
12647,development,0,0.15716922677302347
12648,holdout,0,0.2808960691093065
12649,holdout,1,0.5548324917797487
12650,development,1,0.3319878685937884
12651,development,0,0.27169409971930303
12652,development,0,0.2546597826585599
12653,development,0,0.19581698999417954
12654,development,1,0.6512517606676019
12655,holdout,0,0.11068151326847382
12656,development,0,0.10845844184561894
12657,holdout,0,0.7681514752005206
12658,development,0,0.12837057801480278
12659,development,0,0.16234879557112036
12660,holdout,1,0.30696924111933793
12661,development,1,0.12691463201997627
12662,development,0,0.13229988064621392
12663,development,0,0.14683019082647844
12664,holdout,0,0.19856300505611196
12665,development,0,0.6389753492569841
12666,development,0,0.18761908985032374
12667,development,0,0.09875914418624863
12668,holdout,0,0.4547835170011467
12669,holdout,0,0.21372005372150332
12670,development,1,0.4406392543453997
12671,development,0,0.13822695632072052
12672,development,0,0.09396767732584044
12673,holdout,0,0.23212320458124178
12674,development,0,0.1122408891569771
12675,development,0,0.43738293994556376
12676,development,1,0.17818899941513616
12677,development,0,0.35594897577914714
12678,development,1,0.4288971475855249
12679,development,0,0.11775951253293505
12680,development,0,0.17795027347963316
12681,development,0,0.1332686828114268
12682,holdout,1,0.33578892879996325
12683,development,0,0.11409166020508557
12684,development,0,0.07741486845324543
12685,development,0,0.12392438871441458
12686,development,0,0.19593489976313538
12687,holdout,0,0.16018786843477367
12688,development,0,0.6696226007383128
12689,development,0,0.1261803629042422
12690,development,1,0.07566440503546565
12691,development,0,0.18240715620558598
12692,development,1,0.18387540930449106
12693,development,0,0.12988633639138722
12694,holdout,0,0.11173577357883435
12695,development,0,0.1299113436050432
12696,development,1,0.5814069853435202
12697,development,0,0.11400593966913239
12698,development,1,0.44043075829730594
12699,development,0,0.12438271283884823
12700,development,0,0.11327173763189761
12701,development,0,0.13710663660854086
12702,development,0,0.12683301970114771
12703,development,1,0.7429244994788315
12704,development,0,0.06541335391695924
12705,holdout,0,0.08521497151125118
12706,development,0,0.1197234765015696
12707,holdout,1,0.7650904218420479
12708,development,0,0.1490491481297846
12709,development,0,0.6891391814396269
12710,development,0,0.11985951459996284
12711,holdout,1,0.5809818835010924
12712,holdout,0,0.10312665884143109
12713,holdout,0,0.509813526071364
12714,holdout,0,0.13112856606031517
12715,development,0,0.21062855143481743
12716,development,0,0.13196116591892196
12717,development,0,0.11317666627587568
12718,development,0,0.08280073886844992
12719,development,1,0.8641075209035258
12720,development,0,0.13557937867139394
12721,holdout,0,0.1299674935031169
12722,holdout,1,0.46305247607147937
12723,holdout,0,0.17091155487931622
12724,development,0,0.1065672917944143
12725,development,0,0.3285873393416877
12726,development,1,0.5336397439056448
12727,development,0,0.1259030362058109
12728,holdout,0,0.15284160835225433
12729,development,1,0.5004189826724709
12730,holdout,0,0.1129153148457437
12731,development,1,0.5470794176004904
12732,development,0,0.10789663823063309
12733,development,0,0.13180651177548117
12734,holdout,0,0.13038639878134844
12735,development,0,0.15622345033567525
12736,development,1,0.6508804961888283
12737,holdout,0,0.2533297438096511
12738,holdout,0,0.2081016512480722
12739,development,1,0.18161721676410966
12740,development,1,0.6124549588783726
12741,holdout,1,0.18193364631696188
12742,development,1,0.43120711874310624
12743,development,1,0.39238451336617686
12744,development,0,0.16692385899648512
12745,development,1,0.42208314018222265
12746,development,1,0.40637294967456894
12747,development,0,0.15333540977620147
12748,development,1,0.2340914153665911
12749,development,0,0.13258945291226684
12750,holdout,0,0.5405720269618055
12751,holdout,0,0.3633864564123174
12752,development,0,0.25622875235679904
12753,holdout,1,0.6331366000644798
12754,development,1,0.13760805242245625
12755,development,0,0.3988430538690979
12756,development,0,0.11715903914914241
12757,development,1,0.7518061445813885
12758,development,1,0.14828487867770068
12759,development,0,0.12695920068433908
12760,development,0,0.25851928303343763
12761,development,0,0.16819978354587092
12762,holdout,0,0.112799148651022
12763,development,0,0.12220349794130402
12764,development,0,0.12831832102747007
12765,development,1,0.13413660647428133
12766,holdout,0,0.18349354042900334
12767,holdout,1,0.20638552458964723
12768,development,0,0.1603767166515285
12769,development,1,0.8886496248770757
12770,development,0,0.2034138041012878
12771,development,1,0.5123328029206194
12772,holdout,0,0.1238043461304461
12773,development,0,0.11924313265658977
12774,development,0,0.26573338009487835
12775,development,0,0.5744884507495017
12776,holdout,0,0.14067123213409705
12777,holdout,0,0.19268612504207758
12778,holdout,0,0.1486733914975896
12779,development,0,0.08422907151738553
12780,holdout,0,0.2880520942919582
12781,development,0,0.10127505108022991
12782,development,0,0.1121246644878595
12783,holdout,0,0.17827317220906444
12784,holdout,0,0.9001329026818107
12785,holdout,0,0.15443211640349414
12786,holdout,0,0.09561154826542252
12787,development,0,0.30258032100093996
12788,development,0,0.19244777220537515
12789,development,0,0.1155090351188352
12790,development,0,0.2838195210726588
12791,development,0,0.12747870856460386
12792,holdout,1,0.5446349589336875
12793,development,1,0.33653374126656554
12794,holdout,1,0.4422457398591391
12795,development,1,0.572356234055524
12796,development,0,0.10144308718509883
12797,development,0,0.1439104486249134
12798,development,0,0.1515237903765956
12799,development,0,0.13498841836009987
12800,development,0,0.2519948924875912
12801,development,1,0.7592843193696561
12802,holdout,0,0.1635623414109956
12803,development,0,0.15835571952529773
12804,development,0,0.24300177841825432
12805,development,1,0.1628355001838898
12806,development,0,0.08612492637182248
12807,development,1,0.17493888348987657
12808,development,0,0.489305058724956
12809,development,0,0.14754103486532955
12810,development,0,0.3133551200024988
12811,development,0,0.14698993262711313
12812,development,0,0.105553415434387
12813,development,0,0.09404963533445487
12814,development,0,0.14092053024116516
12815,development,0,0.19230090193010657
12816,holdout,1,0.13934975369429825
12817,holdout,0,0.4564264222904353
12818,holdout,0,0.16008499600404874
12819,development,0,0.4013851448999052
12820,development,0,0.18384313523290816
12821,holdout,0,0.15115805771939653
12822,development,0,0.2794933278208048
12823,development,0,0.11438101602214897
12824,development,0,0.1344353241850642
12825,development,0,0.1645913241069632
12826,holdout,0,0.16642280190070005
12827,development,0,0.16471282995048642
12828,holdout,0,0.11422583932654047
12829,development,0,0.20693806556986774
12830,development,1,0.5345099662606627
12831,development,0,0.15014554432371197
12832,development,0,0.13738912263671008
12833,development,0,0.11406877026465566
12834,holdout,0,0.13868626139349746
12835,development,0,0.43643487151631044
12836,development,0,0.4696634353228359
12837,development,1,0.15251534128900973
12838,holdout,0,0.12424386337956596
12839,holdout,1,0.07755740065830874
12840,development,1,0.34966194200276923
12841,development,1,0.5044857815169652
12842,holdout,1,0.7087969779874765
12843,holdout,1,0.411699959595246
12844,development,0,0.5344652575226542
12845,holdout,0,0.38266330651718167
12846,development,0,0.0953299327437586
12847,development,0,0.5812679975812948
12848,development,1,0.2577275542098118
12849,development,1,0.1705443159911067
12850,development,1,0.30682633168182427
12851,development,0,0.1190138473223557
12852,development,0,0.1346106944449313
12853,development,0,0.15063926039938771
12854,development,0,0.1256388250389179
12855,development,1,0.417743652243574
12856,development,1,0.1298280921317711
12857,holdout,0,0.13280501484475615
12858,development,0,0.2306523522749795
12859,development,0,0.14731491620351703
12860,development,0,0.1687114708080829
12861,development,1,0.5812761879841081
12862,development,0,0.1590358176866459
12863,development,0,0.1316662484934921
12864,development,1,0.3387679512225867
12865,development,1,0.5657102400520099
12866,development,0,0.6504203070620672
12867,development,1,0.14336414433207043
12868,development,0,0.16884645797036052
12869,development,0,0.16745375367371704
12870,development,0,0.31375053518096574
12871,holdout,1,0.39174017602083044
12872,development,1,0.16546685210986709
12873,development,1,0.43104729893685023
12874,development,1,0.17048832852500861
12875,holdout,1,0.2993613015065458
12876,development,0,0.11292274693132051
12877,development,0,0.3644055362276515
12878,development,0,0.6311200679396108
12879,development,0,0.1424940808337193
12880,development,0,0.08327665115623344
12881,development,0,0.12646443585905948
12882,holdout,0,0.12150406462371707
12883,development,0,0.10245616288728049
12884,development,0,0.3508444940908087
12885,development,0,0.2034311165659763
12886,development,0,0.12310113385643336
12887,development,0,0.22958761541077297
12888,development,1,0.4383302891720184
12889,development,1,0.08826171286859881
12890,holdout,1,0.7410103047744868
12891,development,0,0.12089500887709814
12892,holdout,0,0.1489858342066346
12893,development,0,0.12454482688685187
12894,holdout,0,0.13334255378335463
12895,holdout,1,0.4192823282854478
12896,development,0,0.25336643114104107
12897,development,0,0.19168031497569066
12898,holdout,0,0.142685980509497
12899,development,0,0.1291589996136446
12900,holdout,1,0.15511237095571392
12901,development,0,0.13601089531142666
12902,development,0,0.0813522265619498
12903,development,0,0.2693221140077877
12904,development,0,0.3035997088991158
12905,development,1,0.11521239863763276
12906,development,0,0.12031714119504755
12907,development,0,0.17944470367939774
12908,development,1,0.7472771861281916
12909,holdout,0,0.0796730318325768
12910,development,1,0.1159320726606937
12911,development,0,0.08036518540367697
12912,holdout,1,0.09519166291437536
12913,holdout,0,0.132937105931131
12914,holdout,1,0.25872649811394427
12915,development,1,0.19248492479764656
12916,development,0,0.08746115037602878
12917,development,0,0.41890096425478257
12918,development,0,0.13267507230073333
12919,holdout,1,0.432589717828997
12920,development,0,0.125855492327033
12921,development,0,0.12542073620723274
12922,development,0,0.11932095244904425
12923,development,0,0.334991837740132
12924,holdout,0,0.14890283696368178
12925,holdout,0,0.30229654631612585
12926,holdout,0,0.11808249863282658
12927,development,0,0.09712109974785349
12928,development,0,0.24911611724386767
12929,development,0,0.16297338916294696
12930,holdout,1,0.07995035870770516
12931,development,1,0.6935804769302046
12932,holdout,0,0.6398407464024696
12933,development,0,0.15907578261621524
12934,holdout,0,0.15211407397581686
12935,development,0,0.11543441573083289
12936,development,0,0.16206458540249186
12937,development,0,0.18133663101497846
12938,development,1,0.19691442234615023
12939,development,0,0.11812924200900392
12940,development,1,0.6107281803492656
12941,holdout,1,0.39423601452082724
12942,holdout,1,0.12185219268319415
12943,development,1,0.6714549842209916
12944,development,0,0.3939579427539782
12945,holdout,0,0.10435741314296848
12946,development,0,0.1624988141890538
12947,development,1,0.10927596877764048
12948,development,0,0.15425366821964984
12949,development,0,0.12123485945388451
12950,development,1,0.7704513929811049
12951,development,0,0.5613632757418868
12952,holdout,0,0.12090574758681759
12953,development,0,0.1177125059122467
12954,development,0,0.1146193976289339
12955,development,0,0.11257096479728498
12956,holdout,0,0.06760500045611353
12957,development,0,0.16435047564960045
12958,holdout,0,0.2710772292211615
12959,holdout,1,0.5004316543464119
12960,development,1,0.6284648454219809
12961,holdout,0,0.2713427728016569
12962,development,0,0.06903294148193875
12963,development,0,0.1371166356243993
12964,development,0,0.12315179765840983
12965,holdout,1,0.27434517869717756
12966,development,0,0.3013747467320218
12967,holdout,0,0.12192675070171198
12968,holdout,1,0.177193123854178
12969,development,0,0.3385953787923843
12970,development,1,0.6212370801450873
12971,holdout,0,0.5595298782327717
12972,development,0,0.10402795376705057
12973,development,0,0.03717343607758217
12974,development,1,0.45144829130785774
12975,development,0,0.09578360471773034
12976,development,0,0.12533652515065474
12977,development,0,0.1286460533524446
12978,holdout,0,0.1395763669468731
12979,development,0,0.12461585600651967
12980,holdout,0,0.18233341464576058
12981,development,0,0.253021526382349
12982,development,0,0.15548406196480946
12983,holdout,0,0.2020464180609677
12984,holdout,1,0.12173482121427898
12985,development,0,0.08289580471071835
12986,holdout,0,0.33534285849228945
12987,development,0,0.32030237123316496
12988,development,0,0.6108653467452317
12989,development,0,0.5638222149059535
12990,development,0,0.15553731075404764
12991,development,1,0.48981970322170604
12992,development,1,0.3316231865588477
12993,development,0,0.14933174928439394
12994,development,1,0.17952784942724248
12995,development,1,0.4298507623717679
12996,holdout,0,0.24991573000344322
12997,development,0,0.25860996290425997
12998,development,0,0.1894857962917706
12999,development,1,0.6442562965927474
13000,development,1,0.4341680149965203
13001,development,0,0.12850191917580037
13002,holdout,0,0.182112641417043
13003,development,0,0.16031977396467953
13004,development,0,0.797886698910779
13005,development,0,0.12844350549162897
13006,development,0,0.1307169560824988
13007,development,0,0.1392647000426721
13008,holdout,0,0.16909998817677893
13009,holdout,0,0.12442354863831973
13010,development,0,0.30581613053299855
13011,development,0,0.04417571180569863
13012,development,0,0.3420743215675166
13013,holdout,0,0.21379397876012307
13014,holdout,0,0.4665687095649233
13015,development,1,0.13574540945553773
13016,development,0,0.13444700251783398
13017,development,1,0.740150082465602
13018,development,0,0.16115038997610326
13019,development,0,0.21008420166780228
13020,development,1,0.15924536333773304
13021,development,0,0.1668390900384475
13022,development,0,0.325280033284383
13023,holdout,1,0.1168307191405068
13024,development,1,0.7922169487590387
13025,holdout,0,0.12575299230659043
13026,development,0,0.13832577050045752
13027,development,1,0.30545418702853255
13028,development,0,0.2985385838748954
13029,development,0,0.5355979866528828
13030,development,0,0.0708949630076766
13031,holdout,1,0.13274323231295818
13032,development,1,0.23262796312136158
13033,development,1,0.2926016239793473
13034,holdout,0,0.1233448350899534
13035,development,0,0.16908628757995514
13036,development,0,0.2766034359442761
13037,holdout,0,0.08128483483651974
13038,development,0,0.07935561551754405
13039,development,0,0.4287100168154254
13040,development,0,0.11820729678844023
13041,development,0,0.1302024793532345
13042,holdout,0,0.11400548510370057
13043,holdout,0,0.13373687289067374
13044,development,1,0.1036430185477964
13045,holdout,0,0.11931563848879864
13046,development,0,0.10186097954603257
13047,holdout,0,0.12486102570045246
13048,holdout,0,0.18282620225959573
13049,development,0,0.13918394544349488
13050,development,1,0.741454971203825
13051,holdout,1,0.5549192364731523
13052,development,1,0.8105883849303672
13053,development,0,0.13247801976252668
13054,development,0,0.1431523810151258
13055,holdout,1,0.7175668432751633
13056,holdout,1,0.1726822491260044
13057,development,1,0.25727233480948686
13058,development,0,0.4243150563925864
13059,development,0,0.12861429106450006
13060,holdout,1,0.17403024505907194
13061,holdout,0,0.12850320324071426
13062,development,0,0.489430337983654
13063,development,1,0.15533262162012954
13064,holdout,1,0.1743303175890841
13065,development,0,0.11694939646048781
13066,development,0,0.14856151709391446
13067,holdout,0,0.1369035578057675
13068,development,0,0.1147794639343905
13069,development,0,0.3518333072479733
13070,development,0,0.18751505240779928
13071,development,0,0.12149954278040509
13072,development,0,0.13518320134277104
13073,development,1,0.8174165464329076
13074,development,0,0.26634877745123986
13075,holdout,0,0.1521034491701403
13076,development,1,0.12224783546038903
13077,holdout,1,0.11497032337753527
13078,development,0,0.1214856544862119
13079,development,0,0.11405709919069183
13080,development,0,0.08599875347380988
13081,development,0,0.26889249368635304
13082,holdout,0,0.6841310525018881
13083,development,0,0.08060415790739164
13084,holdout,0,0.12648801478316216
13085,development,0,0.13768278003718198
13086,development,0,0.056594716238875145
13087,development,0,0.10000396250453633
13088,development,0,0.15437719465204675
13089,holdout,0,0.1507837051323842
13090,holdout,0,0.13346046594541275
13091,development,0,0.08175126508597018
13092,development,0,0.20790270982723805
13093,development,0,0.2487051089843706
13094,development,0,0.0326640687623397
13095,development,0,0.5015995755340417
13096,development,1,0.36100454597128195
13097,development,1,0.2974682783316829
13098,holdout,0,0.24456991270370784
13099,development,0,0.140746726071517
13100,development,1,0.14273093812783727
13101,development,1,0.35996155135244906
13102,holdout,1,0.4164267139060509
13103,development,0,0.04841619960548114
13104,holdout,0,0.24092805683758925
13105,development,0,0.1586322288643999
13106,holdout,0,0.20985635218759727
13107,development,1,0.5070473613671925
13108,development,0,0.21448286253488882
13109,holdout,1,0.18933298632579137
13110,development,0,0.11828448345338206
13111,holdout,0,0.2009744504522808
13112,development,0,0.16262853244472736
13113,holdout,0,0.630069369929478
13114,development,1,0.20295585961034482
13115,development,0,0.6046590069365475
13116,development,1,0.47286409123317463
13117,holdout,1,0.6001602438818149
13118,development,0,0.16734271192731698
13119,development,0,0.1644409336518392
13120,development,0,0.1576689831937192
13121,holdout,1,0.34313719437212054
13122,development,0,0.18716438888045042
13123,holdout,1,0.788270587379938
13124,development,0,0.137509595400659
13125,development,0,0.1336426053458477
13126,holdout,0,0.27746366667464045
13127,holdout,0,0.2669583978889622
13128,holdout,1,0.5781650126356123
13129,development,0,0.19438787275881605
13130,development,1,0.4451308675242523
13131,holdout,1,0.3422046036299107
13132,development,0,0.04002006380807098
13133,development,1,0.40030874307884723
13134,development,0,0.17951255277593045
13135,holdout,0,0.13089435213368872
13136,development,0,0.16244978023218
13137,holdout,1,0.47944540964968324
13138,holdout,0,0.2784636588277929
13139,development,1,0.3802914176634483
13140,development,0,0.21924223099893853
13141,holdout,0,0.12834784233323784
13142,development,0,0.19500714521569762
13143,development,0,0.17913785997675463
13144,holdout,1,0.31111937410612667
13145,development,0,0.2545105112420729
13146,holdout,0,0.7359341253548298
13147,development,0,0.21563813275280116
13148,development,0,0.12252808697667304
13149,development,1,0.14774756031481226
13150,holdout,0,0.16648391938264823
13151,development,1,0.7443767809661336
13152,holdout,0,0.18338308883340637
13153,development,1,0.36847930311639593
13154,holdout,0,0.16761888600469946
13155,development,1,0.8228815764973101
13156,holdout,1,0.7059633890157737
13157,holdout,0,0.1261035576905529
13158,holdout,0,0.126527010255082
13159,development,1,0.8712371407391007
13160,development,1,0.3286717434816168
13161,holdout,0,0.666854718920895
13162,development,1,0.42844807289912656
13163,development,0,0.403485630406933
13164,holdout,0,0.16199484205181522
13165,development,0,0.4349606634000966
13166,development,0,0.07298156970078293
13167,development,0,0.1368194715390825
13168,development,0,0.10045831449071008
13169,holdout,0,0.1265571179138554
13170,development,0,0.15056268985001642
13171,development,0,0.10616114111625202
13172,development,0,0.10638850191057626
13173,development,0,0.0954496614781474
13174,holdout,0,0.11349711775022579
13175,development,0,0.3558169392270072
13176,holdout,0,0.08186259887214245
13177,development,0,0.5512732207259468
13178,development,1,0.4422870052504581
13179,development,1,0.5637301871877909
13180,holdout,0,0.25025870371663017
13181,holdout,1,0.13473298566174532
13182,development,0,0.11768715572152647
13183,development,0,0.7295237538475478
13184,development,0,0.31940258959984574
13185,development,0,0.1255356399669366
13186,holdout,0,0.3152451633850398
13187,development,1,0.12416009124430814
13188,development,0,0.30458569428846133
13189,holdout,1,0.8866784434794878
13190,development,0,0.2776504974907745
13191,development,0,0.1200319620299901
13192,development,0,0.07758612271660174
13193,development,1,0.8317062264058129
13194,development,1,0.2675039651796719
13195,holdout,0,0.18069442389151713
13196,holdout,1,0.24725302391997475
13197,development,0,0.11716493401129598
13198,holdout,0,0.15431683570135918
13199,development,0,0.12811030883732766
13200,holdout,0,0.1362865497395386
13201,development,1,0.7315206632559131
13202,development,0,0.42279478407341375
13203,holdout,0,0.14090084432330607
13204,development,0,0.1579766275737228
13205,development,0,0.8272430032970859
13206,development,0,0.15768902832529338
13207,development,0,0.18067864962513877
13208,development,0,0.6094417934569943
13209,development,0,0.08695706555040436
13210,holdout,1,0.7009425223719785
13211,development,0,0.18027010557533904
13212,development,0,0.1545357823667255
13213,development,1,0.16977841533391985
13214,holdout,0,0.09454088914449274
13215,development,0,0.11823768406753521
13216,development,0,0.10825908835412598
13217,holdout,0,0.1016093368399623
13218,development,0,0.15053810031915207
13219,development,0,0.43440765760844174
13220,development,0,0.3125298465431685
13221,development,1,0.7243488903220681
13222,holdout,0,0.829337469972175
13223,development,1,0.49272701307241995
13224,development,1,0.12384106681056278
13225,holdout,0,0.11672201632674872
13226,holdout,1,0.43778059549922677
13227,development,0,0.21231180393307814
13228,holdout,0,0.7030367473206233
13229,development,1,0.5913816499856978
13230,holdout,0,0.1167406970105322
13231,holdout,0,0.125724648942022
13232,development,0,0.13996456988921088
13233,development,0,0.20811393592150648
13234,development,0,0.3849619024087374
13235,holdout,1,0.33836216960001325
13236,holdout,0,0.0803380314224139
13237,development,0,0.41881418138249943
13238,development,0,0.26884648757135116
13239,holdout,1,0.4557275217424387
13240,development,0,0.13123346804197147
13241,holdout,1,0.10177297961907725
13242,development,0,0.3283113048877184
13243,development,0,0.09654947338489665
13244,holdout,0,0.12295962384215553
13245,holdout,0,0.3476348307390417
13246,development,0,0.5660142079521979
13247,development,0,0.17083307698127037
13248,holdout,0,0.1429528229682873
13249,development,0,0.1720343825254943
13250,holdout,1,0.7463066987814498
13251,holdout,1,0.511566897127585
13252,development,1,0.1276672772052558
13253,development,0,0.24566567432121092
13254,development,0,0.12668620408923253
13255,development,0,0.18894672102219937
13256,holdout,0,0.22104423752227256
13257,development,1,0.5166533674423832
13258,development,1,0.6423569514270162
13259,development,0,0.12372342360233134
13260,development,1,0.1865414620321417
13261,development,0,0.17865442194712494
13262,development,1,0.4260968171656878
13263,development,1,0.6602611480747502
13264,development,0,0.12324108945624473
13265,development,0,0.528140394982489
13266,development,1,0.12739080099898292
13267,holdout,0,0.11373798091917227
13268,development,0,0.16580974329424855
13269,development,0,0.1430638674964621
13270,development,1,0.6864521246576729
13271,development,0,0.12414000656091595
13272,development,1,0.5759406648711431
13273,development,0,0.1772093099928436
13274,development,0,0.09851763144086914
13275,development,1,0.2504697844090491
13276,development,0,0.2760613538009494
13277,holdout,0,0.1484167747175589
13278,holdout,0,0.16357315823129945
13279,holdout,0,0.18750494807239554
13280,development,0,0.06962678887250238
13281,development,0,0.1432416241933341
13282,development,1,0.5940072784448017
13283,holdout,0,0.18551914263115546
13284,holdout,0,0.09563188163269241
13285,development,0,0.11896021036028906
13286,development,1,0.1264373665471347
13287,development,1,0.6630828979285902
13288,holdout,0,0.1719785526796835
13289,development,0,0.17971379052264305
13290,development,0,0.11767860897244828
13291,development,0,0.24591086825157324
13292,development,0,0.4493754776018395
13293,holdout,0,0.16549401776358125
13294,development,0,0.158055283927172
13295,development,0,0.4167775649815836
13296,holdout,1,0.6521959972439142
13297,development,0,0.15274212385397398
13298,development,0,0.5219416260560867
13299,holdout,0,0.11396047687515716
13300,development,1,0.7310846882588696
13301,development,0,0.18615086217181886
13302,development,0,0.3042122957958241
13303,development,1,0.6058745690568599
13304,development,1,0.1861040788253769
13305,development,1,0.7057048552932205
13306,development,0,0.1656379754033522
13307,holdout,0,0.18183206992280376
13308,holdout,0,0.7679090732360159
13309,development,0,0.21003625175142226
13310,holdout,1,0.7492109081444407
13311,holdout,1,0.26304844613274536
13312,development,0,0.11815885711770635
13313,development,0,0.19118096465583323
13314,development,0,0.17438744738471848
13315,holdout,0,0.44492923285302294
13316,development,0,0.14113757672751726
13317,holdout,0,0.11636771105456326
13318,development,0,0.15927067822580962
13319,development,0,0.10815290840406186
13320,development,0,0.13015346027535712
13321,development,0,0.4688297973748898
13322,development,0,0.17644396163507514
13323,development,1,0.5625307161655605
13324,development,0,0.17690861772144426
13325,development,0,0.07006149742583105
13326,development,1,0.25119799303634954
13327,development,0,0.19209298718821116
13328,development,0,0.12683401652728069
13329,development,1,0.15072712141886016
13330,development,0,0.1604403173128678
13331,holdout,1,0.47720413398344375
13332,development,0,0.1473329960561834
13333,development,0,0.10033045203495025
13334,development,0,0.12705277127216114
13335,holdout,0,0.3226804769464319
13336,development,1,0.424669151754345
13337,development,1,0.6652456591320259
13338,development,0,0.12366090846232833
13339,development,1,0.14526350301349072
13340,development,0,0.6823240442221837
13341,development,0,0.18524864261841464
13342,development,0,0.1671724538720047
13343,holdout,0,0.06329501189430047
13344,development,0,0.12134329162784141
13345,development,0,0.12718486730813838
13346,development,1,0.37357182844190834
13347,development,0,0.4106467978273958
13348,development,0,0.16506160944902365
13349,development,0,0.13149987684680184
13350,holdout,0,0.10134549909322756
13351,development,0,0.7282665523395315
13352,development,0,0.16323947217618162
13353,development,0,0.09827828490848921
13354,development,0,0.5879160238471118
13355,development,0,0.14861121189323434
13356,holdout,0,0.21644350490006434
13357,development,1,0.15621854738032404
13358,holdout,0,0.11507470925755296
13359,development,0,0.23737933673311618
13360,development,0,0.15988294095835784
13361,development,0,0.16106978494769547
13362,development,0,0.12805098028532572
13363,holdout,0,0.18027791884173164
13364,holdout,1,0.4453705675363725
13365,development,0,0.49874296009766744
13366,development,0,0.18477335143251522
13367,holdout,0,0.16046778792773503
13368,development,0,0.83737529466455
13369,development,0,0.17464022667021628
13370,holdout,1,0.5616472190989696
13371,holdout,1,0.4479134337420685
13372,holdout,0,0.15777053072093838
13373,development,0,0.2827905544583692
13374,holdout,0,0.0886516110622601
13375,development,0,0.17308905570675406
13376,development,0,0.10889865490397652
13377,holdout,0,0.29753597636710716
13378,holdout,1,0.5491059957609125
13379,development,1,0.1274269253762394
13380,holdout,0,0.5203550175974839
13381,holdout,1,0.3457990399282387
13382,development,1,0.17678311567430202
13383,holdout,1,0.18812407485490382
13384,development,1,0.5064969840949936
13385,development,1,0.25920676427595735
13386,development,1,0.8719193633415919
13387,holdout,1,0.6782616396953686
13388,holdout,0,0.015244909636111009
13389,development,0,0.11731162451569606
13390,development,0,0.6816697567574049
13391,holdout,0,0.06869556953036157
13392,development,0,0.09866529727411297
13393,holdout,0,0.43921837096763766
13394,development,0,0.6444166218320261
13395,development,0,0.1233503491147746
13396,development,0,0.16336552336899074
13397,development,0,0.1250573314466071
13398,development,0,0.361928771972454
13399,development,0,0.16953688860504743
13400,development,1,0.4121759496050904
13401,holdout,1,0.13016366514672958
13402,holdout,0,0.1423498427173931
13403,development,0,0.14047336262152546
13404,development,0,0.17364021226309062
13405,development,1,0.6728276597661698
13406,development,1,0.2170975009573815
13407,development,1,0.14320107415975394
13408,development,0,0.1595530172269394
13409,holdout,0,0.1052630648882187
13410,development,0,0.13285049067542617
13411,development,0,0.18406526047511007
13412,development,0,0.1359760139598174
13413,development,0,0.11108533591675605
13414,holdout,0,0.14751201218693874
13415,holdout,1,0.16783138057616095
13416,development,1,0.29211473823919687
13417,development,0,0.1336787970745248
13418,development,1,0.11631056652255187
13419,development,0,0.18166459986999378
13420,development,1,0.14291080292708017
13421,holdout,1,0.6886673043954578
13422,development,0,0.7314582481631393
13423,holdout,1,0.521194735352576
13424,development,0,0.039534029389565246
13425,holdout,1,0.7928850764130915
13426,holdout,1,0.3608575665861261
13427,development,0,0.12910404945045836
13428,development,0,0.09287717852783386
13429,development,0,0.1514105634583984
13430,holdout,0,0.20993219468143026
13431,development,1,0.29806806126272
13432,development,1,0.3890147013479449
13433,development,0,0.17320519361902395
13434,development,1,0.604322125124984
13435,development,0,0.1822219064937953
13436,development,1,0.5694724941397806
13437,holdout,0,0.21425284290341706
13438,holdout,0,0.11364680365819953
13439,development,1,0.8129428696967405
13440,development,0,0.2907250873216454
13441,holdout,0,0.19872837248259573
13442,development,0,0.608844433333807
13443,holdout,0,0.16191189937498315
13444,development,1,0.6669389050520104
13445,development,0,0.07495122204957935
13446,development,0,0.12556783720403322
13447,development,0,0.11268140653094534
13448,holdout,0,0.4263310705211763
13449,development,0,0.08287890929678124
13450,development,0,0.0857258428150834
13451,holdout,1,0.7644024204476726
13452,development,0,0.3416353815258136
13453,holdout,1,0.4642793100501277
13454,development,1,0.21399068778068564
13455,development,0,0.3593021464704254
13456,development,0,0.10977084854467979
13457,holdout,1,0.1503313512782357
13458,development,0,0.12383488185936196
13459,development,0,0.17794375350013084
13460,holdout,0,0.0362553955851021
13461,holdout,0,0.08300121825289997
13462,holdout,0,0.23332276717715233
13463,development,1,0.19694793712350298
13464,development,0,0.15369949156632418
13465,holdout,0,0.1446812512488983
13466,development,1,0.7028057049309734
13467,development,0,0.08796044116384943
13468,development,0,0.148216280765728
13469,development,0,0.0913259974960354
13470,development,1,0.19320451070943584
13471,development,1,0.40077462133140906
13472,development,0,0.10065571690726201
13473,holdout,0,0.1147050554322876
13474,development,0,0.1150763848039286
13475,development,0,0.3566744475507763
13476,development,0,0.14799841597894148
13477,development,0,0.19329302020695838
13478,development,0,0.11424495112340616
13479,holdout,0,0.01903019169822976
13480,holdout,0,0.14656720270532606
13481,development,1,0.3371829244741396
13482,development,0,0.14379140069377436
13483,holdout,0,0.13603922717002825
13484,development,0,0.17758715277268067
13485,development,1,0.7762532129153978
13486,development,0,0.1328472519579966
13487,development,0,0.16736190359412562
13488,development,0,0.1427371097869638
13489,development,0,0.12946601443595906
13490,development,0,0.7932112443733634
13491,development,0,0.1524925580351785
13492,development,0,0.15080043253292677
13493,development,1,0.2907214258440718
13494,development,0,0.3212001105216061
13495,development,0,0.1321450562255272
13496,development,0,0.1494377597746626
13497,development,0,0.117778221583211
13498,development,0,0.20898789580557534
13499,holdout,0,0.1825697256506104
13500,development,0,0.19151873158712046
13501,development,0,0.17515245013300185
13502,development,1,0.8848770701700032
13503,development,0,0.3702896502498545
13504,development,0,0.09004283968672248
13505,development,0,0.14123472768160902
13506,holdout,1,0.8351667979076629
13507,development,0,0.153954933114307
13508,holdout,1,0.21070222111430242
13509,development,1,0.4595554251834492
13510,holdout,0,0.1802070141573984
13511,development,0,0.13020655814918894
13512,development,0,0.4008752686909001
13513,development,1,0.6715223056713819
13514,development,0,0.5067043897625483
13515,development,0,0.04256940255699377
13516,holdout,1,0.5431589523192042
13517,development,0,0.7081481978169109
13518,development,0,0.1948517300673787
13519,development,0,0.19348593493047686
13520,development,0,0.7382601395719138
13521,holdout,0,0.08627880749616289
13522,development,0,0.11406233826297617
13523,development,1,0.19097300931132294
13524,development,1,0.7837300980240666
13525,holdout,1,0.1243092110755928
13526,development,0,0.15098663104410887
13527,holdout,1,0.7598834943357653
13528,holdout,0,0.13827413384053563
13529,development,0,0.15622242082247084
13530,development,0,0.131176161221499
13531,development,0,0.3766437474221892
13532,development,1,0.09462764133279071
13533,development,1,0.7468782866738799
13534,holdout,0,0.13360148463614788
13535,development,1,0.09707504435929393
13536,development,0,0.12352982579158583
13537,holdout,1,0.5960983982911741
13538,holdout,0,0.1532082290543661
13539,development,0,0.11612721203384675
13540,holdout,0,0.7246556481973137
13541,development,1,0.32648051823100277
13542,development,0,0.3795781087803948
13543,development,0,0.1183364308841216
13544,development,0,0.10698676248074897
13545,holdout,0,0.09497102370728812
13546,development,0,0.13117602076737897
13547,development,0,0.10044840437026631
13548,development,0,0.1118822988803972
13549,development,1,0.0778985471311951
13550,development,1,0.30971480876277857
13551,holdout,0,0.27704285508745724
13552,development,0,0.35301291145351366
13553,development,1,0.7349493703076145
13554,development,1,0.1771714948897573
13555,development,0,0.2046152307733671
13556,development,1,0.35273408127720307
13557,development,0,0.755716309735002
13558,development,0,0.2072889073266651
13559,development,0,0.08733132765673776
13560,development,0,0.13239157028630744
13561,development,0,0.16514375171722742
13562,holdout,0,0.1171846005065507
13563,development,0,0.15857854034459845
13564,development,0,0.3849694375387946
13565,holdout,1,0.3047856964373837
13566,holdout,1,0.17519676283763633
13567,development,0,0.7423389089645215
13568,holdout,0,0.3584186512873409
13569,development,0,0.1488634931673529
13570,development,0,0.13238111257927054
13571,holdout,1,0.2950061038809537
13572,development,0,0.1390692333933283
13573,development,1,0.28574617184117485
13574,development,1,0.42749923977198556
13575,development,0,0.3441692059171439
13576,holdout,0,0.15945316975426455
13577,development,1,0.133684240297913
13578,development,0,0.15268823910741997
13579,development,1,0.18140159022129967
13580,development,1,0.13258153033061568
13581,development,0,0.15007112186690377
13582,development,0,0.49837574858629313
13583,development,1,0.7149048342279943
13584,development,0,0.34472330807056933
13585,holdout,1,0.20690846349538083
13586,development,0,0.12130871542125367
13587,development,0,0.30765681575029574
13588,holdout,0,0.16338042007906436
13589,development,1,0.7268848591630447
13590,development,0,0.4854110210535612
13591,holdout,0,0.1287621658771009
13592,holdout,0,0.11447855852555903
13593,development,1,0.7454923748389871
13594,development,1,0.1466945157761287
13595,development,1,0.16571675453229828
13596,development,1,0.4239830816502736
13597,development,1,0.5457660675403514
13598,holdout,1,0.3720281029281791
13599,development,1,0.20713915808745148
13600,development,0,0.21585561660907196
13601,development,0,0.16432093033301082
13602,development,1,0.16352721775002516
13603,development,1,0.3448664470331476
13604,development,1,0.19255464041298684
13605,development,0,0.3247600537345864
13606,holdout,0,0.32234080997889714
13607,development,0,0.1475100066562026
13608,development,0,0.14512897887924484
13609,development,0,0.112429412342959
13610,development,0,0.12613675763828602
13611,holdout,1,0.348490020353703
13612,development,0,0.2838871428636339
13613,holdout,1,0.15041314245115545
13614,development,0,0.14981738530076588
13615,development,0,0.07852630098722763
13616,holdout,0,0.17894098514735074
13617,holdout,1,0.7868347248208145
13618,development,0,0.37993442828350693
13619,development,0,0.18006167465688863
13620,holdout,0,0.1326333819018448
13621,development,0,0.1149694000800119
13622,development,0,0.1845222330804132
13623,development,0,0.42348920828765974
13624,holdout,0,0.1508450717867064
13625,development,1,0.4417559594144407
13626,development,0,0.7195607029756336
13627,development,1,0.4714539181323923
13628,development,0,0.20549761158302965
13629,development,0,0.3351848276606593
13630,development,0,0.12773595742909818
13631,development,0,0.6436163469596026
13632,development,1,0.14511192448481974
13633,development,0,0.13786271955610233
13634,development,0,0.10860294621200635
13635,holdout,0,0.13382037927351773
13636,holdout,0,0.1369674635535088
13637,holdout,0,0.1135660602758876
13638,holdout,0,0.1540092135997299
13639,development,0,0.1103651369584327
13640,development,1,0.816345183778898
13641,development,1,0.38532639395773954
13642,development,0,0.22262283895403134
13643,holdout,0,0.21942573505896124
13644,development,0,0.1345604348542362
13645,holdout,1,0.1324563740916471
13646,development,1,0.17945613719494125
13647,holdout,0,0.13543069565603502
13648,development,0,0.11555764841807342
13649,holdout,1,0.099490615990897
13650,development,0,0.18385888555636176
13651,holdout,0,0.4030071857380738
13652,development,0,0.15068339783465476
13653,development,0,0.14216531962922438
13654,development,0,0.11349927286117989
13655,development,0,0.1402085562993098
13656,holdout,0,0.15630138689582398
13657,development,0,0.1641046231729128
13658,holdout,0,0.13060529932732273
13659,holdout,0,0.09584573602605354
13660,development,1,0.7943825783513934
13661,holdout,0,0.15406447735123296
13662,development,0,0.13652375410090362
13663,development,0,0.18594437232630184
13664,development,0,0.3091921538420429
13665,holdout,0,0.07988811566724917
13666,development,0,0.11361962771894282
13667,holdout,0,0.22016238414237654
13668,development,1,0.7154788721204289
13669,development,0,0.1455997954185145
13670,development,1,0.5567286038063739
13671,development,0,0.13558893060266897
13672,development,0,0.1424652923609592
13673,development,1,0.40473476508569867
13674,development,1,0.33107779584612657
13675,development,1,0.7415965686611473
13676,development,0,0.12964538893901595
13677,development,1,0.4450852163827603
13678,development,0,0.1388108677793671
13679,development,0,0.11932021757876449
13680,development,1,0.056252436751915956
13681,development,0,0.2277199694766028
13682,development,0,0.6652302774070867
13683,development,0,0.23212859683228587
13684,holdout,0,0.12068203879678502
13685,holdout,0,0.11378141007219564
13686,development,1,0.8095638464713494
13687,development,0,0.08067577568713134
13688,holdout,0,0.14085120613430477
13689,development,1,0.44225438653697585
13690,holdout,0,0.13814976106528243
13691,development,0,0.1732057825540722
13692,development,0,0.16842382366484265
13693,holdout,0,0.08397989736332222
13694,holdout,0,0.13764695459317594
13695,development,0,0.17696086260831198
13696,holdout,0,0.13536938908939783
13697,holdout,0,0.13665979769213898
13698,development,0,0.1979128540079272
13699,development,0,0.44984843073060976
13700,development,0,0.13340307280837194
13701,development,0,0.1179045374108352
13702,development,0,0.1195322019939586
13703,holdout,0,0.14330281751223894
13704,development,0,0.13118148702386254
13705,development,1,0.12944487505673516
13706,holdout,1,0.45767825669716355
13707,holdout,0,0.1306198304825038
13708,holdout,0,0.12160632379224282
13709,holdout,0,0.10568416279018333
13710,holdout,0,0.12144462833533361
13711,development,0,0.12380346796541598
13712,holdout,1,0.5232371625562866
13713,development,0,0.6515619813613837
13714,holdout,0,0.3174486701699049
13715,development,0,0.03373544347696759
13716,development,1,0.13184677264387376
13717,holdout,0,0.09975721578489782
13718,development,0,0.1677354204131164
13719,development,0,0.12665289063723634
13720,development,0,0.12376331094768805
13721,holdout,0,0.13285922374986345
13722,development,1,0.40363108496795347
13723,development,0,0.0903248895150305
13724,development,1,0.6849737621340616
13725,development,0,0.10384352877699217
13726,development,0,0.18145629554575304
13727,development,0,0.1386542523243292
13728,holdout,0,0.11316575221127806
13729,development,0,0.18029103872336527
13730,holdout,0,0.23304718606395067
13731,development,0,0.2069771830022965
13732,development,0,0.1779206271276897
13733,holdout,0,0.46307965821037794
13734,holdout,0,0.17760584330675183
13735,development,0,0.1430518981167445
13736,holdout,0,0.39888663921758016
13737,development,0,0.25892502259669314
13738,development,0,0.12496199640460533
13739,development,0,0.11386712480776767
13740,development,0,0.1543999231328076
13741,development,1,0.7334395117190121
13742,development,1,0.8940475008110045
13743,development,0,0.16609680546146338
13744,development,1,0.590361720613023
13745,holdout,1,0.7520151168319875
13746,holdout,0,0.11967718911495759
13747,holdout,0,0.16722418761862776
13748,development,1,0.9007972538620412
13749,development,0,0.33752964089755094
13750,development,0,0.2669367379448184
13751,development,1,0.789624392624351
13752,development,0,0.20934603403960467
13753,holdout,0,0.3815482251316999
13754,development,1,0.7268843056169821
13755,holdout,1,0.8652790069308727
13756,holdout,1,0.13067226509336474
13757,development,0,0.14883012200179818
13758,development,1,0.48634414094096334
13759,development,0,0.459411074940348
13760,development,0,0.15740593558570315
13761,holdout,1,0.7594638856949085
13762,holdout,1,0.4178215062521009
13763,development,0,0.1166597294754878
13764,development,0,0.1253211707329272
13765,development,0,0.1415329195644856
13766,development,1,0.13067912300633822
13767,development,1,0.42879811950167135
13768,development,0,0.17503353797037852
13769,holdout,0,0.19145804730471103
13770,development,0,0.5020156176013949
13771,holdout,0,0.1368254558789375
13772,holdout,0,0.11459951320282556
13773,development,0,0.25235395573225655
13774,development,1,0.13352749683752496
13775,development,0,0.1401146720318433
13776,development,0,0.07337383486733427
13777,holdout,0,0.15299396322943867
13778,development,0,0.7599357804856735
13779,holdout,0,0.3783687927204583
13780,development,1,0.08813360320171805
13781,development,0,0.15480491913154207
13782,development,1,0.08053143869975876
13783,holdout,0,0.12819745870195023
13784,holdout,0,0.12052146588575859
13785,holdout,0,0.0972768039305523
13786,development,0,0.17593983187985618
13787,development,1,0.3071717369678422
13788,development,0,0.13499732827656918
13789,development,1,0.17706769044219073
13790,development,0,0.11306282742099
13791,development,0,0.17190965697442473
13792,development,0,0.701285956484098
13793,development,0,0.0701348415974784
13794,holdout,1,0.07587448562034291
13795,holdout,0,0.1366604713741705
13796,development,0,0.13772696215930472
13797,holdout,0,0.11784309098994263
13798,holdout,0,0.13161090646996923
13799,development,0,0.11277295294138373
13800,development,1,0.5192484116734669
13801,development,0,0.15286428805394217
13802,holdout,0,0.2023618661143843
13803,holdout,1,0.08555383790130482
13804,development,0,0.13744232966316425
13805,development,1,0.4281813022275604
13806,holdout,0,0.1379618093442538
13807,development,1,0.3156595462602233
13808,development,1,0.15765997751297312
13809,development,0,0.14112290948662085
13810,development,0,0.352710076074228
13811,development,1,0.3563806965825889
13812,development,1,0.5143127364624582
13813,development,0,0.14400260055077474
13814,development,0,0.7353766895926545
13815,holdout,1,0.6106235826106763
13816,holdout,0,0.2463526586630934
13817,development,0,0.03449611323457769
13818,development,0,0.15843245309258222
13819,holdout,1,0.3881196167931741
13820,development,0,0.9219297416984573
13821,holdout,0,0.1599110798857303
13822,development,0,0.14821300195908757
13823,development,0,0.2867868464186771
13824,development,0,0.12761306959782012
13825,development,1,0.26273440877654236
13826,holdout,0,0.15651677538555223
13827,development,0,0.22423067689859086
13828,development,0,0.06589970682972676
13829,holdout,0,0.09055742628186972
13830,holdout,0,0.27719103833500713
13831,development,0,0.2965115324207164
13832,holdout,0,0.08857323175371806
13833,development,0,0.12114799492195501
13834,development,0,0.1295038969495655
13835,holdout,0,0.12195676542368597
13836,development,0,0.12137298388060791
13837,development,0,0.1320023368837581
13838,holdout,0,0.10647211764595522
13839,development,0,0.1329918907520249
13840,holdout,0,0.12461816252915121
13841,holdout,1,0.5433850902724482
13842,development,1,0.7669538922458302
13843,development,0,0.18145953183188407
13844,development,0,0.1552071725299569
13845,holdout,0,0.1550743430949
13846,development,1,0.16575863060361734
13847,development,0,0.12973602798691258
13848,holdout,1,0.7452760161432558
13849,holdout,0,0.11494967862825477
13850,development,1,0.3975715907309637
13851,development,0,0.42204971629369503
13852,development,0,0.31383995986325836
13853,holdout,1,0.8288378926151799
13854,holdout,1,0.24751516453269926
13855,holdout,0,0.09694507601100125
13856,development,0,0.4249396134480987
13857,development,0,0.1345048144482619
13858,development,0,0.3095085714908302
13859,development,0,0.18316749839759464
13860,holdout,0,0.12350234768762444
13861,development,0,0.170217785718577
13862,development,0,0.16138577259033174
13863,holdout,0,0.09488078962491797
13864,development,1,0.6153034874048586
13865,holdout,0,0.27685085459483505
13866,development,0,0.16066603987578582
13867,development,0,0.14796306603830797
13868,development,0,0.09415859360679435
13869,development,0,0.128667825956721
13870,development,0,0.12318026913940909
13871,holdout,0,0.11836265631249124
13872,development,1,0.3966000328680947
13873,holdout,0,0.09163851550951128
13874,development,1,0.7735051095162879
13875,development,0,0.14099037185165778
13876,development,1,0.5908559639160923
13877,holdout,0,0.12703655212812334
13878,holdout,0,0.08550974443238647
13879,holdout,0,0.055917345088034795
13880,holdout,0,0.06468661347133296
13881,holdout,0,0.084556620651012
13882,development,0,0.18944561750448996
13883,holdout,0,0.16084841437468445
13884,development,0,0.13875486412740726
13885,holdout,0,0.1600225288319086
13886,holdout,0,0.17155891935275133
13887,development,0,0.10617772920286726
13888,holdout,0,0.16187775825037273
13889,development,0,0.16788176959081297
13890,development,0,0.15653277812645186
13891,development,0,0.18214966660838197
13892,development,0,0.18265906784005725
13893,development,0,0.16339450143445913
13894,holdout,1,0.7986619609217734
13895,development,0,0.05622405615761915
13896,development,1,0.4508265623518539
13897,development,0,0.36230537633590015
13898,development,0,0.17953926112971935
13899,development,0,0.13486088661134446
13900,holdout,0,0.11439788200280408
13901,holdout,0,0.48493502845094216
13902,development,0,0.11816005735929504
13903,development,1,0.2588710034455182
13904,holdout,0,0.14044546944381472
13905,holdout,0,0.07376380996488763
13906,development,0,0.13455236853748434
13907,development,1,0.14685994645388578
13908,development,0,0.29798819696628986
13909,development,1,0.7950764971808204
13910,development,0,0.14239572038721834
13911,holdout,0,0.33208515894447704
13912,development,0,0.1355844422696542
13913,development,0,0.1177041822910431
13914,development,0,0.16341548257332741
13915,holdout,0,0.08528026567459879
13916,holdout,0,0.1524525688823244
13917,development,0,0.1252430057349995
13918,development,1,0.18722206888916745
13919,development,1,0.4057848666532068
13920,development,0,0.26917991028844085
13921,development,1,0.7934263361626744
13922,development,0,0.13642846744875461
13923,holdout,1,0.13316536657657593
13924,development,0,0.28997974685900146
13925,development,0,0.13821436612339305
13926,development,0,0.10897452552115217
13927,holdout,0,0.17448863172920862
13928,development,0,0.096904616620819
13929,development,1,0.3128717099103688
13930,holdout,0,0.14068687460750945
13931,holdout,1,0.1474506315872002
13932,development,0,0.23513414987176012
13933,development,0,0.12354736487786716
13934,development,0,0.12020461135909391
13935,development,0,0.12292704509897086
13936,holdout,0,0.14145748105388237
13937,holdout,0,0.1020512491365179
13938,holdout,0,0.09551364824766762
13939,development,0,0.14132139202917746
13940,holdout,1,0.5767779161742174
13941,development,0,0.13863353119740535
13942,holdout,0,0.03697534586227634
13943,holdout,0,0.13664491529193049
13944,holdout,1,0.5152630437011025
13945,holdout,0,0.11899146919074764
13946,holdout,0,0.12322603859786876
13947,development,0,0.1229179123142631
13948,development,0,0.1702276622909448
13949,development,1,0.5327944810996397
13950,holdout,0,0.5343589185257873
13951,development,1,0.7325182179594123
13952,development,1,0.7447521449487311
13953,development,1,0.17100511188725578
13954,development,0,0.24847026839823996
13955,holdout,0,0.17610787584890833
13956,holdout,0,0.13283958500302503
13957,holdout,0,0.13976689004668186
13958,holdout,0,0.10088941046491873
13959,development,0,0.1689799277428607
13960,development,0,0.15659745555486695
13961,development,1,0.333283655646294
13962,development,0,0.1276508373412796
13963,development,0,0.6012681148682264
13964,development,0,0.14029406696022323
13965,development,0,0.12200523347750494
13966,development,0,0.11880040918168314
13967,development,0,0.1133056170461487
13968,development,0,0.08547935984066031
13969,development,0,0.11416013738414282
13970,development,0,0.2520648705651693
13971,development,1,0.11246597807741268
13972,development,1,0.12074067817682667
13973,development,0,0.11772978842458345
13974,development,0,0.25067929973937386
13975,holdout,1,0.7002774238309394
13976,holdout,0,0.1748506336690771
13977,development,0,0.11571253726486617
13978,holdout,0,0.14039472763004768
13979,development,1,0.6715094094587009
13980,holdout,0,0.11554532181576421
13981,development,0,0.11955311927777246
13982,development,0,0.12264962521673049
13983,development,0,0.0387031357570658
13984,holdout,1,0.20554501856216142
13985,development,0,0.11904061894129997
13986,development,0,0.12072223366309136
13987,development,0,0.1413168725830092
13988,development,0,0.08462376758825246
13989,development,0,0.13028536347665898
13990,holdout,0,0.11825242517922806
13991,development,0,0.12580945429653073
13992,holdout,0,0.12251211155943592
13993,holdout,0,0.13229753538640698
13994,holdout,0,0.13175912271412715
13995,development,0,0.5197814928718285
13996,holdout,1,0.5819972416646365
13997,holdout,1,0.5156810059497813
13998,development,0,0.1555319924183954
13999,development,0,0.24034916169145495
14000,holdout,1,0.6686301222068048
14001,holdout,0,0.19722990566484705
14002,holdout,1,0.5275166634197099
14003,development,0,0.3714114231317106
14004,holdout,1,0.46995804354856563
14005,development,0,0.0889984112166886
14006,development,0,0.13928800521791568
14007,development,0,0.12353680125604877
14008,development,0,0.7381791139209649
14009,holdout,0,0.14975949148644355
14010,development,1,0.17604984157552175
14011,development,1,0.37375336123736974
14012,development,1,0.13549716015450103
14013,holdout,0,0.1274462953553809
14014,development,0,0.1361012159687258
14015,development,0,0.13634419692378455
14016,development,0,0.08501965256263742
14017,development,0,0.0976462860149554
14018,development,1,0.36035179254592825
14019,holdout,0,0.0990636615864994
14020,development,0,0.14766544157590142
14021,development,0,0.14461813023787395
14022,holdout,0,0.12351983478806829
14023,development,0,0.10881990766789196
14024,development,0,0.1293214219864473
14025,development,0,0.1361579905612745
14026,holdout,1,0.510849439931736
14027,development,1,0.3586066344553091
14028,holdout,1,0.1224089438640365
14029,development,0,0.12261569288138709
14030,holdout,1,0.7936325254155174
14031,holdout,0,0.6807006162523629
14032,development,0,0.21165406205189682
14033,development,0,0.12809632685334824
14034,holdout,0,0.8129797850685179
14035,holdout,0,0.1323923639804629
14036,development,0,0.3042346275541997
14037,development,1,0.07418694597140571
14038,development,0,0.09395173083515344
14039,development,1,0.2550656560962528
14040,development,0,0.08325401676212003
14041,development,0,0.14025498614064857
14042,holdout,0,0.14190390218449017
14043,development,0,0.2580804157386269
14044,development,0,0.1607375975321711
14045,holdout,0,0.17374351136626512
14046,development,0,0.3346799764204032
14047,holdout,0,0.16967990825023047
14048,holdout,0,0.11755571891878835
14049,development,0,0.14317314071985715
14050,development,0,0.12227494500258979
14051,development,1,0.7033535928197618
14052,holdout,0,0.13137252603821997
14053,holdout,0,0.09970483807482194
14054,development,0,0.10462678217598947
14055,holdout,1,0.2279178135638212
14056,development,1,0.6922804195892437
14057,development,0,0.11166868110198018
14058,development,0,0.1824430206474752
14059,development,1,0.7880430840830027
14060,development,0,0.10970532202778054
14061,development,1,0.1797810182369156
14062,holdout,0,0.19500420307955688
14063,development,0,0.19639883690051962
14064,holdout,1,0.1898443942744364
14065,development,0,0.10001136569061603
14066,development,0,0.1661059197436709
14067,holdout,0,0.31048351691202636
14068,development,1,0.7598339126645772
14069,development,0,0.11843377064065397
14070,development,0,0.11248328628038921
14071,holdout,0,0.2763351512833789
14072,holdout,1,0.08504935387217695
14073,development,0,0.13588522274894177
14074,holdout,0,0.10296275634191888
14075,holdout,0,0.11115378525804541
14076,development,1,0.07769053737122168
14077,holdout,0,0.140701262735631
14078,development,1,0.7450955936254492
14079,development,1,0.1592891324860333
14080,holdout,0,0.14242418860144926
14081,holdout,0,0.10995011445814916
14082,holdout,0,0.13947873591748994
14083,holdout,0,0.4326849107428136
14084,development,0,0.15364022482494746
14085,holdout,0,0.13738033999263666
14086,development,0,0.44191199631529576
14087,development,0,0.15469346152416855
14088,development,0,0.1645364981260344
14089,holdout,0,0.13030615429663608
14090,development,1,0.5764006462569471
14091,holdout,0,0.31463024851733096
14092,holdout,0,0.1120046068650422
14093,development,0,0.11972455402415884
14094,development,0,0.14409791386444706
14095,holdout,0,0.13098965485110822
14096,development,0,0.08443294148231767
14097,development,0,0.15667684394669387
14098,development,0,0.18600493590956962
14099,holdout,0,0.14335639278413037
14100,development,0,0.14385144999396174
14101,holdout,0,0.1545876851424254
14102,development,0,0.1617284904076175
14103,development,0,0.15267038352070209
14104,development,0,0.1488272826582543
14105,development,1,0.29279475151483236
14106,development,0,0.1398661286080497
14107,holdout,0,0.11620414778565614
14108,development,0,0.09099598412702642
14109,development,1,0.07942731091077931
14110,development,0,0.6053386398478081
14111,development,0,0.11077717939999922
14112,holdout,0,0.13418329873513943
14113,development,0,0.13278316317810998
14114,development,1,0.46460422349662994
14115,development,0,0.14734274329905847
14116,development,0,0.11887449658075291
14117,development,0,0.12149211589241787
14118,development,0,0.1346220704832076
14119,development,0,0.15797216155220464
14120,development,0,0.20951410777535953
14121,holdout,0,0.13992660604475118
14122,development,0,0.2704359921948758
14123,development,0,0.32181883958959645
14124,development,1,0.7489438941175728
14125,development,0,0.13306845380578805
14126,holdout,1,0.8809966381032936
14127,development,0,0.11637241455655292
14128,development,0,0.1464627411691679
14129,holdout,1,0.2685025066877499
14130,development,0,0.18555105527792903
14131,holdout,0,0.31989161724317683
14132,development,0,0.11317633810993205
14133,development,0,0.09680283839842618
14134,holdout,0,0.17764811520729
14135,holdout,1,0.6887707478298707
14136,development,0,0.13261317772004091
14137,development,0,0.09133621731419515
14138,development,0,0.13259188825077622
14139,holdout,0,0.5194479103023
14140,development,0,0.14107491984298245
14141,development,0,0.29501868382714985
14142,development,0,0.11042306598004055
14143,development,1,0.5700104224911898
14144,development,0,0.19361147270485474
14145,development,0,0.4637654781272007
14146,holdout,1,0.35367495050035613
14147,development,1,0.40728354296018066
14148,holdout,0,0.28128878341900265
14149,development,0,0.21063592067157472
14150,holdout,1,0.2572558999433404
14151,development,0,0.16175027961638092
14152,development,1,0.41750900025953297
14153,development,0,0.17304061687784839
14154,development,1,0.12563395436821637
14155,development,1,0.7588398836834271
14156,development,0,0.11310170851762116
14157,development,0,0.5620312095168017
14158,development,0,0.12751293043418935
14159,holdout,0,0.15799143525332557
14160,holdout,0,0.1272659070524099
14161,development,0,0.11007770952084597
14162,holdout,0,0.14322260347992793
14163,development,0,0.1329545909052377
14164,holdout,1,0.4609430571281501
14165,development,0,0.13455945685694648
14166,holdout,0,0.16684039298670447
14167,development,1,0.4284066657322356
14168,development,0,0.38051515454472973
14169,holdout,0,0.7480977131650323
14170,holdout,0,0.17592307332354576
14171,development,0,0.2301484130321707
14172,development,0,0.13181697738241527
14173,development,0,0.09324367325768614
14174,development,0,0.12853398469947466
14175,development,0,0.16712211077631725
14176,development,0,0.1694742978498067
14177,development,0,0.15804234706369633
14178,development,0,0.4599331776932538
14179,development,0,0.1625854267586589
14180,development,0,0.9032390898829358
14181,development,0,0.18610738277740072
14182,development,0,0.3074605636867636
14183,development,0,0.2007510569521767
14184,development,0,0.16135588516261742
14185,holdout,1,0.20744899009469478
14186,development,0,0.17325655030875578
14187,holdout,0,0.6968295830301822
14188,holdout,0,0.35013021303415287
14189,development,0,0.233694976328451
14190,development,0,0.40861095993263874
14191,development,0,0.12036644423602809
14192,development,0,0.1336110676865815
14193,development,1,0.4326463956339093
14194,development,0,0.295296005756884
14195,development,0,0.31040966421152855
14196,development,0,0.1407766007776109
14197,development,1,0.1592949092439423
14198,holdout,1,0.3738297585771492
14199,development,0,0.14423435541864607
14200,development,0,0.1324570084357613
14201,holdout,1,0.7612035653472208
14202,development,0,0.12208374087356756
14203,development,0,0.08383848019654964
14204,holdout,1,0.6504199438003128
14205,development,0,0.13151263432481167
14206,development,1,0.8502764305670896
14207,development,0,0.6682079795103234
14208,development,0,0.2575228065074586
14209,development,1,0.7451048554741075
14210,holdout,0,0.14889499088958152
14211,development,0,0.3338587573264628
14212,holdout,0,0.14882121050074082
14213,development,1,0.1322152892173191
14214,development,0,0.12785337907919048
14215,development,1,0.3548067945713851
14216,development,0,0.09254648332989349
14217,development,1,0.4355646870273997
14218,development,1,0.14989693763042006
14219,development,0,0.15174042735841498
14220,development,0,0.046596337320889136
14221,development,0,0.1350132436769835
14222,holdout,1,0.4240808362907188
14223,development,0,0.6575878307330805
14224,development,0,0.10443356885258043
14225,holdout,0,0.11652752915142174
14226,development,1,0.12452192058208118
14227,holdout,1,0.7075761288165484
14228,holdout,0,0.150462449923209
14229,holdout,1,0.2535227172689929
14230,holdout,1,0.2606704275950025
14231,holdout,0,0.17849881226843653
14232,development,0,0.7787574988963272
14233,development,1,0.6397597938225198
14234,development,0,0.1320984218668363
14235,holdout,1,0.6739522242643372
14236,development,0,0.1101594483164733
14237,development,0,0.2096503649148139
14238,development,0,0.11431930281694029
14239,holdout,0,0.12917449611645565
14240,holdout,0,0.5670547769569465
14241,development,0,0.09530438899467185
14242,holdout,0,0.11302432641421184
14243,holdout,0,0.12195600628227377
14244,development,0,0.22917732833065307
14245,development,0,0.11940041456131861
14246,development,0,0.09249451051745695
14247,holdout,1,0.14091099574688631
14248,holdout,0,0.329156025319162
14249,development,0,0.18691672096282824
14250,development,1,0.8868766828912228
14251,development,1,0.7114926261944746
14252,development,0,0.10435789989312913
14253,holdout,0,0.10809136971901868
14254,development,1,0.1372279622962334
14255,development,0,0.11645683640205487
14256,holdout,0,0.22036530339761837
14257,holdout,1,0.6590111249017647
14258,development,0,0.14538933830241108
14259,development,1,0.8487687086716418
14260,development,0,0.09780875645020658
14261,holdout,0,0.18103819357914383
14262,development,0,0.1856056291837711
14263,holdout,0,0.22746433596605126
14264,development,1,0.3123066970339311
14265,holdout,0,0.10547071061522487
14266,development,0,0.11681704753612825
14267,holdout,0,0.18432650193012998
14268,development,0,0.3591638256011596
14269,development,0,0.14898452061376588
14270,holdout,0,0.11049938219003863
14271,holdout,0,0.2570773691841293
14272,holdout,0,0.10876037748946754
14273,development,0,0.11576993455733693
14274,development,0,0.19885136670300285
14275,development,1,0.2980661679317015
14276,development,1,0.474673396708895
14277,holdout,0,0.1292727802472996
14278,holdout,0,0.20995801615191198
14279,holdout,0,0.430786585079548
14280,development,0,0.15707285713006566
14281,holdout,0,0.3916064137987331
14282,holdout,1,0.524849112651229
14283,development,1,0.2083873075304352
14284,development,1,0.5339080917462008
14285,development,1,0.40777675885363307
14286,development,1,0.40241246786023566
14287,development,1,0.2047436006164536
14288,development,0,0.13053317757570354
14289,development,0,0.17397246654446885
14290,development,1,0.7464887552411518
14291,holdout,1,0.14607150219340606
14292,development,0,0.14335941853296638
14293,holdout,1,0.7105987046395659
14294,development,0,0.10899831276634893
14295,holdout,1,0.14978712276496176
14296,development,1,0.7358288325440626
14297,development,0,0.11248825357118376
14298,development,1,0.3476487665057127
14299,development,0,0.1332213712325859
14300,development,1,0.8690707409671998
14301,development,0,0.3342060934013322
14302,development,0,0.12128680658280723
14303,development,0,0.27628841826696116
14304,development,1,0.45616291366217226
14305,development,0,0.120288148611072
14306,holdout,0,0.11559472514770973
14307,development,0,0.1366957015634413
14308,development,0,0.14270580051436524
14309,development,0,0.1679739328581011
14310,development,0,0.16118196675907823
14311,development,0,0.13339988162187655
14312,development,1,0.7614277819682485
14313,holdout,0,0.11415320227702831
14314,holdout,0,0.12567419660879556
14315,development,0,0.15263244265908169
14316,development,1,0.3389007780198864
14317,development,0,0.25614039053148135
14318,development,0,0.3257777296018143
14319,development,0,0.14765672585758308
14320,development,0,0.1452488399298796
14321,development,1,0.7276125566319367
14322,holdout,0,0.32146081623167533
14323,holdout,0,0.08766181812765976
14324,development,0,0.11603304295073397
14325,development,0,0.15395642910935395
14326,holdout,0,0.1600024067199561
14327,development,0,0.08132967242074605
14328,holdout,0,0.14189751308748685
14329,development,1,0.7298151403442432
14330,development,0,0.19623186356395325
14331,development,1,0.1279108103983732
14332,development,0,0.19852561197321114
14333,holdout,1,0.1624315026986662
14334,development,0,0.188283421738555
14335,development,0,0.09576332074916326
14336,development,0,0.1922139149057697
14337,development,0,0.1553924974015726
14338,development,1,0.37479426425160906
14339,development,0,0.16384981670009321
14340,development,1,0.8819737104896924
14341,development,0,0.5079156768302205
14342,development,0,0.15913688741734977
14343,development,0,0.14762537269663767
14344,holdout,0,0.11400223129943846
14345,development,0,0.1786686578761205
14346,development,0,0.19480983187057915
14347,holdout,0,0.13135986930795934
14348,development,0,0.16667553267430527
14349,development,0,0.13938191908268915
14350,development,0,0.21730586542088742
14351,holdout,0,0.1653273614925961
14352,development,0,0.16365755992883485
14353,development,0,0.11987850723222657
14354,development,0,0.15464392073951744
14355,development,0,0.08062209258080992
14356,development,0,0.11010981950979731
14357,development,0,0.06860264333410482
14358,development,0,0.12394994975086593
14359,development,1,0.5698414681504663
14360,holdout,1,0.3984203522864794
14361,development,1,0.333385011542872
14362,development,0,0.1370208936618368
14363,development,0,0.7640262751438168
14364,development,0,0.11887858721299933
14365,holdout,1,0.7400375628587895
14366,holdout,0,0.07685444059552393
14367,holdout,0,0.0962948335319333
14368,development,1,0.44465607413460245
14369,development,1,0.11333776045194081
14370,development,0,0.1684900149684498
14371,development,1,0.5850549404570793
14372,development,0,0.15345994884216693
14373,development,0,0.2535930964974603
14374,holdout,0,0.33389073183469076
14375,development,0,0.3693356714427257
14376,holdout,1,0.8152850256806378
14377,development,0,0.23137679791972404
14378,development,0,0.08099375907463845
14379,development,1,0.1875183357001026
14380,development,1,0.27015778907142585
14381,development,0,0.19134904301236744
14382,development,1,0.46764515238668536
14383,development,0,0.2780161102864511
14384,development,0,0.19515141030350627
14385,development,0,0.1324213485149324
14386,development,0,0.14576164882416234
14387,development,0,0.14297021523838252
14388,development,0,0.11386527289154277
14389,holdout,1,0.6778869079685845
14390,development,0,0.11364088233289439
14391,development,0,0.1142238926977026
14392,development,0,0.20788478948158612
14393,holdout,0,0.6590747990653583
14394,holdout,0,0.14075521893514406
14395,development,0,0.37706592357184826
14396,development,0,0.510690822756623
14397,holdout,0,0.1804382216115956
14398,holdout,0,0.1718336011938107
14399,development,0,0.14349798601310632
14400,holdout,1,0.21936014406861698
14401,holdout,1,0.3431672212666873
14402,development,0,0.2135512117482599
14403,development,0,0.1313734584181479
14404,development,0,0.0752384501272082
14405,holdout,0,0.1390474928064029
14406,holdout,0,0.13999601580247847
14407,development,0,0.08207349526763029
14408,development,0,0.8315724403152542
14409,development,0,0.09857774332301995
14410,development,0,0.12129043894110975
14411,holdout,1,0.8003174489372463
14412,development,0,0.3157876305111236
14413,development,1,0.24046138950533047
14414,development,0,0.5161896534233351
14415,holdout,0,0.077569706364337
14416,development,0,0.19456763531364726
14417,development,0,0.1817452227687049
14418,development,1,0.7554842030725116
14419,development,1,0.6992285956106424
14420,development,1,0.30802392492055386
14421,development,1,0.3759392574109243
14422,holdout,0,0.1745297008113088
14423,development,1,0.10992804321645513
14424,development,0,0.10377762700648739
14425,development,0,0.17616843731942236
14426,holdout,0,0.11793895231638869
14427,holdout,0,0.35702532958021294
14428,development,0,0.1290711100046182
14429,development,0,0.4223278562630421
14430,holdout,0,0.3118462851656981
14431,development,0,0.5212511491789958
14432,development,1,0.06923518548311738
14433,development,0,0.11042141855808621
14434,development,0,0.211380043392471
14435,holdout,0,0.10944766889459799
14436,holdout,0,0.11256939921889306
14437,development,1,0.3389384841585035
14438,development,0,0.1235505431814727
14439,development,0,0.1153993612213168
14440,development,1,0.35002826499875855
14441,development,0,0.46257056480385883
14442,holdout,1,0.8105276090647983
14443,holdout,1,0.3578964117653742
14444,development,1,0.4162645890285201
14445,holdout,0,0.17446079003689788
14446,development,0,0.12530867180805078
14447,holdout,0,0.30332349969770833
14448,development,0,0.11180479116321394
14449,development,0,0.1280800291487088
14450,development,0,0.28506235055441287
14451,holdout,0,0.10783649959373227
14452,development,1,0.7246601121443672
14453,holdout,1,0.6084451711062665
14454,development,0,0.40973114851605397
14455,holdout,0,0.13569585737896167
14456,development,1,0.08349603013274777
14457,holdout,0,0.17918223583213308
14458,holdout,0,0.18042276627784035
14459,development,0,0.14472355412848667
14460,development,0,0.10728057996204003
14461,development,0,0.22805924827301036
14462,holdout,0,0.39007535822202655
14463,development,0,0.23162820185018673
14464,development,0,0.11715465543212114
14465,development,0,0.10575045447529381
14466,holdout,0,0.13314956145325704
14467,development,0,0.15186145155639585
14468,development,1,0.12158182145486666
14469,development,0,0.08490221441807098
14470,holdout,0,0.1113228993630509
14471,development,1,0.1599791091234866
14472,holdout,0,0.083030328216549
14473,development,1,0.8613334006930623
14474,holdout,0,0.23661743667343896
14475,development,0,0.32927162790773423
14476,development,1,0.12075629134205453
14477,holdout,0,0.11245783921897548
14478,development,0,0.1793157329157389
14479,development,0,0.12910189006742434
14480,development,1,0.2671001811528889
14481,development,0,0.0687213017298652
14482,development,0,0.12593649839126764
14483,holdout,0,0.11305625894548545
14484,holdout,0,0.3467654022701412
14485,development,0,0.10938903939191172
14486,development,1,0.3271498275926036
14487,development,0,0.07532506373983822
14488,holdout,0,0.300256311173249
14489,development,0,0.14252032691291833
14490,development,1,0.6161802481619436
14491,development,1,0.7063688176703946
14492,holdout,0,0.08364235434940398
14493,holdout,0,0.15292254851638556
14494,holdout,0,0.2085799050372138
14495,holdout,0,0.13942871123277437
14496,development,1,0.12812862216454826
14497,development,0,0.17256154245318808
14498,development,0,0.19687802557074988
14499,development,0,0.08499205511515073
14500,holdout,0,0.13376884945499537
14501,development,1,0.587549171295184
14502,holdout,0,0.1405256239699563
14503,development,0,0.1739226229163092
14504,holdout,0,0.1261654129162638
14505,development,0,0.1585454958921703
14506,holdout,0,0.7521392147716127
14507,holdout,0,0.10689555819616499
14508,development,0,0.23322020962623236
14509,holdout,0,0.07772849537379255
14510,holdout,0,0.12176108213690327
14511,holdout,0,0.07308563815266977
14512,holdout,0,0.08563363798871026
14513,holdout,0,0.1785064809532497
14514,development,1,0.4249308312583447
14515,development,0,0.14089449896113843
14516,holdout,1,0.26844216889603323
14517,development,0,0.193697063313254
14518,development,0,0.289139639976313
14519,development,0,0.16171148356141904
14520,holdout,1,0.7521265876642858
14521,development,0,0.3869210453853662
14522,holdout,0,0.10005088073632017
14523,holdout,0,0.1597571364499895
14524,development,0,0.15389295201933942
14525,development,0,0.13189925601716393
14526,development,1,0.75980639949806
14527,holdout,0,0.130268486094584
14528,holdout,0,0.11660435404462186
14529,development,0,0.12235723851678888
14530,development,0,0.14100802448707375
14531,development,0,0.12026330060362359
14532,holdout,0,0.29413270642126094
14533,development,0,0.2338204502399944
14534,development,0,0.1001505673347173
14535,development,1,0.20133912025419445
14536,holdout,1,0.13322088026480022
14537,development,0,0.2941222834920596
14538,development,0,0.38981360745250787
14539,development,0,0.187009286845944
14540,holdout,0,0.14109502078010722
14541,development,0,0.49974966002620064
14542,development,1,0.7017757430273373
14543,development,0,0.1401481630617839
14544,development,1,0.6346028729187644
14545,development,0,0.1780569698998865
14546,development,0,0.676328965231716
14547,development,0,0.8279796593180545
14548,holdout,1,0.8043017113477904
14549,holdout,0,0.12195377865712707
14550,development,0,0.207809535758497
14551,development,0,0.14884637260411132
14552,holdout,0,0.39953702777489264
14553,development,0,0.16856336166062022
14554,holdout,0,0.19169763203062185
14555,development,0,0.13020428714317026
14556,development,0,0.2874170168291467
14557,development,0,0.09628739858189027
14558,development,0,0.32048269500514853
14559,development,1,0.6556712271361365
14560,development,0,0.3478493563088622
14561,development,0,0.7544037516295206
14562,development,0,0.31353268661724165
14563,development,0,0.15450361948243463
14564,development,0,0.12529173924898793
14565,development,0,0.16166850605625782
14566,holdout,1,0.4047514160645045
14567,development,1,0.5321430832052775
14568,development,0,0.1545881509915979
14569,holdout,1,0.33820211070395123
14570,development,0,0.13052901249735752
14571,holdout,0,0.17154480890369442
14572,development,0,0.17726804896693985
14573,development,1,0.9170294222762801
14574,development,1,0.23156601658267648
14575,holdout,0,0.31810951027857043
14576,development,1,0.8903335113379589
14577,development,0,0.15300279201053427
14578,development,0,0.12224983092473346
14579,holdout,1,0.12710653156093576
14580,development,0,0.1313851118281057
14581,development,0,0.16819577946971606
14582,development,1,0.35213903335753993
14583,development,0,0.17345273728802493
14584,holdout,0,0.3632786794187425
14585,development,0,0.13627286760643106
14586,development,0,0.2848033634985745
14587,development,0,0.7180687691965233
14588,development,1,0.2468911320445012
14589,development,0,0.13514809095450156
14590,development,0,0.1516908191023294
14591,holdout,0,0.2205514805922428
14592,holdout,1,0.7191474428428147
14593,development,1,0.7477107735348482
14594,development,0,0.14503400731363864
14595,development,0,0.13993628328528798
14596,development,0,0.14639068239900777
14597,development,0,0.44383515807054164
14598,development,0,0.1932551748571097
14599,holdout,0,0.11293758255630107
14600,holdout,0,0.1316575413765291
14601,development,0,0.09492711050340057
14602,development,0,0.09533633842924831
14603,development,0,0.22777800446433097
14604,development,1,0.21147503914193083
14605,development,1,0.2445577125092907
14606,development,0,0.07369076680410036
14607,holdout,0,0.1769968835440065
14608,holdout,1,0.0837629517037845
14609,development,1,0.38867054197656814
14610,development,0,0.1295165905850884
14611,development,0,0.29375794695393637
14612,development,0,0.11553943702316341
14613,development,0,0.378315481229177
14614,development,1,0.15275326257070648
14615,development,0,0.1707098764253564
14616,holdout,0,0.15618586491323877
14617,development,0,0.15334633655577887
14618,holdout,0,0.11463564132100115
14619,development,0,0.07365182213732903
14620,holdout,1,0.11860235423295593
14621,development,0,0.16368130880715462
14622,development,1,0.14703003783637045
14623,development,0,0.732564975303362
14624,holdout,0,0.08632759814647364
14625,development,1,0.18520158088179098
14626,development,1,0.23594062951978184
14627,holdout,0,0.14526549391920074
14628,holdout,0,0.15084799087525977
14629,holdout,0,0.10148780801170268
14630,development,0,0.06839104870707416
14631,development,0,0.17563888794557633
14632,development,0,0.26641408529111826
14633,holdout,1,0.14326305284026689
14634,holdout,0,0.2873078428831189
14635,development,1,0.13863855238968598
14636,development,0,0.12860507198639734
14637,development,0,0.23719446256935556
14638,holdout,0,0.11230582038188705
14639,development,1,0.5791247889126364
14640,development,1,0.28879695636372077
14641,development,0,0.13269212224424462
14642,holdout,1,0.04839161678992235
14643,development,0,0.21288679009706862
14644,holdout,0,0.2010210168760665
14645,development,0,0.21227250814589912
14646,holdout,0,0.1471680938908365
14647,holdout,1,0.2805835146640135
14648,development,1,0.6680991277961662
14649,development,0,0.09251171778392529
14650,development,0,0.13480560958366256
14651,development,0,0.0812952183940562
14652,development,0,0.07786872613537854
14653,development,0,0.17126922960422783
14654,development,0,0.4710808751309987
14655,holdout,1,0.4813010671807257
14656,development,1,0.34813862449271193
14657,holdout,0,0.36860780630460865
14658,holdout,0,0.17563600077433797
14659,development,1,0.1344189367755195
14660,development,0,0.13057513794352446
14661,development,0,0.12750690937204232
14662,holdout,0,0.1825826582947584
14663,development,0,0.16732502160299406
14664,development,1,0.3797072912052221
14665,holdout,1,0.5897653548104329
14666,development,0,0.07210024248665815
14667,development,1,0.1624953441426591
14668,development,0,0.42799450269165157
14669,development,1,0.15956786747717688
14670,development,1,0.720407540790156
14671,development,0,0.12999519231056927
14672,development,0,0.11702017944034986
14673,development,0,0.1673504127852507
14674,development,0,0.03600019568585119
14675,development,0,0.3343142634801057
14676,development,1,0.6369588496865077
14677,development,1,0.4299216006876268
14678,development,1,0.5097262567636033
14679,development,0,0.21754615582463396
14680,holdout,1,0.14999900627177673
14681,development,0,0.11299340484837457
14682,development,0,0.04041332098842392
14683,holdout,0,0.10748074293082158
14684,development,1,0.32210335416417335
14685,holdout,1,0.12081773177014139
14686,development,1,0.552831077625289
14687,holdout,1,0.11514999794400066
14688,development,0,0.22965715982103294
14689,development,0,0.14717425903154635
14690,development,0,0.1237613282569767
14691,development,0,0.08226742988432581
14692,development,0,0.13076670211301475
14693,holdout,0,0.14597521162600183
14694,holdout,0,0.21869451550041066
14695,development,0,0.21644117559636702
14696,development,0,0.11711057224852321
14697,development,0,0.10394222582490384
14698,holdout,0,0.13284074735699672
14699,holdout,0,0.16490049801027928
14700,development,0,0.13740368228852795
14701,development,1,0.40459664610609825
14702,holdout,0,0.11874100658817374
14703,development,0,0.1388465532809049
14704,holdout,0,0.15217878881460165
14705,development,0,0.04616472809249873
14706,holdout,0,0.2343012148926283
14707,development,0,0.1370384043961959
14708,development,0,0.1174496526190283
14709,holdout,1,0.694827246855679
14710,development,1,0.3635593342611109
14711,development,1,0.30274783341094613
14712,development,1,0.3519308787885532
14713,development,1,0.11202795733055843
14714,development,0,0.19494847946661073
14715,development,0,0.5940284817834214
14716,development,0,0.08714860508992436
14717,development,0,0.19949210072209958
14718,development,1,0.4333185227954171
14719,development,0,0.15102085763623233
14720,development,0,0.5090591986106546
14721,development,0,0.0886001372510022
14722,development,0,0.09793900331892429
14723,development,0,0.10027862430635504
14724,development,0,0.036783450793954536
14725,development,1,0.6723564814598331
14726,development,0,0.1480742278375526
14727,holdout,0,0.14945810383995936
14728,holdout,0,0.17094860568599712
14729,holdout,1,0.1148230152124095
14730,holdout,1,0.32575038963954756
14731,development,1,0.49617291115978895
14732,development,1,0.7115520375608355
14733,development,0,0.132402572227943
14734,development,0,0.04006077323270653
14735,holdout,1,0.40548017550058874
14736,holdout,0,0.4225080634598671
14737,development,0,0.5084224436843072
14738,development,0,0.11920794110006604
14739,development,0,0.12796622024983473
14740,development,1,0.08219876761393402
14741,holdout,1,0.48863607187768804
14742,holdout,0,0.10672320838655908
14743,development,0,0.10630003225445323
14744,holdout,0,0.126270489662212
14745,development,0,0.08400376266229634
14746,development,0,0.24571562193799698
14747,development,0,0.14447778652188542
14748,development,0,0.12699230443354445
14749,development,0,0.24441217492789394
14750,holdout,0,0.1396784222194216
14751,development,0,0.13251171450634766
14752,development,1,0.1754001965191492
14753,development,0,0.11129187319560525
14754,development,0,0.47144681626203083
14755,development,0,0.12606180782335455
14756,holdout,0,0.12385625573468578
14757,holdout,0,0.13665360877432853
14758,development,0,0.26664741552467985
14759,development,0,0.10600135631386087
14760,development,0,0.11958330633296733
14761,development,0,0.18089170280345648
14762,development,0,0.11182540856781217
14763,development,0,0.49785740100149534
14764,development,0,0.3119880904647146
14765,development,0,0.1349386060307463
14766,development,1,0.14472729009888805
14767,development,0,0.12395312401215455
14768,development,0,0.13595497369334478
14769,development,0,0.12686988014987746
14770,holdout,0,0.31591936518396074
14771,holdout,0,0.08302392020037254
14772,development,0,0.12202587415150155
14773,development,1,0.35697834437462544
14774,development,1,0.16415776262465342
14775,holdout,0,0.12424751641458373
14776,development,0,0.19028124884339076
14777,development,0,0.1890385126228562
14778,development,0,0.11633066118654005
14779,development,0,0.12217549563199505
14780,development,0,0.03746154081509405
14781,holdout,0,0.12425677872524676
14782,holdout,0,0.13154460102409687
14783,development,0,0.13234914528610642
14784,development,0,0.11106687311902756
14785,development,0,0.14178917402522737
14786,development,1,0.2581790783496406
14787,development,1,0.19622643330033113
14788,development,0,0.07466879620745086
14789,development,0,0.14781637804238412
14790,development,1,0.139139285672458
14791,development,1,0.41776232244119255
14792,development,0,0.5473533573478885
14793,development,0,0.03165613107792772
14794,development,0,0.10498620266925038
14795,holdout,1,0.7442538333623203
14796,holdout,0,0.13387291107555788
14797,development,1,0.13016712369984576
14798,holdout,1,0.14534691756837212
14799,holdout,0,0.11059493098942437
14800,holdout,0,0.15373037227688152
14801,development,0,0.3178380644792316
14802,holdout,0,0.11617611464626186
14803,development,0,0.10048205324690763
14804,development,0,0.1355194012129837
14805,holdout,0,0.1097200448013278
14806,development,0,0.49558240441731677
14807,holdout,0,0.12640840055439534
14808,development,0,0.19490516858384965
14809,development,1,0.64432070564242
14810,development,0,0.1727900562590714
14811,development,0,0.1317140444134103
14812,holdout,0,0.11852054458273423
14813,holdout,0,0.08563762889601431
14814,development,0,0.15127812755513365
14815,holdout,0,0.11666729476022562
14816,development,0,0.11935271813502832
14817,development,0,0.10778700751532928
14818,development,0,0.10360539400879175
14819,development,1,0.052629100349511806
14820,development,0,0.17572986463996157
14821,development,1,0.08363044950519505
14822,development,1,0.21852780999641935
14823,development,1,0.3377259569530824
14824,development,0,0.1347500776719197
14825,development,0,0.07847462046568651
14826,holdout,0,0.21910384672566738
14827,development,0,0.09961586274215849
14828,holdout,0,0.1487411596472533
14829,holdout,0,0.027420561215628858
14830,development,0,0.12254219848188025
14831,development,0,0.0703187806386645
14832,holdout,0,0.06930207461720848
14833,holdout,0,0.1076886029421536
14834,holdout,0,0.07259823797096951
14835,holdout,0,0.08666010284059998
14836,holdout,0,0.1408098453335931
14837,development,0,0.10644790147330602
14838,development,0,0.1173803064750746
14839,development,0,0.11864491169767956
14840,development,1,0.06466760119503184
14841,development,0,0.1755057078080632
14842,development,0,0.2592525615666936
14843,development,0,0.11180863549271866
14844,holdout,0,0.1280989357955194
14845,development,0,0.46055695220842446
14846,development,0,0.4870172603129131
14847,holdout,0,0.09163095115737353
14848,holdout,0,0.13945110440935585
14849,holdout,0,0.09465620838490536
14850,development,0,0.09377649888922455
14851,development,0,0.11840985709397032
14852,development,0,0.12142291372986296
14853,development,0,0.12725282484828787
14854,holdout,0,0.1180227827452252
14855,development,1,0.39825155506527643
14856,development,0,0.21076832594786532
14857,development,0,0.3356589059846466
14858,development,0,0.15937402010234075
14859,holdout,0,0.12131761955905863
14860,development,0,0.10193987273703298
14861,development,0,0.14199074780344134
14862,development,0,0.11997936612251538
14863,holdout,0,0.10298607614483406
14864,development,0,0.2009048203015636
14865,holdout,0,0.14151582569138488
14866,holdout,0,0.13100875464361061
14867,development,0,0.13436933938315868
14868,development,1,0.787283680790633
14869,holdout,1,0.09546797120716213
14870,development,0,0.12610407916293884
14871,development,0,0.10330928541769016
14872,development,1,0.3419897343332428
14873,development,0,0.17225895643616515
14874,holdout,0,0.14913430794331872
14875,development,0,0.036736897402725295
14876,development,0,0.12561913783133652
14877,development,0,0.12002255737458185
14878,development,1,0.6464304808131665
14879,development,0,0.13083251925751174
14880,development,0,0.1757908509274429
14881,development,0,0.6358367353894447
14882,holdout,0,0.14777236704546173
14883,development,1,0.14127850940552183
14884,development,1,0.19983810913553343
14885,development,0,0.14020915474153736
14886,holdout,0,0.17666628566108988
14887,development,0,0.11642721850885933
14888,development,1,0.4511893632048599
14889,development,0,0.15689803139064454
14890,development,0,0.2035494696892208
14891,holdout,0,0.2221941207182305
14892,development,0,0.30316661354568564
14893,holdout,0,0.2112382562421278
14894,development,0,0.10023659428856635
14895,development,0,0.12821447788107074
14896,development,0,0.07360490716844886
14897,development,0,0.12526377257944218
14898,holdout,0,0.0870390081392618
14899,development,0,0.140494252604695
14900,development,0,0.1115239839409768
14901,holdout,0,0.1359636356088632
14902,development,1,0.24316598814184892
14903,development,0,0.6450109237585058
14904,development,0,0.6502652244973369
14905,holdout,0,0.5798258125760929
14906,development,0,0.7705810135779833
14907,holdout,0,0.1762482888032294
14908,development,0,0.07989193597067157
14909,holdout,0,0.1816258538279163
14910,development,0,0.11715564402137604
14911,holdout,0,0.14167021368503496
14912,development,0,0.09468956779887056
14913,holdout,0,0.10572850333882328
14914,holdout,1,0.15737678314320422
14915,development,0,0.12692329649981435
14916,development,1,0.17874917746722882
14917,holdout,0,0.10301441364434026
14918,development,0,0.1447184313978152
14919,holdout,0,0.11777162072779375
14920,holdout,0,0.12719999164874565
14921,development,0,0.08926557582171529
14922,development,0,0.11888475474080867
14923,development,0,0.06636173801289395
14924,development,0,0.46172547491701477
14925,development,0,0.11455183947749678
14926,holdout,1,0.15520735161589191
14927,development,1,0.12846872814606977
14928,development,0,0.24692462854416727
14929,holdout,0,0.11768254271542339
14930,holdout,0,0.39910263619541414
14931,development,0,0.7411504900782302
14932,holdout,1,0.10268296827169035
14933,development,0,0.2761522652490292
14934,development,0,0.3594067781145715
14935,holdout,1,0.25173180202758194
14936,holdout,0,0.21602807539051824
14937,development,0,0.11637593294243055
14938,holdout,0,0.0692239418781117
14939,development,0,0.30680607955617933
14940,holdout,1,0.32848124763332254
14941,holdout,0,0.17278869440123729
14942,development,0,0.1368969574847887
14943,development,0,0.4580354580093935
14944,development,1,0.3051933821751505
14945,development,0,0.5316012687824793
14946,development,0,0.36186531015329315
14947,development,1,0.1682775499794135
14948,development,0,0.20029740789161707
14949,development,0,0.13798752305651274
14950,development,0,0.11349572280884908
14951,holdout,0,0.10772561367173178
14952,development,0,0.1382982782199596
14953,development,0,0.08217439911194366
14954,development,1,0.5797901107622726
14955,development,1,0.48794511087260695
14956,development,0,0.15525548660531396
14957,development,1,0.6745856304350183
14958,development,0,0.11977290194087584
14959,holdout,0,0.1305843538547
14960,holdout,0,0.13359137956262615
14961,development,0,0.11631824810308318
14962,development,1,0.39431110581989387
14963,development,0,0.10852593421350781
14964,development,0,0.15010055596258143
14965,development,0,0.3544709409333426
14966,development,0,0.6482147896642517
14967,holdout,1,0.3314214521926183
14968,holdout,1,0.1730221305729432
14969,development,1,0.19475628924502023
14970,development,0,0.07298156970078293
14971,development,0,0.10261836188940329
14972,development,0,0.03589242000031016
14973,development,0,0.16585733665505573
14974,development,0,0.1502306019218517
14975,development,0,0.11516649992308527
14976,holdout,0,0.18851485579121038
14977,development,1,0.7365292837757134
14978,development,0,0.12094826454121062
14979,holdout,0,0.1150820109973307
14980,holdout,0,0.11386866353552497
14981,development,0,0.10465779999180501
14982,holdout,0,0.09983215196673915
14983,holdout,0,0.0837834562604377
14984,development,0,0.2384878487275803
14985,development,1,0.3719988500447116
14986,holdout,0,0.1394937797698337
14987,development,0,0.11561573639739466
14988,development,0,0.14466640704609024
14989,holdout,0,0.12477948071728484
14990,development,0,0.11304984621145588
14991,development,0,0.11606083274045982
14992,development,0,0.3292321705262374
14993,holdout,0,0.12156526267746767
14994,development,0,0.1394495319728028
14995,development,0,0.14475598229020523
14996,development,1,0.1525842668564682
14997,development,1,0.16677978687796866
14998,holdout,0,0.12530838993844776
14999,development,0,0.11486311321433144
15000,development,0,0.3164730843052053
15001,development,0,0.10299925129406469
15002,development,0,0.11605290495637224
15003,development,0,0.06816514820446776
15004,development,0,0.10899284953043546
15005,development,0,0.1026301488686735
15006,holdout,0,0.1099299444834115
15007,holdout,0,0.08852446553315031
15008,holdout,0,0.1503104519503035
15009,development,0,0.11651033541079485
15010,holdout,0,0.17256176892601527
15011,development,1,0.3286256587007181
15012,holdout,0,0.1605623583118597
15013,development,0,0.32394039147654163
15014,holdout,0,0.11823037560623982
15015,development,1,0.1708663067342274
15016,development,0,0.06786644250141413
15017,holdout,0,0.13970033832708784
15018,holdout,0,0.13446887173889954
15019,holdout,0,0.3647626834035546
15020,development,0,0.16181132028095227
15021,development,0,0.1394854669364385
15022,development,0,0.10453107631872813
15023,development,0,0.11905615265068316
15024,development,0,0.13904765338035377
15025,development,0,0.12385181912025837
15026,development,0,0.15176207569002048
15027,development,0,0.22142168675942894
15028,development,0,0.29488430160479595
15029,development,1,0.11340013918086472
15030,development,0,0.15425795021426933
15031,holdout,0,0.12347459837784028
15032,development,1,0.20702646671102962
15033,holdout,0,0.22151124120912724
15034,development,1,0.16826598603075713
15035,development,1,0.25843383609519655
15036,holdout,0,0.08881389681712029
15037,holdout,1,0.06869292870915733
15038,development,0,0.13326514343706727
15039,development,1,0.35488014216123365
15040,holdout,0,0.6307773519384575
15041,development,0,0.1074660776894415
15042,holdout,0,0.09070928809374264
15043,development,0,0.12838532479507292
15044,development,0,0.16619102914004552
15045,development,0,0.13872637320348918
15046,development,0,0.11734862976384132
15047,holdout,1,0.3865333755677839
15048,development,0,0.12506240564961404
15049,development,0,0.12177917172601699
15050,holdout,1,0.541307860569333
15051,holdout,0,0.3207062050093947
15052,holdout,0,0.07294170686082786
15053,holdout,1,0.11098105121267489
15054,development,0,0.13040292099760828
15055,development,0,0.3081869391755959
15056,holdout,0,0.11790556091485269
15057,development,1,0.7514698316311303
15058,holdout,0,0.18942227409477766
15059,holdout,0,0.10015300768036056
15060,development,1,0.13541675765219752
15061,development,0,0.1581674661406761
15062,development,0,0.1402594111720525
15063,development,0,0.12850132912194615
15064,holdout,0,0.03209728675447543
15065,development,0,0.19871240875432256
15066,development,1,0.3386660835430211
15067,holdout,0,0.11459383837219914
15068,development,0,0.3101356553309672
15069,development,0,0.3612913541285015
15070,development,0,0.12589811167100515
15071,development,1,0.9618585804153345
15072,development,0,0.28072145344294747
15073,holdout,0,0.15194348840846753
15074,development,0,0.1351075960380042
15075,development,0,0.3200318717660574
15076,development,0,0.1333663099656928
15077,development,0,0.3821155835091251
15078,holdout,1,0.15462104840814936
15079,development,0,0.11459608477505187
15080,development,0,0.14424680927846897
15081,holdout,0,0.272294106756037
15082,development,0,0.06499835029524557
15083,development,0,0.1581483389534218
15084,development,0,0.11812358822755327
15085,holdout,0,0.32194344290053306
15086,holdout,0,0.11845832747497022
15087,development,0,0.11405959465922769
15088,development,0,0.11265874967964201
15089,holdout,1,0.28935673601714007
15090,development,0,0.08224755363037371
15091,holdout,0,0.17446871297742308
15092,holdout,0,0.11354567077262623
15093,development,0,0.12273995481682966
15094,development,0,0.13140645820254784
15095,development,1,0.036921600545273055
15096,development,1,0.43870827351355424
15097,development,0,0.18556421162956674
15098,holdout,0,0.13005645378277178
15099,development,0,0.23690407346607928
15100,development,0,0.12472553919885486
15101,development,0,0.09400468925462993
15102,development,0,0.12368603314115285
15103,development,0,0.11509203686689606
15104,development,0,0.11594837486934048
15105,holdout,1,0.7911152058890877
15106,holdout,1,0.698410644562783
15107,development,1,0.3166461751901918
15108,holdout,0,0.34208995890244687
15109,development,0,0.18628241012331162
15110,holdout,1,0.3637898469965323
15111,development,1,0.2956549745575114
15112,development,0,0.11783773307652425
15113,holdout,0,0.12355253942683128
15114,development,0,0.1559582063504312
15115,holdout,0,0.1312719351381335
15116,development,0,0.7744174196931847
15117,development,1,0.27967152504275017
15118,holdout,1,0.48124489277530474
15119,holdout,0,0.08216423605067708
15120,development,0,0.1179512384234506
15121,development,0,0.1322573623177185
15122,development,0,0.26931331603716807
15123,holdout,0,0.10286908289780348
15124,development,0,0.4039192973790101
15125,development,0,0.24167850973837604
15126,development,0,0.6737322665289672
15127,holdout,0,0.09416385776428027
15128,development,0,0.3654013562470086
15129,development,1,0.09174009155780448
15130,development,0,0.11914550203283526
15131,development,0,0.08180445831405304
15132,holdout,0,0.2048317963595339
15133,holdout,0,0.10828498049938445
15134,holdout,1,0.3646860916762443
15135,development,0,0.2835416608448391
15136,development,0,0.1119763482247779
15137,development,1,0.38399192789008063
15138,development,1,0.6640561259628722
15139,holdout,0,0.13886529808121656
15140,development,0,0.13917427806242233
15141,development,0,0.17106536978679351
15142,development,1,0.1496674132339574
15143,development,0,0.037621421759168945
15144,development,1,0.7037821533164919
15145,development,0,0.12546587727833017
15146,development,0,0.17686738189965687
15147,holdout,0,0.6392991432288396
15148,development,1,0.21175455454726932
15149,holdout,0,0.12117460318851826
15150,development,0,0.058764927629374165
15151,holdout,0,0.20902082115072096
15152,development,1,0.11887826283067461
15153,holdout,0,0.027960188636954986
15154,development,0,0.11654069770950783
15155,holdout,0,0.11959689249817584
15156,holdout,0,0.5718257309644462
15157,development,0,0.11186015128856053
15158,development,0,0.1390943494987576
15159,development,0,0.11231770600368284
15160,development,0,0.11669914976673873
15161,development,0,0.1308485598578704
15162,holdout,0,0.19390514313601054
15163,development,0,0.09586401554790365
15164,holdout,0,0.12493116073918865
15165,development,1,0.07193082811027532
15166,development,0,0.13695296921502317
15167,holdout,0,0.11803019613436785
15168,development,0,0.16630850074717726
15169,development,0,0.23140100478261874
15170,holdout,0,0.7904805639911688
15171,holdout,0,0.1596034930343967
15172,development,0,0.6172943753929494
15173,holdout,0,0.08200760014857002
15174,development,0,0.17357745536413116
15175,development,0,0.13376575359665266
15176,development,0,0.1908005608766681
15177,holdout,0,0.169366556259501
15178,holdout,0,0.1633083246067251
15179,development,1,0.12212973455189678
15180,holdout,1,0.421323565572247
15181,holdout,0,0.11300263331081996
15182,development,0,0.09177874942140862
15183,holdout,0,0.11115302188668325
15184,holdout,0,0.1317929585376587
15185,development,0,0.07981247022359528
15186,development,0,0.026985448986768988
15187,development,0,0.10555007430694377
15188,development,0,0.09763241556511326
15189,development,1,0.3273603239814352
15190,holdout,0,0.11525661475081736
15191,holdout,1,0.07779008355208654
15192,development,0,0.15077674975784972
15193,development,0,0.12985791602161784
15194,development,0,0.1533055427721998
15195,holdout,0,0.08386972034110877
15196,holdout,0,0.11237571813478305
15197,holdout,1,0.6850250576747786
15198,development,0,0.09100364143827336
15199,development,1,0.5072960652224795
15200,holdout,0,0.10763540113372878
15201,development,1,0.3250312837913871
15202,development,1,0.14229425186282246
15203,holdout,0,0.1739905171619064
15204,development,0,0.12231687479826879
15205,holdout,1,0.4234917963116991
15206,development,0,0.16516137666170386
15207,development,0,0.10661292278007535
15208,development,0,0.16460791370335082
15209,holdout,0,0.13423879946697598
15210,holdout,0,0.12821251252549418
15211,holdout,0,0.1615399756735633
15212,holdout,1,0.5702933183412524
15213,development,0,0.12934592860062524
15214,development,0,0.11204553540107313
15215,holdout,0,0.13877391994840602
15216,development,0,0.12467115274079038
15217,holdout,1,0.8017675946082577
15218,development,1,0.5981378204112983
15219,development,0,0.09126459049363042
15220,development,1,0.7507467270813335
15221,development,0,0.1725413691669515
15222,development,1,0.722073177976316
15223,development,1,0.3115184406732541
15224,holdout,0,0.216348005763836
15225,development,1,0.4163261850634165
15226,development,1,0.16579725517530233
15227,development,0,0.03469054725067413
15228,development,0,0.14551044269628302
15229,development,0,0.47589553434151866
15230,development,1,0.509731905966321
15231,development,0,0.17556846863124215
15232,development,0,0.14385570519450466
15233,development,0,0.1708367540163389
15234,holdout,1,0.7596458111374368
15235,development,0,0.1346908895645844
15236,development,0,0.11061288827877666
15237,development,0,0.14667366297936146
15238,development,0,0.19620164283104166
15239,development,0,0.11744728905917444
15240,development,0,0.39298497991829423
15241,development,0,0.13486864653960243
15242,development,0,0.6459489611083118
15243,holdout,0,0.1649547282995334
15244,holdout,0,0.1446776000939487
15245,holdout,0,0.11688068226371015
15246,development,1,0.20571562831494827
15247,development,1,0.5651754599248378
15248,development,0,0.1444540841473871
15249,development,0,0.1436336694353165
15250,development,0,0.12915131412630448
15251,development,1,0.42091115291284026
15252,development,0,0.11262889718974507
15253,holdout,0,0.15167495606750184
15254,development,1,0.7678365691563956
15255,holdout,0,0.13414290293870937
15256,development,0,0.12728116416020707
15257,development,0,0.1724407944484765
15258,holdout,0,0.15776951831047234
15259,holdout,0,0.21539626905303036
15260,development,0,0.12364289275730299
15261,holdout,1,0.5085166726840498
15262,holdout,0,0.17500419353581914
15263,development,1,0.4815569718647667
15264,development,1,0.5818917426409461
15265,holdout,1,0.0846053483209209
15266,development,1,0.06709187942636897
15267,development,0,0.13885537400539033
15268,development,0,0.12994643306753165
15269,holdout,0,0.1146097305532708
15270,holdout,0,0.10296055114205489
15271,development,0,0.611988160809209
15272,holdout,0,0.1215818804492116
15273,development,0,0.14198338125308446
15274,development,0,0.1389917021577626
15275,development,0,0.20274817911337198
15276,development,0,0.07101819361641845
15277,development,0,0.1547577626359658
15278,holdout,0,0.21101989766558077
15279,development,1,0.3455119200487674
15280,development,0,0.15888936956554678
15281,development,0,0.11378872302483473
15282,development,0,0.1472200063711381
15283,holdout,0,0.5400929006663672
15284,holdout,0,0.27024046737278534
15285,development,0,0.09985104315083411
15286,development,0,0.07701402231010124
15287,development,0,0.371689750833294
15288,development,0,0.1459118287655328
15289,development,0,0.08767055035337483
15290,holdout,0,0.08593252021007844
15291,development,0,0.1329314801209059
15292,development,0,0.13166351949217825
15293,development,1,0.7315785901113085
15294,holdout,0,0.02342784958619411
15295,development,0,0.1294072135069709
15296,holdout,0,0.1549187245632761
15297,holdout,0,0.13342867887312126
15298,development,0,0.17325573780855333
15299,development,0,0.12767141293212939
15300,holdout,0,0.13113231846850382
15301,development,0,0.06729717589537046
15302,development,0,0.1348851058284902
15303,development,0,0.15969949930360638
15304,holdout,0,0.08512434797756192
15305,holdout,0,0.1299972585249526
15306,development,0,0.07276160685811489
15307,development,0,0.1313218562330067
15308,holdout,0,0.15588232976425667
15309,development,0,0.08845910681284112
15310,development,0,0.1328200271621048
15311,development,1,0.1408017467911945
15312,development,0,0.12171441409953421
15313,holdout,0,0.13174955200186797
15314,holdout,0,0.1418587443428653
15315,development,0,0.12871375450270553
15316,holdout,0,0.11936900137797245
15317,development,0,0.40819704341773777
15318,development,0,0.09682154660657986
15319,holdout,1,0.5333935718278998
15320,holdout,0,0.12861402828586177
15321,development,0,0.13071809470740184
15322,holdout,0,0.18569562144211355
15323,development,0,0.12208027530204527
15324,development,1,0.09730725398438868
15325,holdout,0,0.1431889087496121
15326,development,0,0.08770113607964011
15327,development,0,0.07811829342754119
15328,holdout,1,0.29885361388370235
15329,development,0,0.22090013974064482
15330,development,0,0.0882006661483449
15331,holdout,0,0.11812548901352597
15332,development,0,0.5922994110492301
15333,development,0,0.12880221135517228
15334,development,0,0.15783268079953963
15335,holdout,0,0.0680742968272251
15336,holdout,0,0.0801130764947689
15337,holdout,1,0.18098038466891858
15338,development,0,0.11833241202547884
15339,development,0,0.13416097539868688
15340,holdout,0,0.26232577943355256
15341,development,0,0.13717860563060127
15342,development,1,0.7659096498764535
15343,development,0,0.13216401717395385
15344,holdout,0,0.1083843957381678
15345,development,0,0.08126798484401276
15346,development,0,0.11174857028125987
15347,holdout,0,0.24123460743904063
15348,development,1,0.4224572713425301
15349,development,0,0.07081930553010564
15350,holdout,0,0.14055014238727892
15351,development,0,0.14031878117504373
15352,development,0,0.12689355621105022
15353,holdout,0,0.12083380889939037
15354,development,0,0.07271412714456697
15355,development,1,0.6036120954492091
15356,development,0,0.034624070923282575
15357,development,0,0.12094270170656801
15358,development,1,0.0797693344594257
15359,development,0,0.14877517572278065
15360,holdout,0,0.19214496301148942
15361,holdout,0,0.13529646211219848
15362,holdout,0,0.17046547749949106
15363,holdout,0,0.09877212863850875
15364,development,0,0.3364351956816749
15365,development,0,0.08591896624267632
15366,development,0,0.14011461324085855
15367,development,1,0.5039739308940743
15368,development,0,0.13174238759114815
15369,holdout,1,0.32869229904243236
15370,holdout,0,0.2640584398766818
15371,development,0,0.5858506792742298
15372,development,0,0.1403228719507038
15373,holdout,1,0.5014295158307974
15374,development,0,0.36182523247879994
15375,development,1,0.0742010122919179
15376,holdout,0,0.16585234882208008
15377,development,1,0.12240194644948806
15378,development,0,0.12885891137675876
15379,development,0,0.07717189951464354
15380,holdout,0,0.09943895183184046
15381,holdout,1,0.7232458964052432
15382,development,0,0.1121793081100232
15383,development,1,0.6643894570630646
15384,holdout,0,0.28988836128714696
15385,development,0,0.09596658782556262
15386,development,1,0.13232823943003544
15387,development,0,0.02744828450041674
15388,development,1,0.13769291454154267
15389,development,1,0.8685638608763122
15390,development,0,0.15090468685523667
15391,holdout,0,0.12683653208605128
15392,development,0,0.3030844793423
15393,development,0,0.08065397889808953
15394,development,0,0.1339485644954508
15395,development,0,0.373391556399546
15396,development,0,0.09183924167789725
15397,holdout,0,0.08516401273929852
15398,holdout,0,0.11819272860346683
15399,development,1,0.14726599098395585
15400,holdout,0,0.11366128013893616
15401,development,0,0.11529383744603916
15402,holdout,0,0.14688593426956723
15403,development,0,0.16948997928970583
15404,holdout,0,0.13108867305712085
15405,development,0,0.16726689368286898
15406,development,0,0.07495885202372413
15407,holdout,0,0.1291274540712578
15408,holdout,0,0.11699704794222157
15409,development,0,0.11648531136258364
15410,development,1,0.07662211397150567
15411,holdout,0,0.11245974467584786
15412,holdout,0,0.20505057108008912
15413,development,0,0.11273461073332819
15414,development,0,0.328633532928612
15415,development,0,0.08694448012407034
15416,development,0,0.1790926855221951
15417,development,0,0.13477403717195138
15418,development,0,0.12812702614454372
15419,development,0,0.12708203253065553
15420,development,0,0.12576158493227688
15421,development,1,0.07494168596624998
15422,holdout,0,0.08168105852288744
15423,development,0,0.13141243445093534
15424,development,0,0.8359869032042765
15425,development,0,0.08333985075948926
15426,holdout,1,0.7495463740334797
15427,development,0,0.15616606514945838
15428,holdout,1,0.1772597809822817
15429,development,0,0.1396742326968015
15430,holdout,0,0.14042189421256607
15431,development,0,0.9599896627673506
15432,development,0,0.08092407761397323
15433,development,0,0.05974230160257432
15434,development,0,0.10132922899985092
15435,holdout,0,0.3171924751801177
15436,development,0,0.2813522543433446
15437,development,1,0.460073584346465
15438,development,0,0.2544109345017929
15439,holdout,0,0.11723152147653466
15440,development,0,0.18388103574230566
15441,development,0,0.16895158468691768
15442,development,0,0.12957334274456753
15443,development,0,0.1079030048094117
15444,development,1,0.14489156838704315
15445,development,0,0.035098383915319185
15446,development,0,0.1325553343878099
15447,development,0,0.1777450934550937
15448,holdout,0,0.15365648788343358
15449,development,0,0.2789816928418672
15450,development,0,0.36072450465585915
15451,holdout,1,0.7960824059711443
15452,holdout,0,0.07946090098400624
15453,development,1,0.3951016692219696
15454,development,0,0.3100101540574304
15455,development,0,0.17510245429389099
15456,development,0,0.17102726928880213
15457,development,1,0.67699285394552
15458,development,0,0.09712282917575459
15459,development,0,0.17233104265793167
15460,development,1,0.24753555881169684
15461,development,0,0.12236571106514171
15462,development,0,0.4773985434767048
15463,holdout,0,0.4597592159084795
15464,development,0,0.1259284364099131
15465,development,1,0.30159351787292515
15466,holdout,0,0.11414604630627151
15467,development,0,0.12023837383748809
15468,development,0,0.1288521950996751
15469,development,0,0.025217567778367582
15470,holdout,0,0.14183372326981022
15471,development,0,0.13479110012845066
15472,holdout,0,0.14616496673561175
15473,development,0,0.3623494337870936
15474,holdout,0,0.13371357451775384
15475,holdout,0,0.24775415282171742
15476,development,0,0.161460758639808
15477,holdout,0,0.12752408283473654
15478,development,0,0.11479040711380298
15479,development,0,0.09926247797819139
15480,development,0,0.18754478059099303
15481,development,0,0.018964046492002146
15482,development,1,0.16874366678153557
15483,development,0,0.1386955482166921
15484,development,0,0.12133532152498475
15485,development,0,0.11518168512194031
15486,development,0,0.5069074570362421
15487,holdout,0,0.14312859478390935
15488,holdout,0,0.5397102546256494
15489,development,0,0.11310675133060828
15490,development,0,0.5595743241643283
15491,development,0,0.2935261878669508
15492,holdout,1,0.10972899344952576
15493,holdout,0,0.36460450963124913
15494,development,1,0.2443069663071822
15495,holdout,0,0.114183237786211
15496,development,0,0.101507235445499
15497,development,0,0.10322165630536106
15498,development,0,0.12013964997588264
15499,holdout,0,0.14235497661881716
15500,holdout,0,0.11294883482952056
15501,holdout,0,0.08906033298790385
15502,holdout,0,0.09857081774772872
15503,development,0,0.5366203193456858
15504,development,0,0.2275678895551369
15505,holdout,0,0.19982958927184025
15506,development,0,0.1261066354426075
15507,holdout,0,0.14854628093572173
15508,development,0,0.11264359008053566
15509,development,1,0.31059733954564284
15510,development,0,0.08149571793501018
15511,development,0,0.08223134605351326
15512,development,0,0.1380268869220438
15513,holdout,0,0.12220183969570399
15514,development,1,0.08498583483642887
15515,holdout,1,0.08837658230172168
15516,holdout,0,0.12165596629097987
15517,development,0,0.11827073002050692
15518,holdout,0,0.13425163213982785
15519,development,0,0.08225511099689829
15520,development,1,0.13497953587243225
15521,development,0,0.18977402541756974
15522,development,0,0.1497214190230487
15523,development,0,0.1410886636539764
15524,holdout,0,0.3088272251099826
15525,holdout,0,0.13616217656511465
15526,holdout,0,0.2131104004369306
15527,development,0,0.31597356629222717
15528,development,0,0.0888280372617868
15529,development,0,0.30632297705098627
15530,development,0,0.13941200408364188
15531,development,1,0.3265649812975364
15532,development,0,0.33754581920500837
15533,development,0,0.14337890563743952
15534,development,0,0.1501455839598217
15535,development,0,0.12188398500369943
15536,development,0,0.13466002135936053
15537,holdout,0,0.32678818323009806
15538,holdout,1,0.11518599837447967
15539,development,0,0.11563459998743303
15540,development,0,0.35177990619434446
15541,development,0,0.026996644723881098
15542,holdout,0,0.1969458030920593
15543,development,0,0.09721331109375941
15544,development,0,0.08904869911091132
15545,development,1,0.3147220704439556
15546,development,0,0.11695261164879847
15547,holdout,0,0.15104397700400335
15548,development,0,0.08219347373603388
15549,development,0,0.12331659581321931
15550,holdout,0,0.12030840873954367
15551,development,0,0.1047395728854397
15552,holdout,0,0.6779910346111238
15553,development,0,0.11457357076585592
15554,development,1,0.20413977403035127
15555,holdout,0,0.1173726616652687
15556,development,0,0.24996364285597264
15557,development,0,0.11641877152675507
15558,holdout,0,0.1203873700306835
15559,development,0,0.07545586791915777
15560,holdout,0,0.4834202740245646
15561,development,1,0.6262564732814636
15562,development,0,0.14546950736204728
15563,holdout,0,0.15303091868025256
15564,holdout,1,0.1475302878779477
15565,development,0,0.15522753013012722
15566,development,0,0.10415259772713964
15567,development,0,0.17193378122123645
15568,development,0,0.24392291242727404
15569,development,0,0.11473963268158223
15570,development,0,0.15217289884493507
15571,development,0,0.44679751631390785
15572,development,0,0.1182951438784423
15573,development,0,0.2948416871193583
15574,holdout,0,0.5649327523745418
15575,holdout,0,0.1191781249226682
15576,holdout,0,0.1905104356307791
15577,development,0,0.1254155492701528
15578,holdout,0,0.1140672297589714
15579,development,1,0.20174019352224673
15580,development,0,0.3485720840413115
15581,development,0,0.09747387337007053
15582,development,1,0.09658659020901074
15583,development,0,0.2626205346133735
15584,holdout,0,0.09819703886332794
15585,development,0,0.031299240360362586
15586,development,0,0.1723382814609568
15587,development,0,0.1723457910464398
15588,development,0,0.048642092690789444
15589,development,0,0.1307325071627643
15590,development,0,0.41311425116514205
15591,development,0,0.08364724699936926
15592,development,0,0.13753283379935305
15593,holdout,1,0.38361514057790685
15594,development,0,0.11544012967258695
15595,holdout,0,0.11072956246783612
15596,development,0,0.13165258106923125
15597,development,0,0.331743017591149
15598,development,0,0.31058484044332973
15599,development,0,0.12267015888884619
15600,development,0,0.09035524553254222
15601,holdout,1,0.1372112458167101
15602,development,1,0.7191045744674631
15603,development,1,0.1500708715826388
15604,development,1,0.4278676197598109
15605,development,0,0.14409867775942703
15606,development,0,0.11726299847596788
15607,holdout,0,0.08318215619417188
15608,holdout,0,0.11858591529517772
15609,development,1,0.18299385827530817
15610,development,0,0.5290783039539556
15611,development,1,0.12148400542993987
15612,development,0,0.12276603482378372
15613,holdout,1,0.5487536670997565
15614,holdout,0,0.7307133116680958
15615,development,0,0.1380906248986233
15616,holdout,0,0.1077024691852547
15617,development,1,0.4022149347692329
15618,holdout,0,0.19797978325793755
15619,development,0,0.1250337951184542
15620,holdout,0,0.06606262400873274
15621,development,0,0.11120713136652825
15622,holdout,0,0.13041000220607343
15623,development,0,0.13734471274894383
15624,development,0,0.15168041662583792
15625,development,0,0.5108948704491691
15626,development,0,0.1833740269965863
15627,holdout,1,0.3005959363562675
15628,development,1,0.33210334415377496
15629,holdout,1,0.12229508448339368
15630,development,0,0.15225493646123164
15631,development,0,0.5561382011673345
15632,holdout,0,0.1210607987456758
15633,development,0,0.10594931211016194
15634,development,0,0.21158354228117499
15635,development,0,0.13411609225971408
15636,development,0,0.08972417526859985
15637,development,0,0.1436692071165439
15638,development,1,0.11905423229987655
15639,holdout,1,0.16008698174859648
15640,holdout,0,0.3244578635181938
15641,development,0,0.09975033106836925
15642,development,0,0.16837496981723132
15643,development,0,0.06139665853266545
15644,holdout,1,0.18344644989373896
15645,holdout,0,0.15576865169634194
15646,development,0,0.16937234396943798
15647,holdout,0,0.24195149483262002
15648,holdout,0,0.12166005449727202
15649,development,0,0.11722729745106471
15650,development,1,0.6923279978431093
15651,development,0,0.13080436309016014
15652,development,0,0.13902038345181525
15653,development,0,0.09369405358181596
15654,holdout,0,0.17643571568637553
15655,development,0,0.12199838033078107
15656,development,1,0.11351013313691367
15657,development,0,0.1222505813773647
15658,development,1,0.7574890948683664
15659,development,0,0.1128730712294026
15660,development,0,0.13450060387286286
15661,holdout,0,0.15854352110396475
15662,development,0,0.14296216021150837
15663,development,0,0.1252156869456747
15664,development,1,0.6786874624742681
15665,development,0,0.21346190250413058
15666,development,0,0.27883561426053355
15667,development,0,0.11760678643821701
15668,development,0,0.11136665075862338
15669,holdout,0,0.0763142190169214
15670,holdout,0,0.1746472450992297
15671,holdout,1,0.057007649228124194
15672,holdout,0,0.3239468465859334
15673,development,0,0.30232261420975487
15674,holdout,0,0.11983282101658664
15675,development,0,0.043301954470330487
15676,development,0,0.11722063433073916
15677,development,0,0.13424181722001025
15678,development,0,0.0708889522483243
15679,holdout,0,0.06256049010098631
15680,development,0,0.1601528652068256
15681,holdout,0,0.11373126007379765
15682,holdout,0,0.16581583240511333
15683,development,1,0.4230162110834512
15684,holdout,0,0.0728752988475384
15685,development,0,0.09013274836281214
15686,development,0,0.08858017824831318
15687,development,0,0.042594429237577544
15688,holdout,1,0.3751529883234266
15689,development,1,0.14204472258503664
15690,development,0,0.12438003050417472
15691,development,0,0.15860761758782646
15692,development,0,0.18441806099113958
15693,development,0,0.1957742662575699
15694,development,0,0.2168580534507368
15695,holdout,0,0.37106714719265615
15696,development,0,0.2119310494365646
15697,development,0,0.15087720058520177
15698,holdout,0,0.13145241330090748
15699,development,0,0.08158402772300882
15700,development,1,0.2853070488709256
15701,development,0,0.12407530529109785
15702,holdout,0,0.2108498201616539
15703,development,0,0.24666215428294186
15704,development,1,0.377542122901505
15705,development,0,0.027720093997786712
15706,development,0,0.7470509614347466
15707,development,1,0.4266079490977704
15708,development,0,0.10132667983410208
15709,development,0,0.0814282339489011
15710,development,0,0.1357301837900603
15711,development,0,0.07298404470831657
15712,development,0,0.1551198849928957
15713,development,0,0.2250775588394584
15714,development,1,0.11941904285370473
15715,holdout,1,0.7006576822622395
15716,development,0,0.12075843933570025
15717,development,0,0.10233410163769086
15718,holdout,1,0.1467043681011035
15719,holdout,0,0.1278568982121305
15720,development,0,0.22935625926550166
15721,development,0,0.3756732331358369
15722,holdout,0,0.09851366664787715
15723,development,1,0.3437950234781435
15724,development,0,0.18843578660050955
15725,holdout,0,0.1229817362525441
15726,development,0,0.11239395579992292
15727,development,0,0.13303206980657137
15728,development,0,0.17614099986710968
15729,development,0,0.12955165486560247
15730,development,0,0.28631356582219475
15731,development,0,0.13801372792836486
15732,development,0,0.14973605308450139
15733,development,0,0.11257850638911673
15734,development,0,0.21086293729921873
15735,development,0,0.16404087565695968
15736,development,0,0.07347440741683364
15737,holdout,0,0.11262146070461843
15738,holdout,1,0.22364378758501569
15739,holdout,0,0.12108984086676877
15740,holdout,0,0.12860247278813314
15741,development,0,0.18046326259235582
15742,development,0,0.13654283248241655
15743,development,1,0.23981694604649909
15744,holdout,0,0.0948243024640184
15745,development,1,0.49999462975884496
15746,holdout,0,0.1676111018179381
15747,development,0,0.11702328660611551
15748,development,0,0.12718677834742279
15749,development,1,0.17359190284316695
15750,development,0,0.1931035255413569
15751,development,0,0.12889087382018347
15752,holdout,0,0.10272801491546558
15753,development,1,0.7266920503745367
15754,development,0,0.11075629926379485
15755,development,0,0.1527746132622192
15756,holdout,0,0.12856350482511844
15757,development,0,0.0938622143764912
15758,development,0,0.18095636009916177
15759,holdout,0,0.19320082445911593
15760,holdout,1,0.14002605409786925
15761,development,0,0.16875783890276774
15762,development,1,0.5407024144892792
15763,development,0,0.11745024463942448
15764,development,0,0.17069395935749404
15765,development,0,0.03455109728111656
15766,development,1,0.6857435300417645
15767,development,0,0.13452527480098955
15768,holdout,0,0.07415035241272874
15769,holdout,0,0.08647989718057594
15770,development,0,0.3338599417642848
15771,holdout,0,0.14887060414661035
15772,development,0,0.12046511958081896
15773,development,0,0.11554196541634107
15774,holdout,0,0.11438097502633027
15775,holdout,0,0.12923392869101208
15776,holdout,0,0.11285084872786946
15777,development,0,0.16231502222892974
15778,development,0,0.6396102043214114
15779,development,1,0.12959556541279887
15780,holdout,0,0.11199667788078849
15781,development,0,0.11311391767472384
15782,holdout,0,0.08698401072649577
15783,development,0,0.11279266401689912
15784,holdout,0,0.1354716587788212
15785,holdout,0,0.10012136436132466
15786,development,0,0.13801672479282465
15787,holdout,0,0.5572971796636111
15788,development,0,0.1563745479517858
15789,development,0,0.1371734950424385
15790,holdout,0,0.08548006623722704
15791,development,1,0.22940129677990606
15792,development,0,0.14477528487935512
15793,development,0,0.1144732441935539
15794,development,0,0.4667181665147699
15795,holdout,0,0.14935555528561686
15796,development,0,0.11174932449139059
15797,development,0,0.11533666794249466
15798,development,0,0.0792922370001089
15799,development,0,0.22823862618126953
15800,holdout,1,0.5270209370268548
15801,holdout,0,0.11146345843219597
15802,holdout,0,0.2933531825120763
15803,holdout,0,0.10392697705915299
15804,holdout,0,0.2781249637395532
15805,holdout,0,0.11382876161750899
15806,development,0,0.2507394414853732
15807,development,0,0.12939749433196185
15808,development,0,0.1560890018414485
15809,holdout,0,0.4690183894445104
15810,holdout,0,0.11905391970786033
15811,development,1,0.14324008395789076
15812,holdout,0,0.07727459818426231
15813,holdout,0,0.1434701804609932
15814,development,1,0.7594620834282182
15815,development,0,0.02609277779665408
15816,development,0,0.13363692264515736
15817,holdout,0,0.1522454322777934
15818,development,0,0.10610240215655464
15819,development,0,0.17654478982131572
15820,development,0,0.08893572033026866
15821,development,0,0.14504324146077224
15822,development,0,0.08384141586221865
15823,development,0,0.12872561911160998
15824,development,1,0.5410193615999073
15825,development,0,0.2443229976298241
15826,development,1,0.1361848974220819
15827,holdout,0,0.08636067107709335
15828,development,0,0.09217523541198233
15829,development,0,0.0899915065553059
15830,development,0,0.3053950414921908
15831,development,0,0.1002065472049049
15832,holdout,1,0.15865433473512217
15833,development,0,0.09222031085411452
15834,holdout,0,0.08655404181952728
15835,holdout,0,0.13422565875129355
15836,development,0,0.08800807430542892
15837,development,0,0.16188046337621165
15838,development,1,0.38615984959120137
15839,holdout,0,0.13632873068585763
15840,development,0,0.07220374411668196
15841,development,1,0.078134846354079
15842,development,0,0.1453245915277306
15843,holdout,0,0.15934883744178008
15844,development,0,0.09872719807861767
15845,holdout,0,0.07361051936320298
15846,development,0,0.09532869534035787
15847,holdout,0,0.2679177182675147
15848,holdout,0,0.12451272021044256
15849,development,0,0.11429466782555363
15850,development,1,0.42498133307433544
15851,holdout,1,0.39759038526857976
15852,development,0,0.33803046639509166
15853,development,1,0.30380214767730973
15854,development,0,0.16220783700813426
15855,development,0,0.20671618458754473
15856,development,0,0.15657090533478318
15857,development,1,0.7153136560179432
15858,development,0,0.08779551929720153
15859,development,0,0.19044578107270538
15860,development,0,0.16300171121346504
15861,development,0,0.26547843006579797
15862,development,0,0.4057884640234635
15863,holdout,1,0.5207858728930236
15864,development,0,0.13302343093092073
15865,holdout,0,0.12924167874020986
15866,development,0,0.34677603207102703
15867,holdout,0,0.11902039332355005
15868,development,0,0.13668964952819565
15869,holdout,0,0.13515794342249862
15870,holdout,0,0.2025473144603433
15871,development,0,0.45496779462813824
15872,development,1,0.5660715229719226
15873,development,0,0.1354496553875604
15874,development,0,0.35877320844650384
15875,holdout,0,0.11623986545976785
15876,development,0,0.038372468710802396
15877,holdout,0,0.1519385868710937
15878,development,1,0.2850289907749404
15879,holdout,0,0.21359999129465942
15880,development,1,0.45229265067370483
15881,development,0,0.11451006980757959
15882,development,0,0.12703451932187262
15883,holdout,1,0.5244593552056275
15884,development,0,0.10319181245221414
15885,holdout,1,0.13516364608841977
15886,holdout,0,0.08743857246358806
15887,development,0,0.6537602995919403
15888,development,0,0.1578808984538335
15889,development,0,0.08365701762875712
15890,development,0,0.12350690267919928
15891,development,0,0.06533746707084066
15892,development,0,0.22848977128891793
15893,development,0,0.12241171184828088
15894,development,0,0.32729622883115894
15895,development,0,0.1827504952294896
15896,holdout,0,0.1754828291550627
15897,development,0,0.10711372495339404
15898,development,0,0.09486473382423218
15899,development,1,0.1249580830378203
15900,holdout,0,0.0981421032527131
15901,development,0,0.09042484651624916
15902,development,0,0.09613547449698302
15903,development,0,0.12225960153354329
15904,development,0,0.1117877633464417
15905,development,0,0.10645166307182256
15906,development,0,0.13446398751274705
15907,holdout,0,0.0577874520035789
15908,development,0,0.10702714871209704
15909,development,0,0.1494632135519911
15910,holdout,0,0.11955888034883579
15911,development,1,0.3326323360464414
15912,holdout,1,0.3889217738039747
15913,development,1,0.29224652485632846
15914,holdout,0,0.19348630381973175
15915,development,0,0.17232254886527112
15916,development,0,0.08413041378740939
15917,development,0,0.07920041182651762
15918,holdout,0,0.06808619505254203
15919,development,0,0.11218242661660129
15920,holdout,1,0.43866326720248466
15921,development,1,0.12002451225915274
15922,development,0,0.11906763223829792
15923,development,0,0.11404239083742289
15924,development,1,0.1775855861048688
15925,holdout,0,0.14514769206418018
15926,holdout,0,0.12444407184036822
15927,development,0,0.11756398327545887
15928,holdout,0,0.1383537025393999
15929,development,0,0.16571493274941973
15930,development,1,0.11270805475530152
15931,development,0,0.04701795180896669
15932,development,0,0.1990121573817117
15933,holdout,1,0.13724267879427934
15934,development,0,0.15873256228374363
15935,development,0,0.1272266741792191
15936,holdout,1,0.20429084076497084
15937,development,1,0.16476511072001784
15938,holdout,0,0.3889069917683112
15939,development,0,0.0788790803770403
15940,development,1,0.2434450334061168
15941,development,0,0.20590928334446157
15942,development,0,0.11423122026495695
15943,holdout,0,0.6248768565955537
15944,development,0,0.23335615842750906
15945,holdout,1,0.30621344851082505
15946,holdout,0,0.12420096440165285
15947,development,0,0.1053517567399182
15948,development,0,0.11642105399441215
15949,development,0,0.12312345443589397
15950,holdout,0,0.21564518716087083
15951,holdout,0,0.12441628961496481
15952,holdout,0,0.15030513374219287
15953,development,0,0.3379518629744427
15954,development,0,0.12621469910413988
15955,development,0,0.31651423559045827
15956,development,0,0.11528055652569219
15957,holdout,0,0.09373846903518072
15958,development,0,0.07456158630653345
15959,development,0,0.13287110565949495
15960,development,0,0.3465296844050129
15961,holdout,0,0.20027063482322394
15962,holdout,0,0.14146293670955654
15963,holdout,0,0.2777435364836711
15964,holdout,0,0.2505960758545802
15965,development,0,0.24861099163014108
15966,development,0,0.1321703113093042
15967,development,0,0.11797996001832707
15968,development,0,0.07665804180635959
15969,development,0,0.12330549630861158
15970,holdout,0,0.10070704296656303
15971,holdout,0,0.11372993904697863
15972,holdout,0,0.09812153845498646
15973,development,0,0.18922571534335683
15974,development,0,0.2962534014356531
15975,development,0,0.08591669717082648
15976,holdout,0,0.14688263444276228
15977,development,0,0.10283053482754234
15978,development,1,0.15822778308160174
15979,development,0,0.07774033594420239
15980,holdout,0,0.07842055660243978
15981,development,0,0.2902502695668284
15982,development,1,0.628745307186998
15983,development,0,0.1260798582507184
15984,development,0,0.1079792940009999
15985,development,0,0.14179041511510376
15986,development,0,0.14390589203104112
15987,development,0,0.12856038784054757
15988,development,0,0.1864899027174124
15989,development,1,0.12972303981022915
15990,development,0,0.5706984207631652
15991,development,0,0.09864579399474828
15992,development,1,0.09509961790405419
15993,holdout,0,0.17835608019469118
15994,holdout,0,0.1382137829586855
15995,development,0,0.12011447129034687
15996,holdout,0,0.08487583994903224
15997,holdout,1,0.18670708132292263
15998,development,0,0.29139873979808684
15999,holdout,0,0.1303735617942401
16000,development,0,0.18171406379580765
16001,development,0,0.1167930226555641
16002,holdout,0,0.08425447476481489
16003,holdout,0,0.15090123951317733
16004,development,0,0.11148639980727354
16005,development,0,0.10959190054782862
16006,development,0,0.1103877056395942
16007,development,0,0.6649518881392344
16008,holdout,0,0.12087586369130414
16009,development,0,0.11298408921351248
16010,development,0,0.14381000931456892
16011,development,1,0.14281432094276986
16012,development,0,0.12707757193951003
16013,development,1,0.3188107735561885
16014,holdout,0,0.04412977468865217
16015,development,0,0.3806259389909185
16016,development,0,0.42222133912805704
16017,development,0,0.09000920577495795
16018,development,0,0.07712443648910747
16019,development,0,0.0836902840777414
16020,development,0,0.1616471491161289
16021,holdout,0,0.12574468569065
16022,development,0,0.12648251461552482
16023,development,0,0.19992531466819255
16024,holdout,0,0.13059908038915416
16025,development,0,0.1755052438871857
16026,development,0,0.11081105780419549
16027,development,0,0.17795632021393493
16028,development,1,0.08496157325135895
16029,development,0,0.25044797932262236
16030,development,0,0.09489843715792301
16031,development,0,0.12543308323807126
16032,development,0,0.09890811360473364
16033,holdout,0,0.3335046420523348
16034,holdout,0,0.08210625457317823
16035,development,0,0.1507013452010894
16036,holdout,1,0.10809669770867351
16037,holdout,0,0.21660574379810063
16038,development,0,0.09122551122154782
16039,development,0,0.12793536115219445
16040,development,0,0.149297619101314
16041,development,0,0.0846949078479342
16042,development,1,0.13762373963560126
16043,holdout,0,0.02930632755054241
16044,development,0,0.07296014390779508
16045,development,0,0.10239560323708509
16046,development,0,0.09290640708070062
16047,development,0,0.18597163761942026
16048,development,0,0.20791289079047232
16049,development,0,0.1119302997302037
16050,development,0,0.05931028008536247
16051,development,1,0.2810100879769817
16052,development,0,0.11604750576862993
16053,development,0,0.11337581552858657
16054,development,0,0.1215887680452005
16055,development,0,0.09358393120044214
16056,holdout,0,0.12287276160993901
16057,development,1,0.1271093882324637
16058,development,0,0.09746414130772275
16059,holdout,0,0.14522198310183487
16060,development,0,0.12459728873963184
16061,holdout,0,0.1718757987902461
16062,development,0,0.15309552503718266
16063,development,0,0.12568297715262383
16064,holdout,0,0.15700940808255076
16065,holdout,0,0.07703258938782445
16066,development,0,0.17829300880560217
16067,holdout,1,0.1758333033653524
16068,development,0,0.14902980914432087
16069,development,0,0.09413127895777812
16070,holdout,0,0.11461125508298299
16071,holdout,0,0.06861955337499517
16072,holdout,1,0.16698915598124597
16073,development,0,0.09847028851637511
16074,holdout,0,0.09246852394959686
16075,holdout,0,0.13951003116140168
16076,development,0,0.18279282486018847
16077,development,0,0.17466435628212093
16078,development,0,0.07874926245916761
16079,development,1,0.124107402659399
16080,development,0,0.08422269744202823
16081,holdout,0,0.13503935386204524
16082,development,1,0.31199081895213276
16083,development,0,0.12970349947977566
16084,development,0,0.11518088800383762
16085,development,1,0.2112390543524277
16086,development,0,0.1759791311707349
16087,holdout,0,0.11426274453623035
16088,development,0,0.1330176372133065
16089,development,0,0.11613322451532139
16090,development,0,0.11935531452089625
16091,development,0,0.16936129377232786
16092,development,0,0.21965991604455704
16093,holdout,1,0.13285101829883017
16094,development,1,0.4946836681023239
16095,development,0,0.37577558821632856
16096,development,0,0.08830573783791909
16097,development,0,0.11173395185250154
16098,development,1,0.13675123079341736
16099,development,0,0.14098746745453453
16100,development,0,0.14485776673311146
16101,development,0,0.1456701110426864
16102,holdout,0,0.06218744468616996
16103,development,1,0.6939167779394634
16104,holdout,0,0.10030678132390321
16105,holdout,0,0.14575086195400785
16106,development,0,0.1202538760518038
16107,development,1,0.7191248709071217
16108,holdout,0,0.28742044506284864
16109,holdout,1,0.6261786333268103
16110,holdout,0,0.1362369400209817
16111,development,0,0.16457599813969057
16112,development,1,0.08746051291140233
16113,development,0,0.1949107625962177
16114,development,0,0.13725576934038866
16115,development,0,0.0792480115410959
16116,development,1,0.29336902603802484
16117,holdout,0,0.14179988340493568
16118,development,0,0.1552699680347993
16119,development,0,0.13216059048318127
16120,development,1,0.8492431611254776
16121,development,1,0.13765969038132195
16122,development,0,0.0879902770011381
16123,development,0,0.1344159615160479
16124,development,0,0.08660705746078752
16125,holdout,0,0.2492260078907785
16126,development,0,0.3577627458713831
16127,holdout,0,0.3181318664465011
16128,development,0,0.1701915464825322
16129,holdout,0,0.07567562134795665
16130,development,0,0.10510373222950965
16131,development,0,0.30772261139381435
16132,development,0,0.11892366530398074
16133,development,0,0.10370388387190603
16134,holdout,0,0.12094353785409821
16135,holdout,0,0.1566309202265682
16136,development,0,0.18432338799044945
16137,development,0,0.07419085082393093
16138,development,0,0.1068517316011197
16139,holdout,1,0.12320072760414129
16140,development,0,0.10799819726101993
16141,development,0,0.12644184408494047
16142,development,0,0.02013286805819168
16143,development,0,0.11365584102456319
16144,development,0,0.1136126586475403
16145,development,0,0.10708283605552071
16146,development,0,0.12498408341648042
16147,holdout,0,0.05335938393301147
16148,development,0,0.09620388497323462
16149,development,0,0.29201870435084953
16150,development,1,0.3933784153739907
16151,development,1,0.15206452870833312
16152,development,0,0.14981956166666685
16153,development,0,0.26560165464553676
16154,holdout,1,0.17765576470499217
16155,development,0,0.11348054566804726
16156,development,0,0.2679362825590253
16157,development,0,0.3524904014536981
16158,development,0,0.15561141534976294
16159,development,1,0.6829158112971169
16160,development,0,0.18055559245336344
16161,development,0,0.16770632143079672
16162,development,0,0.479287421934549
16163,holdout,0,0.5681754910775011
16164,development,0,0.11918253230992844
16165,development,0,0.1241251302339024
16166,holdout,0,0.2030718504298814
16167,holdout,1,0.31262220705570765
16168,development,0,0.46614115313875815
16169,holdout,0,0.19679520696286348
16170,development,0,0.14886258005388878
16171,holdout,0,0.14002329136042788
16172,development,0,0.3924082119577485
16173,holdout,0,0.2238743384901274
16174,development,0,0.5160476557848102
16175,holdout,0,0.12722298485391278
16176,development,0,0.10893901456163418
16177,development,0,0.14249377991155637
16178,development,0,0.1512678554261683
16179,holdout,0,0.1390224244051577
16180,development,0,0.13182726366438458
16181,development,0,0.12696214605126716
16182,holdout,0,0.1378746188579491
16183,holdout,1,0.3825404877725724
16184,development,0,0.14071676248012385
16185,holdout,0,0.1638790389274178
16186,development,1,0.10999888916876556
16187,development,1,0.1707512179470512
16188,development,1,0.8152796391618318
16189,development,0,0.3713737205318742
16190,development,0,0.19748845454470085
16191,holdout,1,0.11744548807311202
16192,development,0,0.10658737591520565
16193,development,0,0.11394642574463323
16194,development,0,0.18323569534186004
16195,development,0,0.3183452654508057
16196,development,0,0.11653382512924355
16197,holdout,1,0.6925435983044377
16198,development,0,0.23388804981027317
16199,development,0,0.38390357274536147
16200,development,0,0.14801641504211918
16201,development,0,0.16386784562834208
16202,development,1,0.5770052763600385
16203,development,0,0.11093468629397728
16204,development,0,0.11895796055580242
16205,development,1,0.17845611610130627
16206,development,0,0.1519067959859334
16207,development,1,0.1076287782309829
16208,holdout,0,0.08541293296340817
16209,holdout,0,0.1450308704843655
16210,development,1,0.8162527830859585
16211,development,1,0.7788250644798782
16212,development,0,0.1774774528937117
16213,development,0,0.719161611169326
16214,development,0,0.09666464587630264
16215,development,1,0.10863208964145643
16216,development,0,0.16267623978351267
16217,development,0,0.19382439043147734
16218,development,0,0.4130755246750254
16219,holdout,0,0.08889518580227043
16220,holdout,0,0.15641412732816162
16221,development,1,0.0949935674476796
16222,development,0,0.15824116106887554
16223,holdout,0,0.09457401990625369
16224,development,0,0.16187249022757594
16225,development,0,0.1457070613871083
16226,development,0,0.1576724350342909
16227,development,0,0.09229842645813938
16228,development,0,0.2555136365980379
16229,development,1,0.30496789363309573
16230,holdout,0,0.15646065972296022
16231,development,0,0.1553294101854704
16232,development,0,0.16733605481439082
16233,development,1,0.21272223732537915
16234,development,1,0.28236262525593975
16235,development,0,0.15550369442973094
16236,development,0,0.14171551071204538
16237,holdout,1,0.4240436613453689
16238,development,0,0.1475586147280903
16239,holdout,0,0.16374770105877992
16240,development,0,0.10389945948944018
16241,holdout,0,0.17453083671686606
16242,development,0,0.13489780215934177
16243,development,0,0.12096246121037006
16244,development,0,0.12954696779366467
16245,development,0,0.12830481482221293
16246,development,0,0.15224122759164233
16247,development,0,0.2293718000988187
16248,development,0,0.12788672396747086
16249,holdout,1,0.7633598247305214
16250,holdout,1,0.20301469404740924
16251,development,1,0.6215176638974886
16252,development,0,0.7309857204765954
16253,development,1,0.10872147999415911
16254,development,0,0.1344396736621344
16255,development,0,0.10030298567572858
16256,development,1,0.3776540685588581
16257,development,0,0.22488054631080406
16258,development,0,0.15556534991056867
16259,development,0,0.39478455167856824
16260,development,0,0.09066079038277307
16261,development,0,0.3865026274984023
16262,development,0,0.10808915477836667
16263,development,0,0.0998091478264688
16264,development,0,0.18512657721028253
16265,holdout,0,0.35205540661102247
16266,development,0,0.10445741822816915
16267,development,0,0.1677467524986691
16268,development,1,0.11607020540165507
16269,development,1,0.4847892838600111
16270,development,1,0.11369431499677436
16271,development,1,0.34955674133687853
16272,holdout,1,0.6433798735013341
16273,development,0,0.14215069580987924
16274,development,1,0.7424923312872947
16275,holdout,1,0.14041747301160437
16276,holdout,0,0.10905330737927
16277,development,1,0.15173456658067253
16278,holdout,1,0.16054644874986468
16279,development,0,0.481741842458528
16280,development,1,0.5987699359761409
16281,holdout,0,0.04967902695448848
16282,holdout,0,0.13233646394283177
16283,development,1,0.43733936178593114
16284,development,0,0.3381909505425693
16285,development,0,0.790727541625846
16286,development,1,0.1373276715288666
16287,development,1,0.6248189854063892
16288,development,0,0.14145422026286686
16289,development,0,0.1786020907613644
16290,development,1,0.46023545926678455
16291,holdout,0,0.3494456279440603
16292,development,1,0.24682300503053997
16293,development,1,0.5665520390917971
16294,development,0,0.0979051167869711
16295,development,0,0.177317919207249
16296,development,0,0.11012212583615957
16297,holdout,0,0.036127939316983416
16298,development,0,0.13179563901720695
16299,development,0,0.6425252745351608
16300,holdout,0,0.17716270056409167
16301,development,0,0.10233715886226927
16302,development,1,0.7283270876703418
16303,development,0,0.17898348703522596
16304,development,0,0.1269904836839381
16305,development,0,0.14599766459249192
16306,holdout,0,0.46166016141607297
16307,holdout,0,0.09484849739135284
16308,holdout,0,0.18449209203359931
16309,development,1,0.3763139230728775
16310,development,0,0.13727236861791567
16311,development,0,0.15288327449868735
16312,holdout,0,0.13994518866353314
16313,development,0,0.4770679149041895
16314,holdout,0,0.4103468125418295
16315,development,0,0.108326377598298
16316,development,0,0.24293809470905733
16317,development,0,0.09100178104651781
16318,holdout,0,0.15138974037561312
16319,development,0,0.1078062518262149
16320,development,1,0.5189939414955352
16321,development,0,0.5642468395347673
16322,development,0,0.16817120670240962
16323,holdout,1,0.8079248866122036
16324,development,1,0.36170018477820437
16325,development,1,0.519465503014411
16326,development,0,0.11586930469188929
16327,development,0,0.03067562863618058
16328,development,0,0.18305029002721765
16329,development,0,0.11536670100094816
16330,development,1,0.825127589486642
16331,development,0,0.1968941144233432
16332,holdout,1,0.5001961451643762
16333,development,1,0.6757236251340819
16334,development,0,0.1145800479747442
16335,development,0,0.11881137797895518
16336,development,0,0.12704366298400072
16337,holdout,1,0.6246973215464486
16338,development,0,0.2041786490823977
16339,development,0,0.10904330576192527
16340,holdout,0,0.14454341313747923
16341,holdout,0,0.3139538626527222
16342,development,0,0.19143218373310777
16343,development,1,0.12103493207527898
16344,development,0,0.21931068231827244
16345,holdout,0,0.10421379993045035
16346,development,0,0.06944244023410226
16347,development,0,0.12329971647478202
16348,development,0,0.19046814087291092
16349,development,0,0.18011373835569577
16350,development,0,0.18495433391812108
16351,development,0,0.15815287031062847
16352,development,1,0.6162434419273208
16353,development,0,0.13523117177254435
16354,development,0,0.21084418709568772
16355,holdout,0,0.032513937206201174
16356,development,0,0.3353819631306301
16357,holdout,0,0.2265967642377292
16358,development,1,0.644150217562537
16359,holdout,0,0.15699155950986377
16360,development,1,0.12214726036046114
16361,development,1,0.28595473371511926
16362,development,0,0.13174298324659348
16363,development,0,0.1759953728493608
16364,development,0,0.39335767315987313
16365,development,0,0.15319040143491341
16366,development,1,0.45272951831039604
16367,development,0,0.2836348236262063
16368,holdout,0,0.08573251370168658
16369,development,0,0.11509302106408047
16370,holdout,0,0.15492590877749673
16371,development,0,0.12705413950749503
16372,holdout,0,0.035270947959266406
16373,holdout,0,0.3345530823874438
16374,development,0,0.1104370240107883
16375,holdout,1,0.3310916344198899
16376,holdout,1,0.5505443562765059
16377,development,1,0.7019681674664492
16378,development,1,0.48201473674783485
16379,holdout,0,0.10484507902570343
16380,development,0,0.11490065133197384
16381,development,0,0.06699479274264103
16382,development,0,0.12466778459866663
16383,development,0,0.10425039774876668
16384,development,0,0.11822125304391849
16385,development,1,0.15581934712028325
16386,development,0,0.10139308904007978
16387,development,0,0.07891061000442337
16388,development,1,0.16904199156216826
16389,holdout,0,0.11949201133461355
16390,development,0,0.3376145403720438
16391,development,0,0.09960264771433512
16392,development,1,0.3698591512437678
16393,development,0,0.1452890568767017
16394,holdout,1,0.3177889976264415
16395,holdout,0,0.5287374582354585
16396,development,0,0.1499493151738441
16397,development,1,0.7402644950849069
16398,development,0,0.06902192888536819
16399,holdout,1,0.6563297029710082
16400,development,0,0.12641374191737237
16401,development,1,0.3969905861020396
16402,development,0,0.15083165720755773
16403,development,0,0.18290155853051512
16404,development,0,0.24060863861890447
16405,development,0,0.14116426213408043
16406,development,0,0.1146476755805919
16407,development,0,0.07435408459847657
16408,holdout,0,0.1388173529996115
16409,holdout,0,0.13262839853791517
16410,development,0,0.11763025054655378
16411,holdout,0,0.1075586536829272
16412,development,0,0.13272227156560562
16413,development,1,0.4381347087305398
16414,development,1,0.1499519812657549
16415,development,0,0.023008698308299692
16416,holdout,0,0.13184709739607922
16417,development,0,0.8926877806518616
16418,development,0,0.12367193116480998
16419,holdout,0,0.11935756471759072
16420,holdout,0,0.646541459388238
16421,development,0,0.23161376714273962
16422,holdout,0,0.16127872048777728
16423,development,0,0.13929629474667174
16424,holdout,0,0.08070107938667123
16425,holdout,0,0.11301330702116982
16426,holdout,0,0.16021766341646665
16427,development,1,0.706912505070341
16428,holdout,0,0.21478108675154847
16429,development,0,0.20947592312145305
16430,development,0,0.1348952304048358
16431,development,0,0.03269080330785411
16432,development,0,0.0941943622831671
16433,development,1,0.4938628108974503
16434,development,0,0.17460408396288393
16435,development,0,0.15083577187780858
16436,holdout,0,0.4164459273160542
16437,development,1,0.2921859907693128
16438,development,0,0.1764342133001532
16439,development,0,0.11201060736859182
16440,development,0,0.7658156430651047
16441,development,0,0.13728976998328465
16442,development,0,0.14044627354671216
16443,development,0,0.20826723325496155
16444,holdout,0,0.4792629703900796
16445,development,0,0.3659761400501338
16446,development,0,0.10216981858500948
16447,development,0,0.13844485239899604
16448,development,0,0.13234618964023065
16449,holdout,0,0.13117539989651353
16450,holdout,0,0.3083219077104606
16451,development,0,0.08456519879443476
16452,development,0,0.06749948969824307
16453,holdout,0,0.15144257679145243
16454,development,0,0.1289471960969674
16455,development,1,0.1673645792074084
16456,holdout,1,0.6173221829537232
16457,holdout,0,0.10723220654148395
16458,holdout,0,0.20528060586949662
16459,development,1,0.11997883560315996
16460,development,0,0.031786507233914726
16461,holdout,0,0.3103410126927494
16462,development,1,0.08885576749931864
16463,holdout,0,0.13651703673382945
16464,development,0,0.08590171585172214
16465,development,0,0.07793309049861852
16466,development,0,0.1051945246121931
16467,development,0,0.46740356387034226
16468,development,0,0.10787481095610356
16469,holdout,1,0.11048179184228472
16470,holdout,0,0.20564684767144187
16471,development,1,0.718544345749916
16472,development,0,0.14327721901858786
16473,development,0,0.2004159223480155
16474,development,0,0.13824463092654232
16475,holdout,0,0.20295791496720691
16476,development,1,0.10245621738396306
16477,development,0,0.11960628178178707
16478,development,1,0.24451476797909066
16479,holdout,0,0.15372248684286455
16480,development,0,0.13718073259921076
16481,development,0,0.15800682212432793
16482,holdout,0,0.12904133823519176
16483,holdout,0,0.16837488013196303
16484,development,1,0.10459076771646408
16485,development,0,0.11021010225905098
16486,development,0,0.09643044976371672
16487,development,0,0.17840543020695618
16488,holdout,0,0.14626470229115413
16489,holdout,0,0.12707492524497632
16490,development,0,0.30877716063990523
16491,holdout,1,0.3851501825885414
16492,development,0,0.1658310065410708
16493,development,0,0.12197428916721831
16494,holdout,0,0.11619505581464831
16495,holdout,0,0.15041379044937034
16496,development,1,0.40780074413783457
16497,development,0,0.48647868293097
16498,holdout,0,0.11336783167035223
16499,development,0,0.18068620990363876
16500,development,0,0.23161703326553873
16501,development,1,0.7369238756956975
16502,holdout,1,0.8764714831782285
16503,development,0,0.11165417320621104
16504,development,1,0.16927358052875022
16505,development,1,0.14128836085351532
16506,development,0,0.20938935538511938
16507,development,1,0.1890680940328599
16508,development,0,0.5066629452100644
16509,development,1,0.19384863138321423
16510,development,0,0.42294122600952716
16511,holdout,0,0.15265253278697377
16512,holdout,1,0.2921253232507703
16513,development,0,0.16297117333572536
16514,development,0,0.11399626897120635
16515,development,1,0.5995660908501635
16516,holdout,1,0.1281885785867553
16517,development,1,0.5342649269992483
16518,development,0,0.11580731714909301
16519,development,1,0.7179405568210417
16520,development,0,0.11027624365040138
16521,development,1,0.13733750676163345
16522,holdout,1,0.15842383913829067
16523,development,0,0.08720547395249868
16524,development,1,0.5091014084914458
16525,holdout,0,0.16233086313812714
16526,development,0,0.190229779833373
16527,holdout,0,0.13634284853158052
16528,holdout,1,0.6821379548697031
16529,development,0,0.12914899402782715
16530,development,1,0.3983744284242019
16531,development,0,0.6824477409961037
16532,holdout,0,0.12793544358668513
16533,development,0,0.10776733669106989
16534,holdout,0,0.11819926477117478
16535,holdout,0,0.15386058111586387
16536,holdout,0,0.14686279280309167
16537,development,1,0.39899326171952276
16538,development,1,0.5429594192558022
16539,holdout,0,0.15446818301097281
16540,development,1,0.14364548204873348
16541,development,0,0.17195518212127187
16542,holdout,0,0.7082308327444459
16543,development,1,0.26361612635459386
16544,development,0,0.13157937722820412
16545,development,0,0.15020598435100538
16546,development,0,0.0854440913023759
16547,development,1,0.25534624466477673
16548,development,0,0.08295295958605241
16549,development,1,0.697773236126062
16550,development,0,0.24279609978144362
16551,holdout,0,0.17984702409386072
16552,holdout,0,0.0897393859157786
16553,development,0,0.11646890856106772
16554,development,0,0.12829371907472834
16555,development,0,0.14944689918592854
16556,development,0,0.2597742274583747
16557,development,0,0.14945028169629224
16558,development,0,0.12552989392812455
16559,development,0,0.38776132032053084
16560,development,1,0.6676966297467111
16561,development,1,0.25495765034507994
16562,holdout,0,0.5299660822576443
16563,development,0,0.3430246835749536
16564,holdout,0,0.15903913579601459
16565,development,0,0.24330735956464025
16566,development,1,0.7331489542165537
16567,development,0,0.16338800649305799
16568,holdout,0,0.15543540117452717
16569,development,0,0.38717100244512404
16570,development,0,0.8803237794499271
16571,development,1,0.7274168982772267
16572,development,0,0.08396164751026731
16573,development,0,0.09905287228779243
16574,development,1,0.09643095068853828
16575,development,0,0.12206709916866132
16576,development,0,0.18965423356518088
16577,development,0,0.07523253296761705
16578,holdout,1,0.18399734145843422
16579,development,1,0.5136886374302266
16580,holdout,0,0.15938182197756823
16581,holdout,1,0.8002577409360297
16582,development,1,0.6097556014857847
16583,development,0,0.10807482608164216
16584,development,0,0.13618833069510386
16585,development,0,0.11180401173050301
16586,development,1,0.1887563649887538
16587,development,1,0.2129858572688329
16588,development,0,0.13218536036108797
16589,development,1,0.14403004123589128
16590,holdout,0,0.10874241182696513
16591,development,1,0.7517303705344653
16592,development,1,0.13411499618851497
16593,development,0,0.08293749000540025
16594,development,1,0.4823149890935885
16595,development,1,0.5567189640390037
16596,development,0,0.11003548924869828
16597,development,0,0.12884503163988792
16598,holdout,0,0.17332969112468097
16599,development,0,0.10926966970557088
16600,development,0,0.06614405762363205
16601,development,0,0.1218420200698704
16602,holdout,0,0.10757840793785448
16603,holdout,1,0.18726934079898158
16604,development,0,0.1098723707638195
16605,development,0,0.12439336071292613
16606,holdout,0,0.28918346456272903
16607,holdout,0,0.17260490560730238
16608,development,0,0.07957766007383192
16609,holdout,1,0.37343411937622606
16610,development,0,0.22924565289300808
16611,development,1,0.339725727399329
16612,development,0,0.12982455389486156
16613,development,0,0.12695761879048725
16614,development,1,0.5806717008942491
16615,development,1,0.0941933634223096
16616,development,1,0.18141143665185752
16617,development,1,0.16229376617869049
16618,holdout,1,0.2565382143546669
16619,development,0,0.058252355559513
16620,development,1,0.37830285753515125
16621,development,0,0.11567103070315314
16622,holdout,1,0.5276493183610468
16623,development,0,0.10864969510536623
16624,holdout,0,0.12202236052147908
16625,holdout,0,0.13620520274190667
16626,development,0,0.18379825457201293
16627,development,0,0.10601687467582849
16628,development,1,0.12568467569280348
16629,development,0,0.12500991350853802
16630,development,0,0.1129909780660922
16631,holdout,0,0.12101477014103329
16632,development,1,0.14178302417622757
16633,holdout,0,0.14416015020840245
16634,development,0,0.12512315006258648
16635,development,0,0.22248398333574343
16636,development,0,0.22984275203252677
16637,holdout,0,0.09854470863391333
16638,development,1,0.45897831208627565
16639,development,0,0.09928123143302331
16640,development,0,0.12727201691786483
16641,development,0,0.08467719373904319
16642,development,1,0.3025560093217069
16643,development,1,0.17258943860152726
16644,holdout,0,0.2642020073355242
16645,development,0,0.13850750881150867
16646,holdout,1,0.09160120415822216
16647,holdout,0,0.03558391344036211
16648,development,0,0.14145524643480517
16649,holdout,0,0.12129555361133709
16650,development,0,0.10989286577351948
16651,development,0,0.25552963016808317
16652,development,1,0.18336424181401045
16653,development,1,0.6820768626109169
16654,development,0,0.14560886351981708
16655,holdout,1,0.5138614227612982
16656,holdout,1,0.455828887013963
16657,development,1,0.11762948040288895
16658,holdout,0,0.29356176961622554
16659,holdout,0,0.15599654989679376
16660,development,0,0.17989052514640366
16661,development,0,0.38593573806984194
16662,holdout,0,0.1348287936748364
16663,holdout,0,0.13670679691615856
16664,holdout,0,0.17238392922796358
16665,development,0,0.6819522840474088
16666,development,0,0.547216338827123
16667,development,0,0.4541233564970265
16668,development,0,0.11904769940789857
16669,holdout,1,0.6279189963920334
16670,development,0,0.31604613351573213
16671,development,0,0.1768843718434746
16672,development,0,0.13089215762395875
16673,development,0,0.2953544553541357
16674,holdout,0,0.10890311078010903
16675,development,1,0.32402519937409935
16676,holdout,0,0.26375557926420345
16677,development,0,0.6372850168484551
16678,holdout,0,0.0886781521637647
16679,development,1,0.4561290273838607
16680,development,1,0.4545852707761971
16681,development,0,0.13098392754653337
16682,holdout,0,0.1067903633091618
16683,holdout,1,0.2959098401521378
16684,development,0,0.0816473663446797
16685,development,0,0.12705632349533394
16686,holdout,0,0.0688826812245601
16687,holdout,0,0.17688218600539568
16688,development,0,0.08857723642203953
16689,development,0,0.3397353813559821
16690,development,0,0.15143751012581452
16691,development,1,0.8043402287645224
16692,development,0,0.0790793585559882
16693,holdout,0,0.12521656220369845
16694,development,0,0.1568903252722736
16695,development,0,0.14887453142937665
16696,holdout,0,0.14194605484254075
16697,development,0,0.12963999517567112
16698,development,1,0.19262621419243744
16699,development,0,0.08684840486528396
16700,development,1,0.5716133833988111
16701,development,0,0.12166739827413338
16702,holdout,1,0.287447763354621
16703,development,0,0.4028935458069856
16704,holdout,1,0.45070952448471496
16705,holdout,1,0.5136437659380336
16706,development,0,0.39646562427501386
16707,development,1,0.0704502177131106
16708,holdout,0,0.1388432562909397
16709,development,0,0.42797392808475
16710,holdout,0,0.08108303837931993
16711,development,0,0.22230390908748823
16712,holdout,0,0.22999548142442272
16713,development,0,0.05895241012324876
16714,development,0,0.12481672730957535
16715,holdout,1,0.1606358715391087
16716,development,0,0.18429929293330993
16717,development,0,0.15033628136846564
16718,development,1,0.43676615595326296
16719,development,0,0.19232509963777109
16720,development,0,0.1516700507175306
16721,development,0,0.136701301442355
16722,holdout,0,0.14628587127231626
16723,development,0,0.3214655376635074
16724,development,1,0.30068584582598773
16725,holdout,0,0.09566886318753527
16726,development,0,0.13772441558565346
16727,holdout,0,0.11949999287012578
16728,holdout,0,0.10335248564542943
16729,development,0,0.1631235737692499
16730,development,0,0.19345723576269322
16731,holdout,0,0.10517518743418977
16732,holdout,1,0.2057067704495618
16733,holdout,0,0.2144441605387962
16734,development,0,0.15871631824891227
16735,development,1,0.31518424256808303
16736,development,0,0.11066835085665118
16737,holdout,0,0.12044702492075664
16738,development,0,0.14309979278066082
16739,holdout,0,0.36601176713342604
16740,development,1,0.19680007073819678
16741,holdout,0,0.48291384966308915
16742,holdout,0,0.13893297132304003
16743,development,0,0.11551467534939988
16744,holdout,1,0.8583472037833512
16745,development,0,0.13436737123361558
16746,holdout,0,0.06540340681918012
16747,development,0,0.1349982260004927
16748,development,0,0.1507579516422191
16749,holdout,1,0.25305805241997803
16750,development,0,0.10608774718402646
16751,holdout,0,0.016390238362432037
16752,development,1,0.42894410201597905
16753,development,0,0.17373189553507337
16754,development,1,0.10382900399962208
16755,development,0,0.14249890164326046
16756,holdout,1,0.07164113186424143
16757,development,0,0.15002580751268207
16758,development,1,0.5995629246143052
16759,development,0,0.0952374568563208
16760,development,1,0.7378766507972908
16761,development,0,0.1986957427587661
16762,development,0,0.13018727724122472
16763,holdout,0,0.6190406320560723
16764,holdout,1,0.6724579863506382
16765,holdout,1,0.6702857705185533
16766,development,1,0.4048193279942413
16767,development,1,0.4926256577439504
16768,development,0,0.6269168361205989
16769,development,0,0.15218473192866613
16770,development,0,0.10366178309754612
16771,holdout,0,0.37760132637851057
16772,development,1,0.2792792872314196
16773,holdout,0,0.1207583051846674
16774,development,0,0.13670524298871495
16775,holdout,0,0.04859906386068676
16776,holdout,1,0.11908173545651449
16777,development,0,0.15261478532151904
16778,development,0,0.17119090747969198
16779,holdout,1,0.7576979910941994
16780,development,1,0.3843636527090603
16781,development,1,0.4656069992261082
16782,holdout,0,0.24081929637248792
16783,holdout,0,0.08500346585676391
16784,development,0,0.11902188699688569
16785,holdout,1,0.15706584236031845
16786,development,0,0.1505007685843526
16787,holdout,0,0.07348343433010705
16788,holdout,0,0.16923407738987628
16789,development,1,0.5646033833746031
16790,development,0,0.16437173721633536
16791,holdout,0,0.7372978371867689
16792,development,0,0.2548927119957984
16793,development,1,0.8560400726366016
16794,development,0,0.08192343045465558
16795,holdout,0,0.17452936370731034
16796,holdout,0,0.2933304046398444
16797,development,0,0.1405177751260274
16798,development,0,0.11847674021097619
16799,development,1,0.1364750865227268
16800,development,0,0.12161530532628193
16801,holdout,0,0.1803470114195238
16802,development,0,0.11153433995116176
16803,development,0,0.20712228173655908
16804,development,0,0.12615850651263336
16805,development,1,0.47651934075889046
16806,development,0,0.12754461691670524
16807,development,1,0.1937277856358474
16808,development,1,0.3375353244625434
16809,holdout,0,0.647755190938515
16810,development,0,0.057217566554570304
16811,development,1,0.7511033825218962
16812,development,0,0.14495269708717057
16813,development,1,0.4062127341604936
16814,development,0,0.11547683965185625
16815,development,0,0.17114564267683707
16816,holdout,0,0.11335456422099455
16817,development,0,0.2960838009181895
16818,holdout,0,0.1960139829308788
16819,holdout,1,0.15352122395274803
16820,development,0,0.2946057166375142
16821,development,0,0.0781516930279442
16822,development,0,0.10451497923194138
16823,development,1,0.11905126648798556
16824,holdout,0,0.13323615923725118
16825,development,0,0.11783963190093073
16826,development,1,0.6363405481259217
16827,development,0,0.23856411336162567
16828,development,1,0.11710893391423705
16829,holdout,0,0.0875361774702437
16830,development,0,0.20918173613707058
16831,holdout,0,0.14700829421886177
16832,development,0,0.12180773167604242
16833,development,0,0.11444555880124835
16834,development,0,0.18105695872107
16835,development,0,0.11630937501854725
16836,holdout,0,0.04892026800598399
16837,development,0,0.13512198467639439
16838,holdout,0,0.08860254069348064
16839,development,0,0.03581694343941941
16840,development,0,0.06103564859364783
16841,holdout,0,0.17780376932726016
16842,development,0,0.17533876477407223
16843,development,0,0.708075510462928
16844,holdout,0,0.3535623554684836
16845,holdout,0,0.12080687657624284
16846,development,0,0.11475000172303515
16847,development,0,0.2561304794741391
16848,development,1,0.39668747972428775
16849,development,0,0.16362673207685832
16850,development,0,0.3203108918514276
16851,development,1,0.7486216686501365
16852,holdout,0,0.14597974546004208
16853,development,1,0.4992358878706957
16854,development,1,0.1896859524475312
16855,development,1,0.4256907948277469
16856,holdout,0,0.08337398981339594
16857,development,0,0.2987179474058588
16858,holdout,0,0.08125427450894694
16859,development,0,0.11705772775556618
16860,holdout,0,0.13359856875151382
16861,development,1,0.08276242600237667
16862,holdout,0,0.12260608545146123
16863,development,1,0.3630809781983711
16864,development,0,0.12538836830523445
16865,development,0,0.1079894456392017
16866,development,0,0.07744278027678521
16867,holdout,0,0.12774792528737777
16868,development,0,0.5038908547547774
16869,development,0,0.112965195131525
16870,development,0,0.24800841957103917
16871,development,0,0.10381003606985978
16872,development,0,0.3077933741124165
16873,development,1,0.14349387573237032
16874,development,0,0.07122280775372114
16875,development,1,0.08083497922597922
16876,holdout,0,0.07900229988856777
16877,holdout,1,0.10202628371094935
16878,development,0,0.11655017698582175
16879,development,0,0.08908724587202545
16880,development,0,0.10638094464023193
16881,development,0,0.13651451358701866
16882,development,0,0.15916778031762932
16883,development,0,0.13871506531275507
16884,development,1,0.3265887486393191
16885,development,1,0.3489219992229603
16886,development,0,0.14168543451583052
16887,development,0,0.12432262753794604
16888,development,0,0.13766126795468275
16889,development,0,0.14182934033852726
16890,development,0,0.1655460031930211
16891,holdout,0,0.11471930035704578
16892,holdout,0,0.10494975984746775
16893,development,0,0.3830622082554743
16894,development,0,0.13344181582483924
16895,development,0,0.10354945933396968
16896,development,0,0.13066969232710446
16897,holdout,0,0.1783611606683748
16898,holdout,0,0.11524670964486504
16899,development,0,0.10517529441728653
16900,development,1,0.5326058733077114
16901,development,1,0.5596325882775443
16902,development,0,0.11255817476899577
16903,development,0,0.20927358401346793
16904,development,0,0.13313970550181636
16905,development,0,0.19332673980695386
16906,development,0,0.02903388330563023
16907,development,0,0.27714134451748673
16908,development,0,0.0921376429352011
16909,holdout,0,0.14016573261920276
16910,development,0,0.09877891491449232
16911,development,1,0.2193545098535459
16912,development,0,0.1124768014326371
16913,development,0,0.13556006421318842
16914,holdout,1,0.6937712023487794
16915,holdout,0,0.13582606995087737
16916,holdout,0,0.1315075249890432
16917,development,0,0.11213540920774417
16918,holdout,1,0.1422031367452245
16919,holdout,0,0.07886402099869055
16920,development,0,0.12463717892103814
16921,holdout,0,0.11879523626618115
16922,holdout,0,0.10988565524657319
16923,development,0,0.16304718376917293
16924,holdout,0,0.1256054835271233
16925,development,1,0.286349234437684
16926,development,0,0.190099015934599
16927,development,1,0.8222766699280057
16928,development,0,0.1148203467651928
16929,development,0,0.08548998153164397
16930,holdout,0,0.14550662883870066
16931,holdout,1,0.3610610459262003
16932,holdout,0,0.12040036930049922
16933,holdout,1,0.5307109642503655
16934,development,0,0.07343540547567126
16935,development,0,0.21086840142715949
16936,development,0,0.12425067956903706
16937,development,0,0.1665524261999016
16938,development,0,0.12944428012811535
16939,development,0,0.0693298214194642
16940,holdout,0,0.15886451826064316
16941,development,0,0.207521670834895
16942,holdout,1,0.13701562649895782
16943,development,1,0.6374978278767728
16944,holdout,0,0.12953465857990615
16945,development,0,0.18324059170433674
16946,development,0,0.7726073511051678
16947,development,1,0.6710090449909946
16948,holdout,0,0.2447719744965545
16949,development,0,0.5650155944009271
16950,development,0,0.1298942988440658
16951,development,0,0.11534409281390598
16952,holdout,0,0.21617268323703584
16953,development,0,0.27212325666437104
16954,holdout,0,0.1565312558539276
16955,holdout,1,0.23022479882678654
16956,development,0,0.3251232777996126
16957,development,0,0.1129634871292366
16958,development,0,0.30906628150291565
16959,development,0,0.14023856465413254
16960,holdout,0,0.11794785015990746
16961,development,0,0.479407398394536
16962,holdout,1,0.21601347896327908
16963,development,0,0.34267697044887235
16964,development,0,0.1554987757143376
16965,development,0,0.197938502266067
16966,development,0,0.19915380474125638
16967,holdout,0,0.23207091685494322
16968,development,0,0.13624378811266152
16969,development,0,0.08829168214853068
16970,development,0,0.14524774350718803
16971,development,0,0.1139518688881814
16972,development,0,0.10615162264698497
16973,development,0,0.138999642408124
16974,development,0,0.27041737431105184
16975,development,0,0.14511593540532983
16976,development,0,0.18855608601503007
16977,holdout,0,0.1869178264289396
16978,development,0,0.17113465823676124
16979,development,0,0.5498940218257857
16980,holdout,1,0.6732392505057165
16981,development,1,0.1374739614108701
16982,development,0,0.2146195523486941
16983,development,0,0.15697787208787511
16984,development,0,0.11522568035462859
16985,development,0,0.22877338722631124
16986,development,1,0.7488502414671231
16987,holdout,1,0.3885990640843853
16988,development,1,0.42800893670712253
16989,holdout,0,0.19886628155983743
16990,development,0,0.3121077296078546
16991,development,0,0.20718780366696213
16992,holdout,0,0.1325314730351612
16993,development,1,0.18980426639067688
16994,holdout,0,0.16022603406780872
16995,holdout,0,0.1399071012798847
16996,development,0,0.18961572343512403
16997,development,0,0.31372633265277666
16998,development,0,0.4424289848215588
16999,development,0,0.1542447035143641
17000,development,0,0.134146838459371
17001,holdout,1,0.1708289265764516
17002,development,0,0.6997791344852207
17003,holdout,0,0.1725642910896992
17004,holdout,1,0.09744472678770727
17005,development,1,0.4361308190448913
17006,holdout,0,0.11656614351249428
17007,development,0,0.09045496232613753
17008,development,0,0.2713948551325515
17009,holdout,0,0.13077283928847663
17010,holdout,0,0.2877937837929032
17011,holdout,0,0.2107958058388465
17012,holdout,1,0.13392116053284947
17013,development,0,0.2256755037044149
17014,development,1,0.5184110202686694
17015,development,0,0.18540351535123192
17016,development,1,0.12661005153976462
17017,holdout,0,0.09172579616915116
17018,development,0,0.460219443640952
17019,holdout,0,0.15941353944326175
17020,holdout,1,0.22885370254619797
17021,development,1,0.10323153330280026
17022,development,0,0.18402248181797476
17023,holdout,1,0.39295950620713965
17024,development,1,0.1438889581832978
17025,development,0,0.18438336006515488
17026,development,0,0.08166724389160951
17027,development,1,0.8115105721162358
17028,holdout,0,0.08417370245241206
17029,development,0,0.37442659175383997
17030,development,0,0.11001966081742506
17031,development,0,0.3254687233126263
17032,development,0,0.22730967152248768
17033,development,1,0.33624946061067307
17034,holdout,0,0.12827411760008756
17035,development,0,0.20051457584930332
17036,development,1,0.5850772406617798
17037,development,0,0.18582979820015927
17038,holdout,0,0.0840892968060598
17039,holdout,0,0.18618431991035025
17040,development,0,0.18965313632380942
17041,development,0,0.0860924929393989
17042,development,0,0.3020802382916733
17043,development,0,0.12395809003629997
17044,development,1,0.7496292876083412
17045,holdout,0,0.6047939834630984
17046,holdout,0,0.1446453767266681
17047,development,0,0.13310089947887854
17048,development,0,0.13582282389222844
17049,holdout,0,0.1352132779532077
17050,development,0,0.6844693060026723
17051,holdout,0,0.10613804481320291
17052,development,0,0.3362914822494663
17053,development,0,0.12737505902338062
17054,holdout,0,0.1861394067201684
17055,development,1,0.6309268976291046
17056,development,0,0.15598235834338528
17057,holdout,0,0.34911322483958684
17058,holdout,0,0.14314190461436155
17059,development,0,0.15176812228155653
17060,holdout,0,0.12226469776457331
17061,development,0,0.19339522228356204
17062,development,1,0.14428484159467578
17063,development,0,0.12139372154692554
17064,holdout,0,0.37365362638798494
17065,development,0,0.10263314033334879
17066,holdout,1,0.7867067206136535
17067,development,0,0.12963408492177034
17068,development,0,0.09194783339686402
17069,development,0,0.17120576210662763
17070,development,1,0.7921551787519584
17071,development,0,0.12874588875135312
17072,holdout,0,0.11984185960036667
17073,development,0,0.10537077712003677
17074,development,0,0.2631740724386476
17075,holdout,0,0.17679429842186667
17076,development,0,0.5998991391777179
17077,development,0,0.16414763594885698
17078,development,1,0.10511468800883378
17079,development,0,0.19017783593123974
17080,development,0,0.310104617701551
17081,holdout,1,0.31674878503488885
17082,development,0,0.16682577950044947
17083,development,0,0.16470500217892814
17084,development,1,0.7666882283424895
17085,development,1,0.15675441986489827
17086,holdout,0,0.23284917242885103
17087,development,0,0.17856226952202828
17088,development,0,0.1530245670850521
17089,holdout,0,0.1672563118882633
17090,holdout,0,0.1407103883162714
17091,holdout,0,0.6266911471677823
17092,holdout,0,0.16286241871417587
17093,development,0,0.11842143623536991
17094,development,0,0.10358446207832502
17095,development,0,0.11758151155241978
17096,development,0,0.13367432921873068
17097,development,0,0.12539162544904917
17098,holdout,1,0.665946667379331
17099,development,0,0.15681457538752774
17100,holdout,1,0.521524015999041
17101,development,0,0.10453482511720737
17102,holdout,0,0.08333652968787703
17103,holdout,0,0.16944065743359496
17104,development,1,0.08625726805297151
17105,development,0,0.1266767491467226
17106,development,1,0.3782610932207283
17107,development,0,0.19282662593258917
17108,development,0,0.2454731762079383
17109,development,0,0.10493417516129616
17110,development,0,0.03352360157298095
17111,development,0,0.1721312226688743
17112,holdout,0,0.1632492811370648
17113,holdout,1,0.1048457382841213
17114,development,1,0.10507023624754167
17115,development,0,0.10358262258989975
17116,development,0,0.3377784870269128
17117,development,0,0.11980593938082322
17118,holdout,0,0.12301633381042713
17119,development,0,0.12711824819187792
17120,development,0,0.08989808670164971
17121,development,0,0.11589166038424552
17122,development,0,0.37059357401964854
17123,development,0,0.07322680578793628
17124,development,0,0.12920813399724787
17125,development,0,0.3727484706075539
17126,development,1,0.11051601981793123
17127,holdout,1,0.1365679071746964
17128,development,1,0.32164090585980565
17129,development,0,0.10250656381345166
17130,development,0,0.1260568356151053
17131,development,0,0.13402452664526376
17132,holdout,1,0.707437177517635
17133,development,1,0.2774805515984243
17134,development,1,0.2844014011926622
17135,development,0,0.10981511571608925
17136,development,1,0.32237460539511564
17137,holdout,0,0.10356467690153777
17138,development,0,0.09420744861717803
17139,development,0,0.10471144958323793
17140,development,0,0.11752434771224933
17141,development,0,0.1898374228543698
17142,holdout,0,0.12408093280260703
17143,development,0,0.1533413695236073
17144,holdout,0,0.18851261923670987
17145,holdout,0,0.12755394844871826
17146,development,1,0.5198767776015144
17147,development,0,0.1089050968288551
17148,holdout,0,0.10741715384568427
17149,development,0,0.11391135779514007
17150,development,0,0.1969187823743423
17151,development,0,0.11953320107196524
17152,holdout,0,0.13962746310338242
17153,development,0,0.1073392305978891
17154,holdout,0,0.09611868166981574
17155,holdout,0,0.1171374543910699
17156,holdout,0,0.1513671157880043
17157,development,1,0.09647453569983301
17158,development,0,0.10295465549723613
17159,development,0,0.11061248651493172
17160,holdout,0,0.534845497477228
17161,development,0,0.0914503443292495
17162,holdout,0,0.10505903986115435
17163,development,1,0.3321343695293557
17164,development,0,0.3580758743028039
17165,development,0,0.1276454767003482
17166,development,0,0.13097727949481894
17167,development,0,0.20611845997866507
17168,development,0,0.07799567998640504
17169,holdout,0,0.16517446684072914
17170,holdout,1,0.7401914140485977
17171,development,1,0.9412544759844632
17172,development,0,0.1770130669709578
17173,holdout,1,0.42544517182828495
17174,holdout,0,0.4656632129962975
17175,development,0,0.11497566014168313
17176,development,0,0.3839906571347996
17177,development,0,0.7379961443365005
17178,development,0,0.20163826500921703
17179,development,0,0.15272516930033694
17180,development,0,0.11422015526131345
17181,development,0,0.14695983638234203
17182,holdout,0,0.3583488371634073
17183,development,1,0.30778877113615244
17184,development,0,0.2959526525617187
17185,development,0,0.11297265171072325
17186,holdout,0,0.1410878210929673
17187,development,0,0.13840885375388975
17188,development,1,0.7996932766038622
17189,development,0,0.14866695508480343
17190,holdout,1,0.6956975864386619
17191,holdout,0,0.2752931568452804
17192,development,1,0.45351926087344946
17193,development,0,0.22146179807413469
17194,development,0,0.1386177340451902
17195,development,1,0.31232291259996314
17196,holdout,0,0.17790123770968622
17197,development,0,0.16205681032196284
17198,development,0,0.1344018992768935
17199,development,0,0.19301087643331832
17200,development,0,0.14905927408679626
17201,holdout,0,0.1751437568345394
17202,development,0,0.49938340638791046
17203,development,0,0.7598184271174963
17204,holdout,0,0.08290302069294433
17205,development,0,0.22644517578109774
17206,development,1,0.3376259115542098
17207,development,0,0.14997084607327424
17208,development,0,0.1685130831336622
17209,development,0,0.16736216833590123
17210,development,1,0.48626281086709394
17211,development,0,0.5200973749909626
17212,development,0,0.1428259729977951
17213,holdout,0,0.1987874145942569
17214,development,0,0.16024051789632082
17215,holdout,0,0.3838953898665693
17216,development,0,0.1477985442874393
17217,holdout,0,0.5318424438013338
17218,holdout,0,0.6488586169791597
17219,development,0,0.13162494572874214
17220,development,0,0.16130801811649018
17221,development,1,0.32410956049712536
17222,development,0,0.09785407686029453
17223,holdout,0,0.11681473571309493
17224,development,0,0.5635769907655543
17225,development,1,0.5351942163247502
17226,development,0,0.1069301554990036
17227,holdout,0,0.13825239821939425
17228,development,0,0.1212236165869682
17229,holdout,1,0.15396380845594348
17230,development,0,0.10865044160421856
17231,development,0,0.10714510050617851
17232,development,0,0.2550796432686374
17233,holdout,0,0.12213450483688187
17234,development,1,0.16980511561562509
17235,development,0,0.242495140751453
17236,development,0,0.10353585802040305
17237,holdout,0,0.1594273043226688
17238,development,0,0.14581394162655945
17239,development,0,0.4582620765352498
17240,development,0,0.1128885710808484
17241,development,0,0.14135451328776374
17242,holdout,0,0.141650408561825
17243,holdout,0,0.30802249744613464
17244,development,0,0.16191790394590116
17245,development,1,0.4780473921362281
17246,development,1,0.13332019756107957
17247,development,0,0.10880280872120404
17248,development,0,0.12900462580029168
17249,development,0,0.1329873803423654
17250,development,0,0.12045509017605535
17251,development,0,0.09237373157840033
17252,development,1,0.14339863190222712
17253,development,0,0.07734363783086731
17254,development,0,0.31211294310365806
17255,development,1,0.396772815515215
17256,development,0,0.17743269160784395
17257,development,0,0.13454567185401942
17258,development,0,0.14809511497022543
17259,development,1,0.11322684265120998
17260,development,0,0.14760061140136108
17261,holdout,0,0.13505668755463474
17262,holdout,0,0.12072540238936864
17263,development,0,0.18342356135648025
17264,development,0,0.08611533383954119
17265,development,0,0.6178691916419317
17266,holdout,0,0.14055258646499252
17267,holdout,0,0.1265903610249277
17268,development,0,0.21118677323463433
17269,development,0,0.1474233325225672
17270,development,0,0.09015124889986259
17271,development,0,0.11388579046561037
17272,holdout,1,0.042645761802078
17273,holdout,1,0.3973301272513957
17274,holdout,1,0.6402765092117432
17275,development,0,0.47327658172418685
17276,development,0,0.5168160618292705
17277,holdout,0,0.20107511712620338
17278,development,1,0.6773664782149709
17279,development,0,0.13284994388604762
17280,holdout,1,0.32990573891339153
17281,holdout,0,0.12755216107463244
17282,development,0,0.28794795162338704
17283,development,0,0.07258056483549169
17284,holdout,1,0.3825766959759363
17285,development,1,0.7297548944518739
17286,development,0,0.06663004067492419
17287,development,0,0.1261336508063511
17288,development,0,0.16538305881070148
17289,holdout,1,0.7506386103748751
17290,holdout,0,0.15889259200485809
17291,holdout,0,0.13327275873527275
17292,holdout,0,0.11990591038031607
17293,development,0,0.050214924300026276
17294,development,0,0.10514048187222338
17295,development,0,0.11821184501298584
17296,holdout,0,0.3187562563688035
17297,development,0,0.3801878348095613
17298,development,0,0.1399535466460015
17299,development,0,0.11329444028745966
17300,development,0,0.1459718818229559
17301,holdout,0,0.13759111574259883
17302,development,0,0.14288252276905536
17303,development,0,0.11614589844387335
17304,development,0,0.1484840796973449
17305,development,1,0.8292639271196558
17306,development,0,0.13391561234964267
17307,holdout,0,0.028921520459480154
17308,development,0,0.1318466894839393
17309,development,1,0.13340376640836216
17310,holdout,1,0.3276050996657413
17311,development,0,0.12863265938247717
17312,development,0,0.24405706510339098
17313,development,0,0.2148233171010461
17314,development,0,0.1415937052372883
17315,development,0,0.08711432536583091
17316,development,0,0.11448095590022644
17317,development,0,0.1309061679730735
17318,holdout,0,0.17411049165689335
17319,development,0,0.12381971075250271
17320,development,0,0.1779779530119543
17321,development,0,0.1346038421215231
17322,holdout,0,0.15490438711101523
17323,development,0,0.16801100201444666
17324,holdout,0,0.30362471244011613
17325,development,1,0.17609469055553387
17326,development,0,0.12366676893197877
17327,development,0,0.23328674833958604
17328,development,0,0.034746484575417874
17329,development,0,0.10600918139746988
17330,development,0,0.09691736582224623
17331,development,0,0.1451271912411478
17332,holdout,0,0.18823144295337144
17333,development,0,0.18576392122518742
17334,holdout,0,0.13912974539933748
17335,development,1,0.4934761571813942
17336,holdout,0,0.3833922137092038
17337,development,0,0.13433507823770782
17338,holdout,1,0.6865824724486848
17339,holdout,0,0.6339341256058839
17340,holdout,0,0.10321843683773499
17341,holdout,0,0.12543698158313507
17342,development,0,0.14681497530050808
17343,holdout,1,0.6983724104379196
17344,holdout,0,0.32587092366557224
17345,development,0,0.25348216133739765
17346,development,0,0.18995762488073736
17347,development,0,0.16188507760972473
17348,development,0,0.1375432813092826
17349,development,1,0.15397700369694592
17350,development,0,0.5353595095610918
17351,holdout,0,0.12243487032498639
17352,development,1,0.4170754803813135
17353,development,0,0.11738340002924251
17354,development,0,0.11052955518660751
17355,holdout,0,0.36075411975833727
17356,development,0,0.08677517766748308
17357,development,1,0.11521690389446276
17358,development,0,0.10789339569826327
17359,development,0,0.11479183041043828
17360,holdout,0,0.06528231417140191
17361,development,0,0.21382150173896136
17362,holdout,0,0.1590302162636759
17363,development,0,0.15271380072876975
17364,development,1,0.3292438607794372
17365,development,1,0.5861185284817638
17366,holdout,0,0.14748949397786976
17367,development,1,0.3300429170589726
17368,holdout,0,0.18615055522963245
17369,development,0,0.08163349149551989
17370,development,0,0.14223816792641902
17371,holdout,0,0.28800529764560484
17372,development,0,0.319242467966418
17373,holdout,0,0.09957594510408628
17374,development,0,0.143671611073113
17375,holdout,0,0.16344243416851909
17376,holdout,0,0.3870778522887878
17377,development,0,0.1457777718924825
17378,holdout,0,0.1373680028521334
17379,development,0,0.08256167136873914
17380,development,0,0.5073039299949135
17381,holdout,0,0.10848848920152213
17382,development,0,0.12582742936617689
17383,development,0,0.09344106896892869
17384,holdout,1,0.16163340908252505
17385,development,1,0.1104222307001137
17386,development,0,0.19854220271639508
17387,holdout,0,0.10046082760176693
17388,holdout,0,0.3036245735043785
17389,development,0,0.12539787878751482
17390,holdout,0,0.11932461754861817
17391,development,0,0.09768174134489091
17392,development,0,0.11244676893134632
17393,development,0,0.2037650020535517
17394,holdout,0,0.09872249222546964
17395,holdout,0,0.12221976241450376
17396,development,0,0.12021222620485045
17397,development,0,0.14670821687410268
17398,development,1,0.3657468549018804
17399,development,0,0.12231216593811862
17400,development,0,0.12556332921136068
17401,development,0,0.09196865264499912
17402,development,0,0.32968709113261296
17403,development,1,0.11418572480442411
17404,development,1,0.5125713339484933
17405,development,0,0.272575996088486
17406,development,0,0.1770131057695555
17407,holdout,0,0.13360433682713954
17408,development,0,0.12791069418450615
17409,holdout,0,0.1249503313518803
17410,development,0,0.1130201287506834
17411,development,0,0.1681026426548982
17412,development,0,0.14799625468894675
17413,development,1,0.749486577710391
17414,development,0,0.18094885562301288
17415,holdout,0,0.1803826454676961
17416,development,1,0.11540954628820714
17417,holdout,0,0.07947339235995926
17418,development,0,0.11429056443946584
17419,development,0,0.10090663729292088
17420,development,0,0.14234976598551122
17421,development,1,0.37229891287483263
17422,development,1,0.28614277372290214
17423,development,1,0.8409780579445705
17424,holdout,0,0.12515037426715137
17425,development,0,0.2993383671697339
17426,development,1,0.33004653022893804
17427,holdout,0,0.11859958693068448
17428,development,1,0.10723542584432136
17429,development,0,0.07858356329479967
17430,development,0,0.2292984047895338
17431,holdout,0,0.1274847789084547
17432,holdout,0,0.14581000928638282
17433,development,0,0.10673680072006826
17434,development,0,0.06565066662306807
17435,development,0,0.2013646043301505
17436,development,0,0.10235655152255191
17437,development,1,0.3243794085741925
17438,development,0,0.1766193056874698
17439,holdout,0,0.14075474396168852
17440,development,1,0.40451641527313453
17441,development,0,0.12783220096501569
17442,holdout,1,0.14621753876428847
17443,development,0,0.13072170155609056
17444,development,0,0.6845773952909256
17445,development,0,0.167091764941538
17446,holdout,0,0.15881239351016593
17447,development,1,0.1459999065494476
17448,development,0,0.1337322018538848
17449,development,1,0.1198947997024121
17450,development,0,0.09793773084033502
17451,holdout,1,0.5892338557191695
17452,development,0,0.12612774284767353
17453,development,0,0.10017468691147048
17454,holdout,0,0.3684967119791424
17455,holdout,1,0.13426062173482842
17456,development,0,0.12032227924187208
17457,development,0,0.12230495222356452
17458,development,0,0.29300811713254277
17459,development,0,0.10654747581557678
17460,development,0,0.0965653861576517
17461,development,0,0.17506146424063354
17462,holdout,0,0.17198448458417695
17463,development,1,0.2029215715157497
17464,development,0,0.3390309166735203
17465,holdout,0,0.13600543732221124
17466,holdout,0,0.18163054226162953
17467,development,0,0.47185364901450344
17468,development,0,0.12698400397693302
17469,development,0,0.12808100940056052
17470,development,0,0.18146701516063782
17471,development,0,0.14968626511265473
17472,holdout,0,0.1441091407164539
17473,holdout,0,0.10688586464575606
17474,holdout,0,0.11657408162761516
17475,development,0,0.14985395840691876
17476,holdout,0,0.17855233374994867
17477,holdout,0,0.47689228747731016
17478,development,0,0.11051951129292269
17479,development,0,0.11405030958913305
17480,development,0,0.10164684831773378
17481,development,1,0.27724115741853517
17482,holdout,0,0.10496747700755098
17483,development,1,0.1274137912378699
17484,development,1,0.15557533953165792
17485,development,1,0.6497774808412463
17486,development,0,0.11957134544328148
17487,development,0,0.12063100492572061
17488,holdout,0,0.2531181951455416
17489,development,0,0.18621507286311104
17490,development,0,0.12465765589749367
17491,holdout,0,0.16859478019537136
17492,development,1,0.3644506294832512
17493,development,1,0.5601290253229891
17494,development,0,0.13700056535589733
17495,development,0,0.09705982348874849
17496,development,0,0.10713324402713732
17497,holdout,0,0.08032431435480011
17498,development,0,0.11927603722023361
17499,development,0,0.1128920856884292
17500,holdout,0,0.18421854693813255
17501,development,1,0.692702448998674
17502,development,0,0.11950279769762245
17503,development,1,0.5556081436151599
17504,holdout,0,0.24363223809314466
17505,development,0,0.14683163595852416
17506,holdout,1,0.1537453708798575
17507,holdout,0,0.06121073915958218
17508,development,0,0.11301413027258878
17509,holdout,0,0.13127368225786223
17510,development,0,0.05887853223157731
17511,holdout,0,0.13875155877633233
17512,holdout,0,0.18473136972406412
17513,development,0,0.12402965308321405
17514,holdout,0,0.2953979172947247
17515,development,0,0.11009040498255697
17516,development,0,0.1403821770444126
17517,development,0,0.1287755238276294
17518,development,1,0.45210884599601403
17519,development,1,0.20701969707689188
17520,development,0,0.12531000321369917
17521,development,0,0.22100542878680351
17522,development,1,0.07371220710834299
17523,holdout,0,0.12445735050601972
17524,development,1,0.32029458714252956
17525,holdout,0,0.174171790950855
17526,development,0,0.10930552707577387
17527,development,1,0.2390669854845633
17528,development,0,0.11244657699138934
17529,development,0,0.11256423088784462
17530,holdout,1,0.08268506327808736
17531,development,0,0.10566446743580524
17532,development,0,0.20481651846584373
17533,development,0,0.09934245820031996
17534,development,0,0.14656769545755136
17535,development,0,0.08060633728775013
17536,development,1,0.15347273498146696
17537,development,1,0.8311864389348073
17538,holdout,0,0.11376393733234957
17539,development,0,0.09801446273514945
17540,development,0,0.11160052455830871
17541,development,0,0.1199864089691045
17542,development,0,0.1269929742626989
17543,development,0,0.061533093088619505
17544,development,0,0.09872157444051699
17545,development,0,0.14037269569174257
17546,development,1,0.3392401347915259
17547,holdout,0,0.11835780752958042
17548,development,0,0.49673248572208684
17549,holdout,0,0.11219855852654631
17550,holdout,0,0.10756539298903965
17551,development,1,0.1467438731330415
17552,development,0,0.12032209576299648
17553,holdout,0,0.22114494916362443
17554,development,0,0.24251342706567983
17555,development,1,0.3540011034764653
17556,development,0,0.10520434613529242
17557,development,0,0.29957906703855147
17558,development,0,0.09193005203744677
17559,development,0,0.09793998627076828
17560,development,0,0.15737029389637525
17561,development,0,0.15055417888780334
17562,development,0,0.15012372946474614
17563,holdout,0,0.11696886398230841
17564,development,0,0.1406915709057685
17565,development,0,0.07938239544213017
17566,development,0,0.1951400573935121
17567,development,0,0.11825724533592896
17568,holdout,0,0.11662126608966401
17569,holdout,0,0.3054544677300601
17570,development,0,0.07653877014740786
17571,holdout,0,0.13918466129395962
17572,holdout,0,0.1291259017649214
17573,development,0,0.09837457432954771
17574,development,1,0.12964980853951757
17575,development,0,0.3446658035995902
17576,development,0,0.14935404423459694
17577,development,0,0.11357178925829667
17578,holdout,1,0.14063014227034717
17579,holdout,0,0.25989420527953727
17580,development,0,0.24592550221506398
17581,holdout,0,0.1186829840957402
17582,development,0,0.12788625908433204
17583,holdout,0,0.2502543938590431
17584,development,1,0.15742022893904917
17585,development,0,0.35150540105707123
17586,holdout,0,0.30631670037218683
17587,holdout,0,0.14691342842015806
17588,development,0,0.11506724079216245
17589,development,0,0.12451458524361575
17590,development,0,0.10429561282106724
17591,holdout,0,0.18429520145953746
17592,development,0,0.13916882820444781
17593,development,0,0.17090615348213153
17594,development,0,0.09312281381402128
17595,development,0,0.12221892679441301
17596,development,0,0.11529168254330088
17597,development,0,0.14354743653679647
17598,development,0,0.11903116343301397
17599,development,0,0.03966950149242746
17600,development,0,0.11033575161157927
17601,development,0,0.11689759952406249
17602,development,0,0.12193246448270517
17603,holdout,0,0.10944503643865201
17604,development,0,0.11564227631106136
17605,holdout,0,0.11656200233486698
17606,development,0,0.1290874144227138
17607,development,0,0.2987162905205101
17608,development,0,0.5228440035087415
17609,development,0,0.15159553833018094
17610,development,0,0.07712058303644063
17611,development,0,0.38180001937212626
17612,holdout,0,0.3613644843052268
17613,development,0,0.10075302225948952
17614,development,0,0.08733837655492156
17615,development,0,0.12393822082183277
17616,development,0,0.13964628203018048
17617,development,0,0.1406359100482921
17618,development,0,0.32753279399158325
17619,holdout,1,0.09308584802994972
17620,holdout,0,0.1070932693727718
17621,development,1,0.14833088429765032
17622,development,0,0.09125131065986702
17623,development,0,0.11472927815382637
17624,holdout,0,0.13909251250925544
17625,development,0,0.12595964033760637
17626,development,0,0.1402206616877615
17627,development,0,0.1034637032665753
17628,development,0,0.17401739798886914
17629,holdout,0,0.13619436564403092
17630,holdout,0,0.17278949936897567
17631,holdout,0,0.4236397893213044
17632,holdout,0,0.10329886775811419
17633,development,1,0.5642527591241715
17634,development,0,0.29745811109497644
17635,development,1,0.06952135075144472
17636,holdout,0,0.163489291443531
17637,holdout,0,0.10861690844800925
17638,development,0,0.13496239820180436
17639,development,0,0.0718877940225356
17640,holdout,0,0.13996482390216008
17641,development,0,0.3136203891430852
17642,development,0,0.10813484647002795
17643,development,0,0.11442851646260485
17644,development,1,0.3327609219723384
17645,development,1,0.6756353222097271
17646,development,0,0.074507830209491
17647,development,0,0.11336276157521548
17648,holdout,0,0.2696821406445756
17649,holdout,0,0.11935443995976872
17650,development,0,0.117245543659215
17651,holdout,0,0.15392475578863948
17652,holdout,1,0.14193381177564654
17653,development,0,0.1539919948514486
17654,development,0,0.11638167685469376
17655,development,0,0.19419405155941366
17656,development,0,0.11720765609811071
17657,development,0,0.12977826607884094
17658,development,1,0.6029762953861096
17659,development,0,0.12382225244827394
17660,holdout,0,0.16022241691038502
17661,development,0,0.09459746995618741
17662,holdout,1,0.35526418314905783
17663,development,0,0.37338653864683696
17664,development,0,0.07498532666916757
17665,development,0,0.1132323566423989
17666,development,0,0.2166206476763199
17667,development,1,0.2583944069078259
17668,development,0,0.1746862522769425
17669,holdout,0,0.11834039877240174
17670,development,0,0.1550423216814269
17671,development,1,0.10650774577588863
17672,holdout,0,0.11257043167926438
17673,development,0,0.09528144794972769
17674,development,0,0.3936323015127333
17675,development,0,0.43634324376494144
17676,development,0,0.12477692027231387
17677,holdout,0,0.14820531644124474
17678,development,0,0.3254467995138985
17679,development,0,0.12140889356711508
17680,holdout,0,0.1300466137003256
17681,development,0,0.10625392124897265
17682,development,0,0.14426671978214026
17683,holdout,0,0.32119582303710986
17684,development,1,0.07513418009303312
17685,development,0,0.14694474389115025
17686,development,0,0.08037528982088868
17687,development,0,0.1266678901088098
17688,holdout,0,0.07026964037412778
17689,holdout,0,0.08248706593805237
17690,development,1,0.28115449027770645
17691,development,0,0.13043264936718874
17692,holdout,0,0.1648103603866687
17693,holdout,0,0.1289214793092394
17694,development,0,0.07909536794739752
17695,holdout,0,0.10840017024978647
17696,development,0,0.0966449163891465
17697,development,0,0.26641408529111826
17698,development,1,0.3261483840390284
17699,holdout,0,0.37317309785958086
17700,development,0,0.14998866619051093
17701,holdout,0,0.184823667515162
17702,development,0,0.1140489562149624
17703,development,1,0.5264520352499726
17704,development,0,0.1950615609940769
17705,development,0,0.13693624656939485
17706,development,0,0.14796940313973936
17707,development,1,0.1453422113826029
17708,holdout,1,0.3083845923116369
17709,holdout,1,0.10733937758697346
17710,development,0,0.08000857073973806
17711,holdout,0,0.1746451168911906
17712,development,0,0.05620454577142913
17713,holdout,0,0.06686355424231301
17714,holdout,0,0.14725297249063013
17715,development,0,0.06063295316100028
17716,holdout,0,0.0971497928653784
17717,development,0,0.1611550141436545
17718,development,0,0.10725161631978691
17719,development,0,0.08210348101827855
17720,holdout,1,0.1647727797754956
17721,development,0,0.11648976981030713
17722,development,0,0.2858942292000797
17723,development,0,0.14378400215427134
17724,development,0,0.14325177641656098
17725,development,0,0.1551414132032257
17726,development,0,0.18278383785652383
17727,holdout,0,0.12943361472445722
17728,development,0,0.1801506593616701
17729,development,1,0.15779854359655165
17730,holdout,0,0.1660294874491537
17731,development,0,0.18780707775632452
17732,holdout,0,0.1539435349962651
17733,development,0,0.12374039466379669
17734,development,0,0.15343245447780673
17735,development,1,0.16641572662844425
17736,development,0,0.1207893473772941
17737,development,0,0.10899359167238154
17738,development,0,0.0851292701554007
17739,holdout,0,0.1067122316509224
17740,development,0,0.18834869501552898
17741,development,0,0.1383609705476379
17742,development,0,0.08324109600821591
17743,holdout,0,0.09929447411096819
17744,development,1,0.2534371027556821
17745,holdout,0,0.171789507633911
17746,development,0,0.11085288369106636
17747,holdout,0,0.18704364770056425
17748,development,0,0.09057845326142679
17749,holdout,0,0.1265440665994679
17750,development,0,0.15994632236524756
17751,holdout,0,0.11853083771813543
17752,holdout,0,0.07645646852227246
17753,development,0,0.09856415231717758
17754,holdout,0,0.1428508323002758
17755,development,0,0.1292417745221017
17756,development,0,0.13991964251531597
17757,development,0,0.11036825403786253
17758,development,0,0.18136725130847497
17759,development,0,0.5889306425321261
17760,development,0,0.1702072935880705
17761,holdout,1,0.1961935944957751
17762,holdout,0,0.12877720262743586
17763,holdout,1,0.13820712797434387
17764,development,1,0.14839839880055808
17765,development,0,0.1791465709347569
17766,development,0,0.07163032110852485
17767,holdout,1,0.07988673898688622
17768,holdout,0,0.09176943964744264
17769,development,0,0.11419220221791754
17770,holdout,1,0.06255600410215136
17771,holdout,1,0.44032483324939725
17772,holdout,0,0.09144809596782486
17773,development,0,0.13592066673778994
17774,development,0,0.27024235091004783
17775,holdout,1,0.10325064530372033
17776,development,0,0.11372068721319546
17777,development,0,0.07363310235023311
17778,development,0,0.13201431209245656
17779,development,0,0.12419665405517234
17780,development,0,0.1138796474089318
17781,development,0,0.11789909100362056
17782,holdout,0,0.11859016599893522
17783,holdout,0,0.11111523457330393
17784,development,0,0.032893191577471156
17785,holdout,0,0.11290167253169375
17786,development,1,0.08391491757540247
17787,holdout,0,0.13026513025878764
17788,holdout,1,0.1573967279716495
17789,holdout,1,0.11443963027605088
17790,development,0,0.07865747992549413
17791,holdout,0,0.1120747748153304
17792,development,0,0.09710736250352535
17793,holdout,0,0.11444196147414616
17794,development,1,0.6827147291862785
17795,development,1,0.5395745502497881
17796,development,1,0.5125368987550061
17797,development,0,0.2364453493775451
17798,development,0,0.14244624562705668
17799,holdout,0,0.10932014287067862
17800,development,0,0.13282277580991794
17801,development,0,0.12009080659296127
17802,holdout,0,0.1032742701101958
17803,development,0,0.07471525649013784
17804,development,0,0.1026657489670972
17805,development,0,0.12179718968002252
17806,development,0,0.1455710784847127
17807,development,0,0.1127601336292602
17808,development,1,0.23795651796278355
17809,development,0,0.09865098176995879
17810,holdout,0,0.1524970693431553
17811,development,0,0.7085407261328697
17812,development,0,0.12286293566084398
17813,holdout,0,0.16923035610838189
17814,development,0,0.09846869723531952
17815,development,1,0.2983955985506563
17816,holdout,0,0.24960604108838133
17817,holdout,0,0.2859750561522782
17818,holdout,0,0.02071379709310597
17819,development,0,0.10328116999570396
17820,development,0,0.11506587400067546
17821,development,0,0.10300336595391314
17822,holdout,0,0.1299540017515768
17823,development,1,0.15154820467332786
17824,holdout,0,0.3646303506961456
17825,development,0,0.31362532280866334
17826,development,0,0.11718566590518797
17827,development,0,0.1254416311468282
17828,development,0,0.28380846245582675
17829,development,0,0.11274198746920475
17830,development,1,0.083900312781308
17831,development,0,0.10546083584118454
17832,development,0,0.11346383885556424
17833,development,0,0.31813338845752864
17834,development,0,0.12402131223184677
17835,development,0,0.12124938600396765
17836,holdout,0,0.1278031614684746
17837,holdout,0,0.14342744155248885
17838,development,0,0.09864120165002596
17839,development,0,0.11425649364745995
17840,holdout,0,0.3849933325293414
17841,development,0,0.4326502689496106
17842,development,0,0.09096362068219994
17843,development,0,0.05135260985128206
17844,development,0,0.10324140604330623
17845,development,0,0.11927050443505223
17846,development,0,0.1229256466250988
17847,development,0,0.16205879182349522
17848,development,0,0.14127769309640067
17849,holdout,0,0.10823817584315511
17850,holdout,0,0.4202965919780134
17851,development,0,0.12131630724414569
17852,development,0,0.07555114327001627
17853,holdout,0,0.08139506651766404
17854,holdout,0,0.08175375833780706
17855,development,0,0.15148310609396942
17856,development,1,0.31828823618769475
17857,holdout,0,0.11859745790120234
17858,development,0,0.14608274444579944
17859,development,0,0.10915149269080374
17860,development,0,0.11968145088970694
17861,development,0,0.12817923568770093
17862,development,0,0.11693601603956096
17863,development,0,0.10984624491842682
17864,development,1,0.44213977259985393
17865,holdout,0,0.1116711455835029
17866,holdout,0,0.09227729705247961
17867,development,0,0.08384562585041698
17868,development,0,0.07106982164468244
17869,development,0,0.1514101456591687
17870,holdout,0,0.10770295094457072
17871,development,1,0.11820233825312382
17872,holdout,1,0.6911702111814835
17873,development,0,0.1188474224939924
17874,development,0,0.15653992761837027
17875,development,1,0.15194150642482668
17876,development,0,0.09872581295132256
17877,development,1,0.36165690939442924
17878,development,0,0.06885976749800518
17879,development,0,0.14768534341334158
17880,holdout,0,0.1318947465095263
17881,development,0,0.103261673712886
17882,development,0,0.10493982596854103
17883,holdout,0,0.07263016252089624
17884,holdout,0,0.10757454890514093
17885,development,0,0.029001326158069492
17886,development,1,0.701927418209709
17887,development,0,0.3220808398684321
17888,development,0,0.11957249565492781
17889,development,0,0.11877652582788725
17890,development,0,0.11422929611124197
17891,development,0,0.12700690191587385
17892,holdout,0,0.11026644732764578
17893,holdout,1,0.19669745105584296
17894,development,0,0.163573833831964
17895,development,1,0.6922446450917399
17896,development,0,0.6447666440942977
17897,development,0,0.5815426094125252
17898,holdout,0,0.12080717110420036
17899,development,0,0.12720554894749037
17900,development,0,0.593410066148995
17901,development,0,0.14391105762958165
17902,holdout,1,0.14132640716588737
17903,development,0,0.0972926494191824
17904,development,0,0.14743215400286164
17905,holdout,0,0.12548678856964138
17906,development,0,0.3956168932258738
17907,holdout,0,0.34625065801335925
17908,development,0,0.1330715757563378
17909,development,0,0.09781478697487309
17910,development,1,0.40461142434298975
17911,development,0,0.1688355473174999
17912,development,0,0.12028782290455561
17913,development,0,0.1221595064506093
17914,development,0,0.6993458004121963
17915,development,0,0.12095958085085864
17916,holdout,0,0.13137592968497422
17917,holdout,0,0.2221593548827179
17918,development,1,0.08657906070573175
17919,development,0,0.11151279402376305
17920,development,0,0.07094279408434848
17921,development,0,0.1516316711715316
17922,development,0,0.15526640391330518
17923,holdout,0,0.16326529897262387
17924,development,0,0.17595348883189185
17925,development,0,0.2036432760855954
17926,development,0,0.10276803503217945
17927,holdout,0,0.101231329580594
17928,development,0,0.16604971623006243
17929,development,0,0.18378048720875567
17930,development,0,0.7037436219419662
17931,holdout,0,0.17403483425391725
17932,holdout,1,0.0404247332549897
17933,development,0,0.63078491734281
17934,development,0,0.14405915613976228
17935,development,1,0.7047992908981318
17936,development,0,0.10530640812342185
17937,holdout,0,0.16722969710476626
17938,holdout,1,0.357744550013372
17939,development,1,0.20131231549079254
17940,holdout,0,0.12163288740772529
17941,development,1,0.72148644999444
17942,development,0,0.46095656324117157
17943,holdout,0,0.07142215063032022
17944,development,0,0.27861109685028523
17945,development,0,0.10281612775758855
17946,holdout,1,0.610489924308763
17947,development,0,0.2658248090585498
17948,development,0,0.10615221832235365
17949,development,0,0.1505362506958951
17950,development,0,0.08327209514297913
17951,holdout,0,0.10267578882306905
17952,development,0,0.20702585082017072
17953,development,0,0.10790813446284729
17954,development,0,0.16305811116561064
17955,holdout,0,0.09146934965980298
17956,development,0,0.304535978050237
17957,development,1,0.16284756142945964
17958,holdout,0,0.15320572926673098
17959,holdout,0,0.1333390550058685
17960,development,1,0.5241811431646823
17961,holdout,1,0.1425424095304649
17962,development,0,0.09032675031248492
17963,development,0,0.12284583793259214
17964,holdout,0,0.12471268104397754
17965,development,0,0.11369191994185772
17966,development,1,0.4141667244848897
17967,development,1,0.11818697811736589
17968,development,1,0.05504955752212848
17969,development,0,0.12472332567464385
17970,development,0,0.11998436213302037
17971,development,0,0.10437686149423701
17972,development,0,0.16462708902470727
17973,development,0,0.2065750007768412
17974,development,0,0.12394941832970627
17975,development,0,0.15967013804002161
17976,development,0,0.14202614877179873
17977,holdout,0,0.16117297524680768
17978,development,0,0.16774849514404444
17979,development,0,0.11616086988020319
17980,holdout,0,0.7982631804175592
17981,development,1,0.1647286453726144
17982,development,0,0.15503363846266455
17983,holdout,0,0.0909810040995006
17984,holdout,0,0.023014386478683948
17985,development,0,0.1124180507221892
17986,development,0,0.46010592001611894
17987,development,0,0.03511397286774936
17988,holdout,0,0.18253413965123533
17989,holdout,0,0.12480498118737926
17990,holdout,1,0.18288322360628745
17991,holdout,0,0.20060929616450188
17992,holdout,1,0.7453851636373333
17993,development,0,0.16294633056899188
17994,development,0,0.1362629845074597
17995,development,1,0.4194018483764774
17996,holdout,1,0.33880380719702236
17997,development,1,0.13760862917623298
17998,holdout,0,0.1321308056590388
17999,development,1,0.07784316139139448
18000,holdout,0,0.10011778455560658
18001,development,0,0.19956530488806948
18002,development,0,0.6819053661458657
18003,development,1,0.0604096724217871
18004,holdout,0,0.13395191541499843
18005,development,0,0.31550951169541597
18006,development,1,0.3477602934185904
18007,development,0,0.03264062412827165
18008,development,0,0.08923886829068874
18009,holdout,0,0.15804320729686677
18010,holdout,0,0.15744382261630355
18011,development,0,0.10151552314977844
18012,development,1,0.31683294676670526
18013,holdout,0,0.12828112903827418
18014,development,0,0.11597307183064708
18015,development,0,0.04613769317807158
18016,development,0,0.7117702263108561
18017,development,1,0.07741887826878352
18018,holdout,0,0.3019093097913896
18019,development,0,0.1172169275824229
18020,development,1,0.16674750039444192
18021,development,0,0.10842574323796007
18022,development,0,0.11040658081010345
18023,development,0,0.12451876322252396
18024,development,0,0.10799901555702751
18025,holdout,0,0.08503745829795283
18026,holdout,0,0.14790965108677592
18027,holdout,0,0.11038968230201934
18028,holdout,0,0.11745859342600871
18029,holdout,0,0.0844240715682992
18030,development,0,0.09731213463017024
18031,holdout,0,0.4892277733507832
18032,development,0,0.22681986667284867
18033,development,0,0.11241883548937476
18034,development,0,0.16437298343740836
18035,development,0,0.13965810484556124
18036,development,1,0.1417750215240502
18037,development,0,0.11080581962544452
18038,development,0,0.31473990814570557
18039,development,0,0.07570999582865698
18040,development,0,0.1443800577875655
18041,development,0,0.02229485951732443
18042,development,0,0.10833751575398821
18043,development,0,0.14625133163128032
18044,development,0,0.2915140564024177
18045,development,0,0.13011149752674492
18046,holdout,0,0.40555835140866114
18047,holdout,0,0.11133192971273513
18048,holdout,0,0.12991807801979088
18049,development,0,0.16731640512022583
18050,development,0,0.6619658873759722
18051,development,0,0.1375566486962677
18052,holdout,0,0.07085051162226848
18053,holdout,0,0.08915230913468619
18054,development,0,0.12750977519486614
18055,development,1,0.4353207730370842
18056,development,0,0.2843153747430986
18057,development,1,0.9084226311916737
18058,development,0,0.36465786472883427
18059,development,0,0.1330448044975233
18060,holdout,0,0.6611217621955897
18061,holdout,0,0.12349346836423035
18062,development,1,0.4060031663813134
18063,development,0,0.5455596274231208
18064,development,0,0.0730027409572891
18065,holdout,0,0.1015395065629259
18066,development,0,0.06885713904920177
18067,development,0,0.3042801782617487
18068,holdout,1,0.11559893004550555
18069,development,0,0.16721018138210464
18070,development,0,0.12100909711459666
18071,development,0,0.1661408010718229
18072,development,0,0.08004263633718135
18073,holdout,1,0.11481394919090722
18074,holdout,0,0.16775258405026808
18075,development,0,0.07345221077239131
18076,development,0,0.10524334063957451
18077,holdout,0,0.10701087178706811
18078,development,1,0.18523348171513743
18079,holdout,1,0.6379901018978278
18080,development,0,0.1393978960057714
18081,development,0,0.11627246418325499
18082,holdout,0,0.17972632822759932
18083,holdout,0,0.09122395115512033
18084,holdout,0,0.08534666167983235
18085,development,0,0.14978277061980078
18086,holdout,1,0.7026546413476519
18087,development,0,0.1037919177705581
18088,holdout,0,0.12205062643579279
18089,holdout,0,0.13729067444028664
18090,development,0,0.06977037150136015
18091,development,0,0.08384058172236813
18092,development,0,0.07787947378413654
18093,holdout,0,0.32397471113825504
18094,development,0,0.12572404597385803
18095,development,1,0.12012216493403553
18096,development,0,0.1440135329522913
18097,holdout,0,0.09817269865608277
18098,development,0,0.1321799385436573
18099,development,0,0.06941827176076332
18100,development,0,0.1460158414126906
18101,development,0,0.13043624404041465
18102,holdout,0,0.12694513103654623
18103,development,0,0.07716419695797637
18104,development,0,0.12373213311717474
18105,development,0,0.13671977839912122
18106,development,0,0.4519112182431172
18107,development,0,0.08729570985772286
18108,development,0,0.16159414587479223
18109,development,0,0.08151160999203312
18110,development,0,0.13885959350992463
18111,holdout,0,0.08135359483624678
18112,development,0,0.18535581617575517
18113,development,1,0.1236291530081934
18114,development,0,0.07585969452375885
18115,development,1,0.7512684420930306
18116,development,0,0.2461249400090462
18117,holdout,1,0.31173702001995074
18118,development,0,0.10516207596785739
18119,development,0,0.12647973481501373
18120,holdout,0,0.06942881168266406
18121,holdout,0,0.0855086365009595
18122,development,1,0.607548753802657
18123,holdout,0,0.11065553516379599
18124,development,0,0.16813329515784356
18125,development,0,0.09476341124793664
18126,development,0,0.3085327763640114
18127,development,0,0.048948496554984136
18128,development,0,0.07358223476867908
18129,development,1,0.06996155638075785
18130,development,1,0.10172290392448571
18131,holdout,0,0.11513595039044772
18132,development,0,0.11258591628841541
18133,development,0,0.08398295415922606
18134,holdout,0,0.10188625016327855
18135,development,0,0.12458174024494813
18136,development,0,0.13799528832752198
18137,holdout,0,0.15865180215108823
18138,development,0,0.14530449929179495
18139,development,0,0.09071015539185627
18140,holdout,0,0.12766949393811172
18141,holdout,0,0.8215015050626266
18142,development,0,0.33357152721418054
18143,development,1,0.022214422384297723
18144,development,0,0.02445987658787005
18145,development,0,0.22599223001365254
18146,holdout,0,0.12515809130260733
18147,development,0,0.12522853064537903
18148,development,0,0.15995213419741225
18149,development,0,0.11240418960855798
18150,holdout,0,0.2611567135579147
18151,holdout,0,0.11104769260226348
18152,development,0,0.10085831256560397
18153,development,1,0.0948942685401447
18154,development,0,0.15198886134986364
18155,development,0,0.11714585249764678
18156,holdout,0,0.19783226079442368
18157,development,0,0.3075539148765877
18158,holdout,0,0.12441681515401218
18159,development,0,0.3360172058765241
18160,development,1,0.09823677927829357
18161,holdout,0,0.09543831615749203
18162,development,0,0.13986449200154163
18163,development,1,0.37520564633926334
18164,development,0,0.16482205476960674
18165,holdout,1,0.1550749795409667
18166,development,0,0.13501719709485072
18167,development,0,0.12621835894533068
18168,holdout,0,0.1131805494590473
18169,holdout,1,0.7348369176570801
18170,development,0,0.07088762187820478
18171,development,0,0.08588080339312139
18172,development,0,0.07624867532021094
18173,development,1,0.1295276307823318
18174,holdout,0,0.10382915006620305
18175,development,1,0.1168301825055018
18176,development,0,0.10345562031348848
18177,development,0,0.14893500884091712
18178,development,1,0.30065914643681424
18179,development,1,0.2376044628569779
18180,holdout,0,0.07970067243221476
18181,development,1,0.10983173671121907
18182,development,0,0.1348637773944064
18183,development,0,0.08108788795342094
18184,holdout,0,0.15020054293401783
18185,development,0,0.16058977207107733
18186,holdout,0,0.10281961417987832
18187,development,1,0.13793778410966417
18188,development,1,0.4069611741403403
18189,holdout,0,0.12390763913472734
18190,development,0,0.5775689732741159
18191,holdout,0,0.08822020861703737
18192,development,1,0.5462150274095816
18193,development,0,0.12830082597029985
18194,holdout,0,0.10213575878520814
18195,holdout,0,0.08830422428904726
18196,holdout,1,0.11907922018740813
18197,development,0,0.14741707043073715
18198,development,0,0.0806777591212464
18199,development,0,0.12696968227248057
18200,holdout,0,0.1550010464839366
18201,development,0,0.11409780465637662
18202,holdout,0,0.12509132923211688
18203,development,0,0.1240806876505234
18204,holdout,1,0.4761309714358756
18205,development,0,0.10850843891396153
18206,development,0,0.11153302255439458
18207,development,0,0.1511720607072921
18208,holdout,0,0.036639740129563954
18209,development,0,0.12251661345668646
18210,development,0,0.30636132371067754
18211,development,0,0.5927018076896889
18212,holdout,0,0.16060601349990422
18213,development,1,0.2269166962201424
18214,holdout,0,0.11690772009167741
18215,development,0,0.144950396662946
18216,development,0,0.14095086828878173
18217,development,0,0.11289789035452585
18218,development,0,0.16061282291763185
18219,holdout,0,0.13624586556821497
18220,development,0,0.10813809296884223
18221,development,1,0.36254913225781793
18222,development,0,0.12090894004604079
18223,development,0,0.09277628808754655
18224,development,0,0.15036200130937255
18225,holdout,0,0.18371769896263626
18226,development,0,0.21787352020094997
18227,development,0,0.13651815846541082
18228,development,0,0.08249576953315794
18229,holdout,0,0.12180734822753027
18230,holdout,1,0.15768730039289575
18231,holdout,0,0.1362103245795537
18232,holdout,0,0.1148775081108214
18233,development,0,0.13881687179805727
18234,development,0,0.12743617790246684
18235,development,1,0.07482195932962556
18236,holdout,1,0.15554613792218686
18237,holdout,0,0.1292408047983436
18238,development,0,0.10138736949915479
18239,holdout,0,0.11137467235695808
18240,development,1,0.17556307940514063
18241,development,0,0.09079314429371331
18242,holdout,0,0.12189615204174571
18243,development,1,0.307267554391551
18244,development,0,0.4184524701942912
18245,holdout,0,0.09052074020275962
18246,holdout,0,0.14713787881139814
18247,development,1,0.41163449421758347
18248,holdout,0,0.13488579268111228
18249,holdout,0,0.10086414002394684
18250,holdout,1,0.37755235377496044
18251,development,0,0.12155787825045648
18252,development,1,0.25136096815147874
18253,development,0,0.15896129945711754
18254,holdout,1,0.621857435425018
18255,development,0,0.10565550528933657
18256,development,0,0.11199502186670494
18257,development,0,0.12847039227452445
18258,development,0,0.15799047411540026
18259,development,0,0.06957315722279807
18260,holdout,0,0.2052397659440378
18261,development,0,0.32450811640597355
18262,development,0,0.11909510041772331
18263,development,1,0.5215086338093069
18264,holdout,0,0.03235165487699823
18265,holdout,0,0.14033198778459072
18266,holdout,0,0.14361485817307515
18267,development,1,0.6810494855935293
18268,development,0,0.03288519406759693
18269,development,0,0.7012870852918871
18270,development,1,0.1179937373074643
18271,holdout,0,0.1391021042782649
18272,holdout,0,0.1192895708977831
18273,development,0,0.12600444942815292
18274,development,0,0.3286457071206242
18275,development,0,0.08372601139158742
18276,development,0,0.12039033913459363
18277,development,0,0.13144606512474313
18278,development,0,0.13645287450308144
18279,holdout,1,0.10165614868726905
18280,development,0,0.39882461495421234
18281,holdout,0,0.12463816822610446
18282,development,1,0.7195732676881671
18283,holdout,0,0.15735519873115586
18284,development,0,0.2535649992440523
18285,development,1,0.7795268472353784
18286,development,0,0.09358540565792865
18287,development,0,0.13308563515233496
18288,development,0,0.13327067715559418
18289,development,0,0.0801337175346462
18290,development,0,0.09745731684203503
18291,development,0,0.12830148008094033
18292,development,0,0.2626582505057961
18293,holdout,0,0.02057867046707162
18294,holdout,0,0.12043371929246023
18295,development,0,0.09679238058722453
18296,development,0,0.1253061067422392
18297,development,0,0.1473697333794075
18298,development,0,0.15636850615727899
18299,development,0,0.12412311484147646
18300,holdout,0,0.2100174881313488
18301,development,0,0.040528126228162764
18302,holdout,0,0.18245833607035014
18303,holdout,0,0.14356752770683917
18304,holdout,0,0.13049959624205862
18305,development,0,0.1723704792725042
18306,development,0,0.1402790002884105
18307,development,0,0.13779825858336134
18308,holdout,0,0.09191136345208345
18309,holdout,0,0.07917991696731683
18310,development,0,0.08798556113508137
18311,development,0,0.1566529031049075
18312,holdout,0,0.11179721398225619
18313,holdout,0,0.04255320035650829
18314,development,0,0.10182756543028637
18315,development,0,0.10569355624383135
18316,development,0,0.27321623125973193
18317,holdout,0,0.1060245331646882
18318,holdout,1,0.16770131870962277
18319,development,0,0.12027050564551967
18320,holdout,0,0.14557901000554377
18321,development,0,0.25775638302479403
18322,development,0,0.10621299664252315
18323,holdout,0,0.11942709247164343
18324,development,0,0.16642293676788678
18325,development,0,0.135627562867859
18326,development,0,0.11402702875580534
18327,development,0,0.13738832807489249
18328,development,0,0.1345114379228039
18329,holdout,0,0.12896284763494253
18330,development,0,0.1621293854120365
18331,development,1,0.145096146709814
18332,holdout,0,0.27357025474184105
18333,development,0,0.28770613839045533
18334,holdout,0,0.1106393761985931
18335,development,1,0.24390849452840033
18336,development,1,0.3137254165849284
18337,holdout,0,0.07864069526930355
18338,holdout,0,0.19103406449271074
18339,development,0,0.10052261481907493
18340,development,0,0.11766197011607124
18341,holdout,1,0.48540080265204577
18342,development,0,0.07985666726785977
18343,holdout,0,0.1301702268819249
18344,holdout,0,0.08349809218357916
18345,development,0,0.1276109240511327
18346,holdout,0,0.08884788898449536
18347,holdout,0,0.1766378546864134
18348,holdout,0,0.09218477873440585
18349,development,0,0.15918112378329866
18350,development,0,0.09217241679501727
18351,holdout,0,0.11151008231383601
18352,holdout,0,0.07408104124006372
18353,development,0,0.11958195671337807
18354,development,0,0.11521215366934447
18355,development,0,0.15025257865095393
18356,development,1,0.1365291454380484
18357,development,0,0.33209535234549165
18358,development,0,0.14984884680312377
18359,development,0,0.25129145807885733
18360,development,0,0.08056699129193905
18361,development,0,0.1211139164632963
18362,development,0,0.07960232519246094
18363,holdout,0,0.11171345591868366
18364,holdout,1,0.13293953150627638
18365,development,0,0.19683530607144892
18366,development,0,0.1050667923537971
18367,development,0,0.11951213126319768
18368,development,0,0.11851188197044928
18369,holdout,0,0.18326288629368565
18370,development,0,0.03224822987535002
18371,development,1,0.1475338275499139
18372,development,0,0.11663721585521464
18373,development,1,0.8169287139892861
18374,holdout,0,0.10671487731458662
18375,development,0,0.1394857461932705
18376,development,0,0.15964109303463447
18377,development,0,0.09122260153435308
18378,holdout,0,0.13649326770079698
18379,development,0,0.06232429886392568
18380,development,1,0.7006672406451678
18381,development,0,0.31053182858837497
18382,development,0,0.03423167601149334
18383,development,0,0.21221990133955446
18384,holdout,0,0.10681765443000486
18385,development,0,0.07029854955470752
18386,holdout,0,0.1896622796224388
18387,development,0,0.09382784690663604
18388,development,1,0.9633366125660349
18389,holdout,0,0.15179848138776486
18390,development,0,0.021501852720221547
18391,holdout,1,0.12522734172711492
18392,development,0,0.14545729971431176
18393,holdout,0,0.11232141285323027
18394,development,0,0.3053457933877879
18395,development,1,0.35414335826515125
18396,holdout,0,0.24404963857900683
18397,development,1,0.08246044277820544
18398,development,0,0.1814883856983938
18399,development,0,0.13840894332159898
18400,development,0,0.12260824961394629
18401,holdout,1,0.18265088500298535
18402,holdout,0,0.1216548788857539
18403,holdout,0,0.11733074354463661
18404,development,0,0.12405192914010751
18405,holdout,0,0.27757597376490395
18406,development,0,0.130377668956707
18407,development,0,0.1154290050539192
18408,holdout,0,0.10047673772443333
18409,development,0,0.275795557459604
18410,development,1,0.13800475479374516
18411,development,0,0.11698195719212354
18412,development,0,0.10654719827349335
18413,development,0,0.11849745852717275
18414,holdout,0,0.0528497735582142
18415,holdout,0,0.03436628631690868
18416,holdout,0,0.14073491213019793
18417,holdout,0,0.2467414003408754
18418,development,1,0.6228811142532499
18419,development,0,0.12048916974992822
18420,development,0,0.08639154102233337
18421,development,0,0.11780305740489393
18422,development,0,0.09867888782001735
18423,development,0,0.3138093566281703
18424,development,1,0.09062356871762467
18425,development,1,0.07897397299230366
18426,development,1,0.16592632378024055
18427,development,1,0.13044196819665074
18428,development,0,0.23266252140415614
18429,holdout,0,0.13669833878192778
18430,development,1,0.7659125812544837
18431,development,0,0.13010262844514817
18432,development,0,0.07726249112950456
18433,development,0,0.12029519218621554
18434,development,0,0.13043441561870284
18435,holdout,0,0.07752035635248808
18436,development,0,0.11600648036828894
18437,development,0,0.12034174800589657
18438,development,0,0.2148771018860657
18439,holdout,0,0.11424812731242356
18440,holdout,0,0.23247082730104354
18441,holdout,0,0.12110270432299458
18442,holdout,0,0.180741054594557
18443,development,0,0.1174157645012154
18444,holdout,0,0.04857414296944195
18445,holdout,1,0.1576938481851828
18446,development,0,0.18383064385821155
18447,development,0,0.10857382452168753
18448,development,0,0.033173807490912706
18449,development,1,0.21935919850116842
18450,holdout,0,0.13787601180660783
18451,holdout,0,0.1211714710644743
18452,development,0,0.21516317136503332
18453,development,0,0.15976947404388706
18454,development,0,0.32076147396516885
18455,holdout,0,0.14440730921133682
18456,development,0,0.18145422677838782
18457,development,1,0.12002494141885446
18458,development,0,0.12108877166066646
18459,development,0,0.03082806918313096
18460,development,1,0.15266234166512832
18461,development,0,0.14767019718249563
18462,development,0,0.08462544164148446
18463,development,1,0.12357058607732145
18464,development,0,0.26122039110123907
18465,development,0,0.0826152266658025
18466,holdout,0,0.11623401185528602
18467,holdout,1,0.37946676531803386
18468,holdout,0,0.12188801140854975
18469,development,0,0.12286805551437568
18470,development,0,0.2940443604287726
18471,holdout,0,0.09176563028778187
18472,development,0,0.5384998354926901
18473,development,1,0.4691946049339099
18474,holdout,0,0.14423077579034238
18475,development,0,0.5632950846015654
18476,development,0,0.1209848198416597
18477,development,0,0.1518015893711962
18478,holdout,0,0.14458208696571326
18479,holdout,0,0.10973497877128513
18480,development,0,0.12478670372455049
18481,development,1,0.13833600214467606
18482,development,1,0.351670502187005
18483,development,1,0.5074012271543322
18484,development,0,0.13630811438288015
18485,holdout,0,0.6911855762780597
18486,holdout,0,0.13674359089459803
18487,development,0,0.25354146201539535
18488,holdout,0,0.19498058839502233
18489,development,0,0.11916563338452928
18490,development,0,0.12430702498880081
18491,development,0,0.13861237602517912
18492,development,0,0.18003435793582362
18493,holdout,0,0.43941891221083323
18494,development,0,0.31340178447671047
18495,development,0,0.08588847585903817
18496,development,0,0.12973463736858362
18497,development,0,0.1791227948216246
18498,development,1,0.11393400164610243
18499,development,0,0.08933172207202537
18500,development,0,0.232681082198182
18501,development,0,0.15252058251807404
18502,holdout,0,0.11749136070822096
18503,development,1,0.12496063291493631
18504,development,0,0.16015427678359245
18505,development,0,0.07168350363382471
18506,development,0,0.5236182089416013
18507,development,0,0.12595827779003807
18508,development,0,0.14570935175574717
18509,development,0,0.1125150626183835
18510,development,0,0.08706261492224511
18511,development,0,0.1426568434335117
18512,development,0,0.1152682285581439
18513,development,0,0.14040294412761736
18514,development,0,0.1154147591098591
18515,holdout,0,0.1270135694436145
18516,holdout,0,0.01993811919862883
18517,development,0,0.03639155628099758
18518,development,0,0.1180500574609443
18519,development,0,0.6768910167095812
18520,development,0,0.14339431637754588
18521,development,0,0.11218731600895387
18522,development,1,0.16513011337830857
18523,holdout,0,0.12431427982171143
18524,development,1,0.6899778249625593
18525,development,0,0.06222759998299278
18526,development,0,0.17191729681846132
18527,holdout,0,0.13948184886753082
18528,development,0,0.1340400382129475
18529,holdout,0,0.10736808970007415
18530,development,0,0.10878068322388089
18531,development,0,0.07469694691177166
18532,development,0,0.11208205577880916
18533,holdout,0,0.06996317588115217
18534,holdout,0,0.08524822997242416
18535,development,1,0.08664597677915073
18536,development,0,0.41982022617337245
18537,development,1,0.1470684819007839
18538,holdout,0,0.32359590541605426
18539,development,0,0.12980808426097534
18540,holdout,0,0.16811292252830168
18541,holdout,1,0.3711745056520154
18542,development,0,0.13383062225740933
18543,holdout,0,0.42406147239890196
18544,development,0,0.15677447541737513
18545,development,0,0.1273273320904777
18546,holdout,0,0.13321786905787153
18547,development,0,0.11170426565844409
18548,development,0,0.3208789847484491
18549,holdout,0,0.16379977682844737
18550,development,0,0.1401640383539091
18551,development,0,0.1226907726027222
18552,holdout,0,0.16518087597337253
18553,development,0,0.175948881538381
18554,development,1,0.5017632939982161
18555,development,1,0.13477772765593748
18556,development,0,0.08593548469904973
18557,holdout,0,0.15585936636194656
18558,development,0,0.0984891535300229
18559,holdout,0,0.07372223719755569
18560,holdout,0,0.23234646964493036
18561,development,1,0.40483987048616105
18562,development,0,0.25867909975639225
18563,development,0,0.09625899192512895
18564,development,1,0.5737877700465122
18565,development,0,0.13048091417205931
18566,development,0,0.11649208127913155
18567,development,0,0.1591028635035782
18568,holdout,1,0.3396657120792911
18569,development,0,0.12154657689102395
18570,development,0,0.14529442812375515
18571,development,0,0.025718292301233778
18572,holdout,0,0.36458176963546884
18573,development,0,0.097217897891402
18574,development,1,0.1307083707102459
18575,holdout,0,0.11606708361939816
18576,development,0,0.1225753781594905
18577,development,0,0.09387005253555977
18578,development,0,0.1519052062505806
18579,development,0,0.07441142509486734
18580,development,0,0.12468192397791493
18581,development,0,0.5027536063025316
18582,development,0,0.1894120565353886
18583,holdout,0,0.13746963172686386
18584,development,0,0.1460735869529513
18585,development,0,0.09888009117855374
18586,development,0,0.22453582968355712
18587,development,1,0.19076258983960545
18588,holdout,0,0.07707781265558725
18589,development,0,0.09102812558234645
18590,development,0,0.11268122510253518
18591,development,1,0.09423269145582534
18592,holdout,0,0.3112899717041713
18593,development,1,0.09352067027556829
18594,development,0,0.17326790560343452
18595,development,0,0.1261358730669483
18596,development,1,0.2693602525108913
18597,development,0,0.1299708697948327
18598,development,0,0.11686722887731564
18599,development,0,0.10590390091748184
18600,development,0,0.08748186676996568
18601,development,0,0.739550993994641
18602,holdout,0,0.1257507321513726
18603,holdout,0,0.1510294737619323
18604,holdout,0,0.10855267186116249
18605,holdout,1,0.12016061444968987
18606,development,0,0.10944241685658565
18607,development,1,0.20931358735396038
18608,development,1,0.44991794571537574
18609,development,0,0.11904691307227518
18610,holdout,0,0.019740313391410753
18611,development,0,0.10208322376517212
18612,development,0,0.11204352594923749
18613,holdout,1,0.6771131095775001
18614,holdout,0,0.2742303102468648
18615,development,1,0.11316012878190762
18616,development,0,0.13307163835219815
18617,holdout,0,0.13209647597382962
18618,development,0,0.08273346393696962
18619,development,1,0.21345860008699988
18620,holdout,0,0.09966063647236675
18621,holdout,0,0.14227258904569726
18622,development,0,0.12436836149736703
18623,holdout,0,0.08292844866066088
18624,holdout,0,0.07142476031478823
18625,development,0,0.10866506698723834
18626,development,0,0.12906284792153103
18627,development,1,0.06881606055500027
18628,development,0,0.1638836326822082
18629,development,0,0.0841579289486239
18630,development,0,0.6236769960570352
18631,development,0,0.09002277387468403
18632,development,1,0.4107864212588253
18633,development,1,0.41354324028778927
18634,development,1,0.08896363135375181
18635,holdout,0,0.18660938071129685
18636,holdout,0,0.1169794101415696
18637,holdout,0,0.08589897678790279
18638,development,0,0.1388718822759777
18639,holdout,1,0.1251671328925184
18640,development,0,0.13208798327209906
18641,development,1,0.13281604208512862
18642,development,0,0.09502067270777043
18643,development,1,0.8429154391999613
18644,holdout,1,0.279947143342631
18645,holdout,0,0.49510799242459885
18646,development,0,0.10841944262989157
18647,development,1,0.2720918851675552
18648,holdout,0,0.07880661681822945
18649,development,0,0.15707606275149213
18650,development,0,0.11717980705084863
18651,development,0,0.13180075547200998
18652,development,0,0.2130275758982079
18653,holdout,0,0.1126010723014908
18654,development,0,0.11048458002894758
18655,holdout,0,0.11483443847011382
18656,development,0,0.10497423812406535
18657,development,1,0.25594871988264245
18658,development,0,0.17559257805000575
18659,development,0,0.14996713836318643
18660,holdout,0,0.046859289708244455
18661,development,1,0.2707537869805874
18662,holdout,0,0.10983855252221704
18663,development,0,0.13130174326413568
18664,development,0,0.1357273717870002
18665,development,0,0.12288263201717364
18666,development,0,0.07914518489831295
18667,development,0,0.13667722039305488
18668,development,1,0.7121428401800008
18669,holdout,1,0.38337614287340543
18670,development,0,0.08990493523830569
18671,holdout,0,0.09794660445201343
18672,holdout,0,0.13381557780800654
18673,holdout,1,0.07498084434996895
18674,holdout,0,0.1295931063525439
18675,development,0,0.18214840513126818
18676,development,0,0.1566779663641855
18677,development,0,0.10299938530710458
18678,holdout,0,0.1368261809798772
18679,development,0,0.1801604188223365
18680,development,1,0.07660459855931998
18681,development,0,0.0888510940516682
18682,development,1,0.18646357440516387
18683,development,0,0.15964074009558432
18684,holdout,0,0.15405015664809224
18685,development,0,0.13173260596443878
18686,holdout,0,0.3244447651457325
18687,development,0,0.2771403302071273
18688,holdout,0,0.7410742863325421
18689,development,0,0.3453350104769646
18690,development,0,0.12545771739734188
18691,holdout,0,0.1501304620879826
18692,holdout,1,0.08829243748805113
18693,development,0,0.40388863483855736
18694,development,0,0.13082011740885957
18695,development,1,0.4796251903620687
18696,holdout,1,0.3108729288832184
18697,development,0,0.26649621682711006
18698,development,1,0.1756079848513011
18699,holdout,0,0.3950962336364088
18700,development,0,0.09262981265874358
18701,holdout,0,0.10320753653554338
18702,development,0,0.1179248275154631
18703,holdout,0,0.5838797952193553
18704,development,0,0.27908046067359116
18705,development,0,0.09198144395442213
18706,development,0,0.17362484772702902
18707,development,0,0.17894463406645683
18708,holdout,0,0.13954056637991333
18709,development,0,0.07741618559959876
18710,development,0,0.10648070311525128
18711,development,0,0.1347277087259592
18712,development,0,0.06497073141803994
18713,development,0,0.10894369849165236
18714,development,0,0.12314694907103638
18715,development,0,0.07350420068936787
18716,development,0,0.08237232783862064
18717,development,1,0.15869977400860025
18718,development,0,0.06809787443003716
18719,holdout,0,0.053661940776193184
18720,development,0,0.10971570803858621
18721,development,0,0.12349196759402543
18722,development,0,0.3790305412547467
18723,development,0,0.12103129242050165
18724,holdout,1,0.12230307791360373
18725,development,0,0.3006007818118053
18726,holdout,0,0.14379032168501854
18727,holdout,0,0.22698993632411307
18728,development,0,0.10637816852296622
18729,development,1,0.2296659543310571
18730,development,0,0.08770895204219552
18731,development,1,0.21626906223051887
18732,development,1,0.4264226705005997
18733,development,1,0.48305419971210184
18734,holdout,0,0.18518679771527735
18735,holdout,1,0.7132629982908224
18736,development,0,0.25680804237456134
18737,holdout,0,0.37460828749603753
18738,development,0,0.10206183060908262
18739,development,0,0.1099917277475915
18740,holdout,0,0.07834028871917814
18741,development,0,0.07042260311708406
18742,development,0,0.10697173268367856
18743,development,1,0.14120355120186362
18744,holdout,0,0.08281452187687888
18745,holdout,0,0.40155164915886005
18746,development,1,0.10445935403739683
18747,development,0,0.19063688034487786
18748,holdout,0,0.10296264952528644
18749,holdout,0,0.10916170183676922
18750,development,0,0.11600342970884633
18751,holdout,0,0.11202639043477151
18752,holdout,0,0.19613727323399038
18753,holdout,1,0.1891327559566401
18754,development,0,0.16196576240600602
18755,development,0,0.10252971659290769
18756,development,0,0.11781807380918904
18757,holdout,0,0.12791325533256998
18758,development,1,0.35929957581168187
18759,development,0,0.10782520681759358
18760,development,0,0.16718703503563465
18761,development,0,0.1215132907198503
18762,holdout,0,0.4345338741690062
18763,development,0,0.21552412447364241
18764,development,0,0.1138711322844708
18765,development,0,0.09702458948742555
18766,development,1,0.6455667706441124
18767,development,1,0.08010046597495249
18768,development,0,0.6920197975221722
18769,development,0,0.17330935117255297
18770,holdout,0,0.10985292462354372
18771,holdout,0,0.1329461477532247
18772,development,0,0.11460934678768418
18773,development,0,0.5442259978172523
18774,development,1,0.08244066229169465
18775,holdout,0,0.09616104400030613
18776,development,0,0.1733842275079249
18777,development,0,0.08987474502704036
18778,development,0,0.18542138414017015
18779,holdout,0,0.14681854166621963
18780,development,0,0.2803746139170106
18781,development,1,0.5928663732196061
18782,development,1,0.44833700711846153
18783,holdout,0,0.09482327482423503
18784,holdout,0,0.2703875700480236
18785,holdout,1,0.5349557045555868
18786,development,0,0.10580123548119443
18787,development,1,0.5146582822385543
18788,development,0,0.09312759953606727
18789,holdout,0,0.1398292050354908
18790,holdout,0,0.12678138037432973
18791,holdout,0,0.18833084890378046
18792,development,0,0.08906749183661337
18793,development,0,0.1621820208257875
18794,development,0,0.0706234719944409
18795,holdout,0,0.12620674484121575
18796,development,0,0.1382572556017269
18797,development,0,0.12033180536970979
18798,development,0,0.14084070028881285
18799,development,0,0.14181842066084438
18800,development,0,0.11412472381947958
18801,development,1,0.0943919877996867
18802,development,0,0.11934506924929462
18803,holdout,0,0.1136345391371066
18804,development,0,0.08115762535375781
18805,development,1,0.12193093108619457
18806,holdout,0,0.13228428258357094
18807,development,0,0.12002671975332761
18808,development,0,0.13070851724925386
18809,development,0,0.12047159970719998
18810,development,0,0.12211067714434902
18811,development,0,0.12009371888974633
18812,development,1,0.1970235638628948
18813,development,0,0.014499713439179383
18814,development,1,0.4054954247367684
18815,development,0,0.14963980816090267
18816,development,0,0.10450002573213522
18817,holdout,0,0.3000644443390368
18818,development,0,0.13928697310334998
18819,development,0,0.07272855533390453
18820,development,0,0.08427746840124958
18821,development,0,0.09611507346181998
18822,holdout,0,0.0872850802028044
18823,holdout,0,0.06414182513058662
18824,holdout,0,0.09784355360399599
18825,holdout,0,0.11537337274886357
18826,development,0,0.12698581925191121
18827,holdout,0,0.0816976567389228
18828,development,1,0.3040092075899172
18829,development,0,0.07785042632472927
18830,development,1,0.11397963443416813
18831,development,0,0.11127595467674921
18832,development,1,0.12899411679244274
18833,development,0,0.09293503554515417
18834,development,0,0.03232390947387986
18835,development,0,0.23981264776196862
18836,development,0,0.10914421590284408
18837,holdout,0,0.5336091105501248
18838,holdout,0,0.11193451943996877
18839,development,0,0.12203116817401839
18840,holdout,0,0.1534504075716707
18841,development,0,0.14047284239170527
18842,holdout,0,0.07761991898828102
18843,holdout,0,0.15881478376059346
18844,development,0,0.10197275993699141
18845,development,0,0.12163229999690402
18846,development,0,0.0906971340074937
18847,holdout,1,0.36148336469488956
18848,development,0,0.5354760352759452
18849,holdout,0,0.1192480934973671
18850,development,0,0.13658458066433998
18851,holdout,1,0.7668220158883793
18852,development,0,0.09597092301260363
18853,development,0,0.16405923586297297
18854,development,0,0.17127538633930955
18855,development,0,0.1119428686269595
18856,development,0,0.2998861469942629
18857,development,0,0.0917911670503824
18858,development,1,0.5352351291949948
18859,development,0,0.07292163912994702
18860,development,1,0.5320897279466619
18861,development,1,0.5087189569080438
18862,holdout,1,0.09004305814010478
18863,development,0,0.037512024055725714
18864,development,0,0.30469417628043866
18865,development,1,0.5826402092590262
18866,development,0,0.1347424585777027
18867,development,0,0.11831457208318362
18868,development,0,0.11005010564618876
18869,development,0,0.1369697309183437
18870,holdout,1,0.4251941203426626
18871,development,0,0.08654073790396456
18872,development,0,0.09712343502243644
18873,development,0,0.13178691295221812
18874,development,0,0.07292663889552271
18875,development,0,0.07528405693303605
18876,development,0,0.13885753954679178
18877,development,0,0.32074764843672615
18878,development,0,0.1153291747775716
18879,development,1,0.30922707453784987
18880,holdout,0,0.1157559671088423
18881,development,0,0.08611389250798888
18882,development,1,0.6860306828854766
18883,development,0,0.06306873485239226
18884,development,0,0.16353899530988514
18885,development,0,0.5840878695116682
18886,development,0,0.1942082042389097
18887,holdout,0,0.11691736340741955
18888,holdout,1,0.5876775213076322
18889,development,0,0.09154934158295114
18890,development,1,0.09404819570089998
18891,holdout,0,0.3327685709158374
18892,development,0,0.10652172382325102
18893,development,0,0.2560725009319313
18894,development,0,0.13768322172481462
18895,development,0,0.08755815903316051
18896,development,1,0.7484455259591885
18897,holdout,1,0.1572239831085075
18898,development,1,0.642118028340809
18899,development,0,0.22657611619727847
18900,development,0,0.19039554847869025
18901,development,0,0.11227245982798763
18902,development,0,0.06554616638231207
18903,development,0,0.2186301461747874
18904,development,0,0.13537104162254723
18905,holdout,0,0.16715954906126085
18906,development,0,0.08692241822850373
18907,development,1,0.20955990848173706
18908,holdout,0,0.28260697390009804
18909,holdout,0,0.3188107735561885
18910,holdout,0,0.1130282041490729
18911,development,0,0.13726988911963198
18912,development,0,0.10439582182633575
18913,development,0,0.08737849127159202
18914,development,0,0.15389824124100318
18915,development,1,0.7838165775487926
18916,holdout,1,0.11645913434028522
18917,development,0,0.41466929339567
18918,development,1,0.8739749441658191
18919,development,0,0.16211972448590312
18920,development,0,0.5159164913406032
18921,development,0,0.1601564274653701
18922,holdout,1,0.3534602311770287
18923,development,0,0.154142129868305
18924,development,0,0.5077881834069261
18925,development,0,0.3910007003625458
18926,development,0,0.08434721729027372
18927,development,0,0.13226497703976475
18928,development,0,0.1277223695732515
18929,holdout,1,0.7706873757848978
18930,development,0,0.1797049534700735
18931,development,0,0.12428190884806402
18932,development,0,0.2240636791476326
18933,holdout,1,0.7648411441800104
18934,development,0,0.13695242958032627
18935,development,0,0.15500887671666916
18936,holdout,0,0.16205112162816082
18937,development,1,0.837509897544829
18938,development,0,0.41765080133564253
18939,development,1,0.15404202206718867
18940,development,0,0.06745457457771241
18941,holdout,0,0.15960655500287793
18942,development,0,0.09191477979358603
18943,holdout,0,0.13395616257009565
18944,development,0,0.1704919920943253
18945,development,1,0.17061337932006979
18946,holdout,0,0.16048142022221554
18947,development,0,0.11109784963172697
18948,development,0,0.08137805337954299
18949,development,0,0.15383239781893002
18950,development,0,0.0910077984080232
18951,development,0,0.16762559555032894
18952,development,1,0.17791061490605042
18953,development,1,0.34242270488175447
18954,holdout,0,0.1770082589012433
18955,holdout,0,0.1475455750417948
18956,development,1,0.10279859677013836
18957,development,0,0.17126501130793706
18958,development,1,0.18356962004574168
18959,development,1,0.10150229990839203
18960,development,0,0.7043290750368096
18961,development,0,0.10451484859710082
18962,development,0,0.20498452740381246
18963,development,0,0.321328278763615
18964,development,0,0.1271938130065521
18965,development,0,0.12447210437833223
18966,development,0,0.14850810707775577
18967,holdout,1,0.5638514100639047
18968,development,1,0.31021073268562077
18969,development,0,0.10961168460183943
18970,holdout,0,0.14049707380982576
18971,development,0,0.12583208942160734
18972,development,1,0.20554625584337127
18973,development,0,0.09781433420854103
18974,development,0,0.14078559239496835
18975,development,0,0.30059761065918605
18976,development,0,0.14963248023713457
18977,development,0,0.18214592665661672
18978,development,0,0.15485220237852543
18979,development,0,0.1191149401310025
18980,holdout,0,0.1563838252883847
18981,development,0,0.14345521457864047
18982,development,0,0.15680136448514706
18983,development,0,0.10378701836735404
18984,development,0,0.1043103084055392
18985,holdout,0,0.16451317760406242
18986,development,1,0.7457110104208401
18987,development,1,0.3862851456974285
18988,development,0,0.10472051716862167
18989,development,1,0.4350096183668934
18990,development,0,0.1317884864640838
18991,holdout,0,0.42956051535054285
18992,development,1,0.43910794045689544
18993,development,0,0.5755231901306028
18994,development,0,0.39109374955026743
18995,development,0,0.11927659318616782
18996,development,0,0.1953138696187239
18997,development,0,0.4632866897897712
18998,holdout,0,0.08556064679769797
18999,holdout,0,0.11367488764179166
19000,development,0,0.1531327821174043
19001,development,0,0.11751240027981134
19002,development,0,0.10538754962946911
19003,development,0,0.10720684637424978
19004,development,1,0.5360404188286213
19005,development,0,0.13753324495333258
19006,development,0,0.17845934542125585
19007,development,0,0.1504737489809614
19008,development,0,0.08062093976052621
19009,development,0,0.14221951800736643
19010,development,0,0.4108811705801015
19011,development,0,0.12646284260728063
19012,holdout,0,0.09821310829966322
19013,holdout,0,0.18060397145717308
19014,development,0,0.13927091903632194
19015,development,0,0.10160589321084461
19016,holdout,0,0.17600405076177114
19017,development,1,0.10810961125439979
19018,development,1,0.09474322574745064
19019,development,0,0.3056730604798582
19020,holdout,0,0.20843403335786498
19021,holdout,1,0.3833187209286553
19022,holdout,1,0.257502112750899
19023,development,0,0.16842065055673497
19024,development,0,0.5300180987649881
19025,development,0,0.15799964306187064
19026,development,1,0.5598682799191006
19027,development,0,0.1020681498934662
19028,development,0,0.12534864749386224
19029,holdout,0,0.14419215348770228
19030,holdout,0,0.08333820493566912
19031,development,0,0.1362810946923788
19032,development,0,0.7739185631755361
19033,development,0,0.19186852489429854
19034,development,0,0.12984310725435025
19035,development,0,0.14208626748803496
19036,development,0,0.13111106438362205
19037,development,1,0.17079034567914209
19038,development,0,0.12488498785758295
19039,development,0,0.13909142737981064
19040,development,1,0.10587340130816544
19041,holdout,0,0.14622544453271952
19042,holdout,0,0.35234677442806933
19043,development,0,0.11124914544233644
19044,development,0,0.14735042393747408
19045,development,0,0.46765289225921686
19046,holdout,0,0.18076134781808878
19047,holdout,0,0.2641369219009866
19048,development,0,0.09375325516965524
19049,development,0,0.15744914208675953
19050,development,1,0.32781456420691263
19051,holdout,0,0.5630845424190436
19052,development,0,0.08711662932713816
19053,development,0,0.09115778281654267
19054,development,0,0.17362806727023672
19055,holdout,1,0.7476513747324305
19056,development,0,0.5667913805529454
19057,development,1,0.4910256956413688
19058,development,0,0.18475222391559407
19059,development,0,0.11032424480935461
19060,development,0,0.30888807898204285
19061,holdout,0,0.2892548682848002
19062,development,0,0.1568165864769074
19063,development,0,0.07228247220948508
19064,development,0,0.13504738082809895
19065,holdout,1,0.3380973996602926
19066,development,0,0.3023327426074481
19067,development,0,0.08206329902572028
19068,holdout,0,0.14521522269645595
19069,development,0,0.06346527955853759
19070,development,0,0.06746616835600958
19071,development,0,0.1141822694777372
19072,development,0,0.12282694657902544
19073,development,0,0.17088890353545558
19074,development,1,0.07787731518615235
19075,holdout,1,0.07538300421860444
19076,holdout,0,0.11257933758367378
19077,development,0,0.15545787719021648
19078,development,0,0.15665501272794374
19079,development,0,0.3928496141436489
19080,development,0,0.12136626437206363
19081,development,0,0.09647293674423715
19082,development,0,0.10960910358582286
19083,development,1,0.6350878176854848
19084,development,0,0.15145228665914853
19085,holdout,1,0.6996188174192801
19086,holdout,1,0.5694686217684943
19087,development,0,0.09740255285661996
19088,development,0,0.11438146970071615
19089,holdout,0,0.15660376598482278
19090,development,0,0.23384510068437628
19091,development,1,0.5614040233283052
19092,development,0,0.17368530627215906
19093,development,0,0.17385313366140193
19094,development,1,0.17190404353085414
19095,holdout,0,0.13506799094725683
19096,development,0,0.363605116120152
19097,holdout,1,0.14412542672744724
19098,development,0,0.1440571227410534
19099,development,0,0.21824452265669012
19100,development,0,0.250580370866905
19101,development,0,0.16109711184430844
19102,development,0,0.14199288388475245
19103,development,0,0.7278277063380588
19104,development,0,0.12589927664692083
19105,development,0,0.4053572681672869
19106,holdout,0,0.09917916478929174
19107,development,0,0.6554806269897864
19108,holdout,0,0.04784830906811161
19109,development,0,0.17682978851324774
19110,development,0,0.13143542952782467
19111,holdout,0,0.1166155852156754
19112,holdout,0,0.4831786118960474
19113,development,0,0.17612559292573504
19114,development,1,0.7876696382177139
19115,development,0,0.16105285439287212
19116,development,0,0.329613258814293
19117,holdout,0,0.02931042237318737
19118,development,1,0.7278552797694434
19119,development,1,0.3594296266182946
19120,development,0,0.1238214950335334
19121,development,0,0.23461078499831522
19122,holdout,0,0.18696505350368
19123,development,0,0.5056536851257848
19124,development,0,0.16983636070635633
19125,development,0,0.11702219009269647
19126,development,0,0.12122246743760859
19127,development,0,0.15325406748884404
19128,holdout,0,0.3377379790467019
19129,development,0,0.1641921712740004
19130,development,1,0.4260537015173896
19131,development,1,0.1651856452063981
19132,holdout,0,0.17913795188091244
19133,development,0,0.1713162236008215
19134,holdout,0,0.17844564374769298
19135,holdout,0,0.35408555925950436
19136,development,0,0.3928338051021414
19137,development,0,0.43511792141271044
19138,development,1,0.1511176118624992
19139,development,0,0.14937148104942272
19140,development,1,0.18321675389056197
19141,holdout,0,0.7443201220505812
19142,development,0,0.17867390334045152
19143,development,1,0.1809469239975991
19144,development,0,0.1280932525259049
19145,development,1,0.5427521385973604
19146,holdout,0,0.14031413283579303
19147,development,0,0.2833970042309742
19148,development,0,0.15189243462913884
19149,holdout,0,0.3744744795535019
19150,development,0,0.1444967560068985
19151,development,0,0.15183842079273482
19152,development,0,0.17610424879107106
19153,development,0,0.07925845324065563
19154,development,0,0.16078695922845387
19155,development,0,0.30211579696875734
19156,development,1,0.4825338201883677
19157,holdout,0,0.1731938991528913
19158,development,0,0.18711694830099568
19159,development,0,0.12259985194132153
19160,development,0,0.16550770823085742
19161,holdout,1,0.16436185278769966
19162,development,0,0.12567623723524177
19163,development,0,0.18986729402275582
19164,development,0,0.09600120285580865
19165,development,0,0.14794492894263295
19166,development,0,0.2635282524449546
19167,holdout,0,0.14922312640719523
19168,development,0,0.17072872238293318
19169,holdout,0,0.16994842509895194
19170,holdout,0,0.41129803940695275
19171,development,0,0.18171862028271812
19172,holdout,0,0.2133308727384198
19173,development,0,0.04958012068198812
19174,holdout,0,0.42988945011566426
19175,development,0,0.10707341598590316
19176,development,0,0.7371906136526579
19177,holdout,0,0.13451441617234294
19178,development,0,0.19881929595107845
19179,development,0,0.11472679501643783
19180,development,0,0.1728651880913071
19181,development,0,0.24472895715047763
19182,development,0,0.13523216243292271
19183,development,1,0.38794084016230773
19184,development,1,0.5711096832263546
19185,development,0,0.14780433622735853
19186,development,0,0.1394935710669213
19187,development,0,0.1556984238689633
19188,development,0,0.11066738364943232
19189,development,0,0.12352661729408666
19190,development,1,0.2868753830718984
19191,holdout,0,0.33760897795070166
19192,development,1,0.308918272359595
19193,development,1,0.8323325948593316
19194,holdout,0,0.19109960466464693
19195,development,0,0.29562994100218326
19196,development,0,0.31027770920370357
19197,development,0,0.10744763558462254
19198,holdout,0,0.11442182016957973
19199,holdout,0,0.1307698732595326
19200,development,1,0.5696049135262831
19201,holdout,0,0.10132107252712316
19202,development,1,0.7227947088616758
19203,development,1,0.42972708341455595
19204,holdout,1,0.836823317783036
19205,development,0,0.2810429550333145
19206,development,0,0.17924939973500767
19207,holdout,0,0.14969408154167085
19208,holdout,0,0.1226886831951863
19209,holdout,0,0.14921514646607514
19210,development,0,0.11772956186360943
19211,development,0,0.1786857194875965
19212,development,0,0.10758931907194728
19213,holdout,0,0.11494148106868866
19214,holdout,0,0.10877433253930546
19215,holdout,0,0.32495894887527876
19216,development,1,0.7990120769525199
19217,development,0,0.041292930493646796
19218,development,0,0.15555208146648128
19219,development,0,0.15640483564591354
19220,development,0,0.12811905399435697
19221,development,0,0.3314767977584401
19222,development,0,0.11644441734471371
19223,development,0,0.1401404477069123
19224,development,0,0.1538412383507926
19225,holdout,0,0.13457071056484737
19226,development,0,0.12245450710788697
19227,development,0,0.14982408810884024
19228,development,0,0.2119831166820399
19229,development,0,0.1355584321791598
19230,development,0,0.15065833550487345
19231,development,0,0.13373085611362476
19232,development,0,0.37725631321020614
19233,development,0,0.46095958969189665
19234,development,0,0.14122495755162393
19235,development,0,0.07236794389452109
19236,development,0,0.2085414877144928
19237,holdout,0,0.12655792336753338
19238,development,0,0.2951709897980481
19239,development,0,0.47336668746875243
19240,development,0,0.1295392576081292
19241,holdout,0,0.1349561334654088
19242,holdout,0,0.17110823008607237
19243,development,1,0.31668123770963824
19244,holdout,0,0.0333924498738485
19245,development,0,0.11413647085456122
19246,development,0,0.19121339407198398
19247,holdout,0,0.11993247374811827
19248,holdout,0,0.11736067990665248
19249,holdout,0,0.1401747630807654
19250,holdout,1,0.4420700271710524
19251,development,0,0.09896178378839607
19252,development,0,0.06612020153948768
19253,development,0,0.21895508304197658
19254,development,0,0.5097682900350714
19255,development,0,0.07163139409750294
19256,development,0,0.1819347531725443
19257,development,0,0.1439013493394446
19258,holdout,0,0.02354643042509408
19259,holdout,0,0.10450368605597567
19260,holdout,0,0.08226931598953316
19261,development,0,0.17953908913079497
19262,development,0,0.1425889816585752
19263,development,0,0.182831068821647
19264,holdout,0,0.17928418575725444
19265,holdout,1,0.41638920903469157
19266,development,0,0.12673907798560072
19267,development,0,0.13284222625143846
19268,development,0,0.13450427662379316
19269,development,0,0.14430705383156162
19270,development,1,0.684802988413507
19271,holdout,0,0.1250571438818015
19272,development,0,0.09085249365941965
19273,holdout,1,0.021594273452775526
19274,development,0,0.11374189136537564
19275,holdout,0,0.036443137951601215
19276,development,0,0.0764946560094392
19277,development,0,0.22844332387157607
19278,development,0,0.1679435816501495
19279,holdout,0,0.06836817652347213
19280,development,0,0.10166839269703902
19281,development,1,0.21386808959062767
19282,holdout,0,0.15594533197970165
19283,development,0,0.14789460885733355
19284,development,0,0.15926147884217703
19285,development,1,0.5614940464939698
19286,development,1,0.7689155948359995
19287,holdout,0,0.15096235378985773
19288,development,0,0.34251188822727746
19289,development,0,0.05010733835200976
19290,holdout,0,0.2767025733862856
19291,development,0,0.11324996227797124
19292,development,0,0.14606808625116807
19293,development,0,0.1072607852516884
19294,development,1,0.6448550690490761
19295,holdout,1,0.8532451775086175
19296,development,0,0.10971534835224427
19297,development,1,0.8655911007868347
19298,development,0,0.6206383504555744
19299,development,1,0.2175281310634962
19300,development,0,0.06349155159125817
19301,development,0,0.5449211264420467
19302,development,0,0.08314720833385203
19303,development,0,0.27813706690877055
19304,development,0,0.12704400158971058
19305,development,0,0.32543215523385943
19306,development,0,0.14812497558691104
19307,development,0,0.11548134497224301
19308,development,0,0.12285653970389784
19309,holdout,1,0.3198188102396989
19310,development,0,0.3125465820006704
19311,holdout,0,0.11768892026855124
19312,holdout,0,0.1119258750050581
19313,development,1,0.16818112844112773
19314,development,1,0.7306205450631288
19315,development,1,0.3040907419193706
19316,development,0,0.1272457918938541
19317,development,0,0.15120072735149165
19318,development,1,0.7322207296351874
19319,development,0,0.23762391650683215
19320,holdout,1,0.3441150967144522
19321,development,0,0.11819309457181586
19322,development,0,0.12282055276563546
19323,holdout,0,0.11638548109682284
19324,development,1,0.07111897057129785
19325,development,0,0.1585185092267615
19326,development,0,0.08645292146940799
19327,development,0,0.12845298083526227
19328,development,0,0.2171858941459821
19329,development,0,0.1291875509760384
19330,development,0,0.10391977183862897
19331,development,0,0.06766620893634556
19332,holdout,0,0.08258419306444406
19333,development,0,0.14188922548035193
19334,development,0,0.33276844506791575
19335,holdout,0,0.08886548615594927
19336,holdout,1,0.07426888780963453
19337,holdout,0,0.37076819341549605
19338,development,1,0.30972332725299045
19339,development,0,0.250150503069557
19340,development,0,0.12392126663256717
19341,development,0,0.13427036158274494
19342,development,0,0.10465468912018216
19343,development,0,0.09687841174143007
19344,development,0,0.12117626368631447
19345,holdout,0,0.15626430199245603
19346,development,1,0.35181314281651993
19347,holdout,0,0.10833897332294068
19348,development,1,0.44031254192651226
19349,development,1,0.6904836302201028
19350,development,0,0.07112959583348591
19351,development,1,0.45008350200069497
19352,holdout,0,0.11549562057658655
19353,development,0,0.23001750940359267
19354,development,1,0.3692044500593982
19355,development,0,0.1164295113640553
19356,development,0,0.5576008546673831
19357,development,0,0.108905351166635
19358,holdout,0,0.13469590501412376
19359,holdout,0,0.07597947514060495
19360,development,0,0.07387771904620813
19361,holdout,0,0.13004866222931905
19362,development,0,0.10263604576399438
19363,development,0,0.167982506084196
19364,development,1,0.40154236202125454
19365,development,0,0.12352737953687848
19366,development,0,0.24960535530505315
19367,development,1,0.3784697636154736
19368,development,1,0.12766528715883524
19369,development,0,0.6695501859892184
19370,holdout,1,0.6994709555837151
19371,development,0,0.24633204158989735
19372,development,0,0.134423375675337
19373,holdout,0,0.11854072110431317
19374,holdout,1,0.12011292714146471
19375,development,0,0.09444973259103125
19376,holdout,0,0.10737264640909545
19377,holdout,0,0.1054033319340748
19378,development,1,0.3318211316649488
19379,holdout,0,0.0909700170499746
19380,development,0,0.15475005350580834
19381,development,1,0.5066028137676788
19382,holdout,0,0.07337189771092711
19383,holdout,0,0.07741396200568484
19384,holdout,0,0.12174531448165382
19385,development,0,0.06821766625878647
19386,holdout,1,0.10219241813430549
19387,development,0,0.14936310104086653
19388,development,0,0.15629220332320812
19389,development,0,0.07921306125500685
19390,development,0,0.12808249263168414
19391,holdout,0,0.12052374298423452
19392,holdout,0,0.19143370799072235
19393,development,0,0.7134473122489573
19394,development,0,0.11699755437227138
19395,development,0,0.1333822938225438
19396,holdout,0,0.11676348841789705
19397,development,0,0.1380750046101246
19398,development,0,0.27027428933688774
19399,holdout,0,0.08119475769685841
19400,development,0,0.07324347205365651
19401,development,0,0.09551468923794657
19402,development,0,0.14615939440995343
19403,development,1,0.5833558244971716
19404,development,0,0.2576209829697426
19405,holdout,0,0.370218571028684
19406,development,0,0.1848986221710016
19407,holdout,0,0.10846331417653696
19408,development,1,0.7166343842491967
19409,development,1,0.4580057393220669
19410,holdout,0,0.1380161119298935
19411,development,0,0.11705473886136186
19412,development,0,0.12559881207717222
19413,holdout,0,0.474030994689041
19414,development,0,0.0789833918595587
19415,holdout,0,0.1511832463245153
19416,development,1,0.12062278916661998
19417,holdout,0,0.09144260071596426
19418,development,0,0.1373246045490795
19419,development,1,0.5720987131093151
19420,holdout,0,0.18932906485334355
19421,development,0,0.40742080021816457
19422,development,0,0.12631745673800823
19423,development,0,0.10275225796507305
19424,development,0,0.10735933719191905
19425,development,0,0.12231350136748206
19426,development,1,0.7011126909362921
19427,holdout,1,0.7109555679833048
19428,holdout,0,0.0867022926290697
19429,holdout,1,0.5649654565870958
19430,development,1,0.383299618007748
19431,development,0,0.13044868589552785
19432,holdout,1,0.4915687593806054
19433,development,0,0.42264640969228656
19434,holdout,1,0.20117192641124573
19435,development,0,0.14659402749011302
19436,development,0,0.27160117512029097
19437,holdout,0,0.22330480524641727
19438,development,0,0.1012381815992411
19439,development,0,0.13243391307295704
19440,holdout,1,0.5514727358871176
19441,development,0,0.11677102153871426
19442,holdout,0,0.12280497019658569
19443,development,1,0.783207405012016
19444,development,0,0.13305807667927488
19445,development,0,0.12611225930895953
19446,development,0,0.10686496552299703
19447,development,0,0.19006935431150232
19448,holdout,1,0.7209708156818244
19449,development,1,0.12223279264948513
19450,development,0,0.11585459513217657
19451,development,0,0.34418126438357105
19452,development,0,0.1096559539059902
19453,development,0,0.12345193101002502
19454,holdout,0,0.10521452998776447
19455,holdout,1,0.35833620362010726
19456,development,0,0.325362527148816
19457,development,0,0.25221641615213874
19458,development,0,0.25798372308433
19459,development,0,0.1555051310698276
19460,development,0,0.07316093613821217
19461,development,0,0.15286777753717018
19462,development,1,0.13415184943148212
19463,development,0,0.11792237118989872
19464,development,0,0.24373538524631963
19465,development,0,0.16702558804036666
19466,holdout,0,0.19553942955947365
19467,development,0,0.16827975339307885
19468,holdout,0,0.13219896172741344
19469,development,0,0.3265649812975364
19470,development,0,0.08803998151908783
19471,holdout,0,0.12100593922830613
19472,development,0,0.6972062644212333
19473,holdout,1,0.4668432359461385
19474,development,0,0.10879677665913318
19475,holdout,0,0.3054592410540575
19476,development,0,0.31552456933414896
19477,holdout,0,0.11776841238090302
19478,development,0,0.0348767161724563
19479,development,1,0.042967122371685845
19480,development,0,0.42883923662544987
19481,development,1,0.26160403320103526
19482,development,1,0.8284797107271634
19483,development,0,0.3030143552011016
19484,development,0,0.07911516768167753
19485,development,1,0.7181201015591446
19486,development,0,0.039273782043463684
19487,development,0,0.1403977766153993
19488,holdout,0,0.0850990145329376
19489,holdout,1,0.5392642194675706
19490,development,0,0.24326648926357278
19491,holdout,1,0.11841997033832975
19492,holdout,0,0.10443999948406787
19493,development,0,0.175775861826575
19494,development,0,0.18684121471600001
19495,development,1,0.4958154335402951
19496,development,0,0.12015024307399988
19497,development,0,0.09264683988644025
19498,development,0,0.20878563836911443
19499,development,0,0.12576700578115171
19500,development,0,0.11075765221597245
19501,holdout,0,0.3468111535307967
19502,development,0,0.08073984486637883
19503,development,0,0.11180476821483382
19504,development,0,0.1225188180894597
19505,development,0,0.3927912501144597
19506,development,0,0.47975613555220126
19507,development,0,0.3994023153952204
19508,holdout,0,0.1420232097900038
19509,development,0,0.10902627803251527
19510,development,0,0.11933938691584618
19511,development,0,0.3333667217199482
19512,holdout,1,0.15348162670333834
19513,development,1,0.15903210813236315
19514,development,0,0.08575845837882463
19515,development,1,0.14533466354762045
19516,holdout,1,0.26252087459821666
19517,development,0,0.08218739221781071
19518,holdout,0,0.12486684795221403
19519,holdout,0,0.10316438976684426
19520,development,0,0.6757777019141709
19521,holdout,0,0.1477218081586515
19522,development,0,0.12376538457407556
19523,holdout,0,0.14522444075478885
19524,holdout,0,0.12195235581971936
19525,development,1,0.365568436278061
19526,development,0,0.22440301822051154
19527,holdout,1,0.16125549450548907
19528,development,1,0.16779586325145454
19529,development,0,0.10727680844346046
19530,holdout,0,0.03719919896980083
19531,development,1,0.3930610870076555
19532,holdout,0,0.2846523612948398
19533,development,0,0.3547212407290169
19534,holdout,0,0.0663991002627321
19535,development,0,0.1107201377761513
19536,development,0,0.09900554723314324
19537,holdout,0,0.08018082701833813
19538,holdout,1,0.14820251133727885
19539,development,1,0.196715337224176
19540,development,0,0.1296879784208939
19541,development,0,0.23805003943382247
19542,holdout,1,0.1593366659666784
19543,development,0,0.11182083798388409
19544,development,1,0.6950433041700216
19545,development,0,0.11097057238414909
19546,development,0,0.12553644382961615
19547,development,0,0.12436481879973263
19548,development,0,0.2025235408666207
19549,holdout,0,0.1622091856840253
19550,development,0,0.10888551659940132
19551,holdout,1,0.29287198854622953
19552,holdout,0,0.1556079667388258
19553,development,0,0.097836083733638
19554,development,1,0.2953231604599871
19555,development,0,0.19982596485342602
19556,holdout,1,0.32747317739558873
19557,development,0,0.19645409032657216
19558,development,0,0.08428856711926011
19559,development,0,0.10381375481831268
19560,development,1,0.27886342705066036
19561,holdout,0,0.13262963989901225
19562,development,0,0.08590867764145202
19563,development,0,0.10443983819553605
19564,development,0,0.11669065152655844
19565,development,0,0.4880407097916453
19566,holdout,0,0.3725811041105885
19567,holdout,0,0.13012263875602126
19568,development,0,0.12027805803557805
19569,development,1,0.30750394176879203
19570,development,0,0.12233764966690613
19571,development,0,0.9485683475854272
19572,development,0,0.22323849080931518
19573,holdout,0,0.6867116865691117
19574,holdout,0,0.053107558664554674
19575,development,1,0.4413332165969776
19576,development,0,0.07978459156765129
19577,development,0,0.15584837666939616
19578,development,0,0.14280415652393663
19579,holdout,0,0.15892496477345527
19580,development,0,0.15372847030265302
19581,development,0,0.08114952649509255
19582,development,0,0.11627464046440175
19583,development,0,0.10764039070095174
19584,development,0,0.13191359176662568
19585,development,0,0.1328740517121423
19586,holdout,0,0.11342764601292217
19587,holdout,0,0.1641047874446238
19588,holdout,0,0.12682328795670453
19589,holdout,0,0.11919960228021616
19590,development,1,0.1513986603651967
19591,development,1,0.12984256571307137
19592,development,1,0.5402665105098727
19593,development,0,0.12091663050294668
19594,development,1,0.12847858760727282
19595,development,0,0.17706943129087374
19596,development,1,0.1643609014687509
19597,holdout,0,0.12053721425982034
19598,development,0,0.12535134263666914
19599,development,0,0.11793722751295066
19600,development,0,0.1175537273432641
19601,holdout,0,0.1244474016138726
19602,holdout,1,0.08275752714688168
19603,holdout,0,0.16535154152453735
19604,holdout,1,0.35330107589293713
19605,development,0,0.10100445322497416
19606,development,0,0.11603535006254545
19607,development,0,0.313539616218595
19608,development,0,0.036674391181843645
19609,holdout,0,0.10837157701831412
19610,development,1,0.11920674483077827
19611,development,0,0.4009403741748987
19612,development,0,0.10041259307968149
19613,development,0,0.11219653239023661
19614,development,0,0.13479655968280324
19615,holdout,1,0.10212286715478934
19616,development,0,0.1743717026817084
19617,development,1,0.8011830170162535
19618,holdout,0,0.13107501286591208
19619,holdout,0,0.14989710645397014
19620,development,0,0.10301742212845112
19621,development,0,0.1304620956914757
19622,development,0,0.1420671979594806
19623,development,0,0.33874039722881827
19624,development,0,0.11128736236646027
19625,holdout,0,0.0959119815963353
19626,development,0,0.17472825693535246
19627,development,0,0.3973264420122756
19628,development,0,0.16648960607108937
19629,development,1,0.39334034625468955
19630,holdout,0,0.13926125994138236
19631,holdout,0,0.12597313931369022
19632,development,0,0.11363579240583399
19633,development,0,0.08223227012024623
19634,development,0,0.28725799230152715
19635,development,0,0.08954498011919615
19636,development,1,0.3104286690432597
19637,development,0,0.17980996572844885
19638,development,0,0.2220814519556309
19639,development,1,0.08464829889093062
19640,development,0,0.12611796041081208
19641,development,0,0.17103789838852573
19642,development,0,0.11261815505238339
19643,holdout,0,0.11968816784265071
19644,development,0,0.1714931635309936
19645,holdout,0,0.10259321100537366
19646,development,1,0.6677777380261286
19647,holdout,1,0.13835916630180115
19648,development,0,0.08869676047036197
19649,holdout,1,0.30827953615952275
19650,holdout,0,0.10289931808933937
19651,development,1,0.1720329765963486
19652,development,0,0.08340787065610701
19653,development,1,0.6917101023150128
19654,development,0,0.09577716309854951
19655,development,1,0.5863808500507751
19656,development,1,0.3086295156469675
19657,holdout,0,0.12472678844458757
19658,development,1,0.27317344158649587
19659,development,0,0.14815438771299824
19660,holdout,0,0.12201995377706736
19661,holdout,0,0.10844189253491746
19662,development,0,0.17431366950218646
19663,development,0,0.11702162136906728
19664,development,0,0.13863713467824176
19665,development,0,0.12758525001573964
19666,development,0,0.11588642807996342
19667,development,0,0.12874354920358894
19668,development,1,0.12715484010647438
19669,development,1,0.6202387740876545
19670,holdout,0,0.13009663452764358
19671,development,0,0.15750302994214346
19672,development,0,0.08078908320279958
19673,development,0,0.11642892600292594
19674,holdout,0,0.13183703542356284
19675,holdout,1,0.18160111880697546
19676,development,1,0.16510990034293724
19677,development,0,0.42628405733543445
19678,development,0,0.12491271583822626
19679,development,0,0.1539180877553526
19680,development,0,0.1348947108985674
19681,development,0,0.13950600260250812
19682,holdout,0,0.14002850072907833
19683,holdout,0,0.21839254509709807
19684,holdout,1,0.2136505879623772
19685,development,0,0.10190845565693507
19686,development,0,0.13538441182707625
19687,holdout,0,0.14010141961509343
19688,holdout,0,0.2034437981319752
19689,development,0,0.11727416824734595
19690,development,1,0.17515472701164606
19691,development,0,0.13244687713509198
19692,development,0,0.15380543696380425
19693,holdout,0,0.13346207050472958
19694,holdout,0,0.32992616323101953
19695,holdout,0,0.09152473492280094
19696,development,0,0.1294987044596245
19697,holdout,0,0.09296842209410694
19698,development,0,0.37220143810140766
19699,development,0,0.13948616429086566
19700,development,0,0.2729339055473179
19701,development,0,0.11757792436235502
19702,development,0,0.1292507712034638
19703,development,1,0.19464329632575453
19704,development,1,0.4262027086527714
19705,development,0,0.4328223151585559
19706,development,0,0.07160445434737141
19707,development,0,0.2547401542060969
19708,development,0,0.1279778830440757
19709,development,1,0.29872992331694637
19710,development,0,0.11196518439381087
19711,development,0,0.15092583395637693
19712,development,1,0.3950179124299316
19713,development,0,0.08321723865896312
19714,development,1,0.3775357336202948
19715,development,0,0.11763798387998299
19716,development,0,0.11879973990740496
19717,holdout,0,0.07248891999364003
19718,development,1,0.37050046523876007
19719,development,1,0.13472433275259788
19720,development,0,0.1189042526738404
19721,development,1,0.2118129119535579
19722,development,0,0.1055305139743955
19723,development,0,0.12315921949794134
19724,development,0,0.32906395399636057
19725,development,0,0.13608984161426307
19726,holdout,0,0.15806241839970236
19727,development,0,0.11480554351395574
19728,development,0,0.19037372306858313
19729,development,1,0.3489211736045359
19730,holdout,0,0.0861533169875339
19731,holdout,0,0.12036917334449845
19732,development,0,0.11576621642794747
19733,development,0,0.07706661848317733
19734,development,0,0.26425188409857836
19735,holdout,0,0.08282394382027786
19736,development,0,0.14861226043185435
19737,development,0,0.3495262210335644
19738,development,0,0.2276778436962809
19739,development,1,0.1636593800834425
19740,holdout,0,0.37413648359214485
19741,development,0,0.11587877327254946
19742,development,0,0.530235148244446
19743,development,0,0.16127277745724497
19744,development,1,0.534016284104681
19745,holdout,0,0.28986915768718524
19746,development,0,0.15819002541060145
19747,holdout,0,0.03486065120612303
19748,development,0,0.11044577595788425
19749,development,0,0.09820005967192406
19750,development,1,0.5832479368022423
19751,development,0,0.0973082241331788
19752,development,1,0.08956202761309792
19753,development,0,0.26876435431779533
19754,holdout,0,0.14941244985164118
19755,development,0,0.3007282901915139
19756,development,0,0.14164114090876667
19757,development,0,0.11559133560107995
19758,development,0,0.1430366721751263
19759,development,0,0.14099998242506548
19760,development,0,0.1276443564692833
19761,development,1,0.24772746916434427
19762,development,0,0.1831058462496452
19763,holdout,0,0.12078262331879346
19764,development,0,0.18735877670742176
19765,holdout,0,0.21657916546514241
19766,development,0,0.07158192067022115
19767,holdout,0,0.15800170710314065
19768,holdout,0,0.2571655436583438
19769,development,1,0.5174534771029977
19770,development,0,0.09282504224726346
19771,development,1,0.17393208432903
19772,holdout,0,0.12229145824573152
19773,development,0,0.12448069667256294
19774,development,0,0.11250071357523936
19775,development,1,0.4523389786693192
19776,development,0,0.14953914713663455
19777,development,0,0.11716953361285652
19778,development,0,0.21154044330494598
19779,holdout,1,0.6687334874121752
19780,holdout,0,0.07890453784404541
19781,holdout,1,0.36608245056810607
19782,development,1,0.7155835220786536
19783,development,0,0.1399084394650106
19784,holdout,0,0.027880639583692357
19785,holdout,0,0.2960712117728308
19786,development,0,0.31405812003114486
19787,development,0,0.10073360056215629
19788,holdout,0,0.30196444474405665
19789,development,0,0.13120278849339398
19790,development,0,0.275802436458053
19791,holdout,0,0.07177289294260768
19792,development,0,0.14206161536426787
19793,holdout,0,0.1027163492177071
19794,development,1,0.6610515182742486
19795,development,0,0.079401760994495
19796,development,0,0.10181673771042302
19797,development,1,0.44436838856429334
19798,development,0,0.12285540087727782
19799,holdout,0,0.18694774078162632
19800,development,0,0.10081145214965007
19801,holdout,1,0.32917451058993213
19802,development,1,0.12686479292263778
19803,development,0,0.15790961522485153
19804,holdout,0,0.584941621857418
19805,holdout,0,0.40603192172346564
19806,holdout,0,0.5122084919845639
19807,development,0,0.16213521809058534
19808,development,0,0.6441020275979421
19809,holdout,0,0.12340913519129905
19810,holdout,0,0.08360001728811514
19811,holdout,0,0.16935265095164756
19812,holdout,0,0.14005965175968643
19813,development,0,0.10669934684650673
19814,development,0,0.28095508407938696
19815,development,1,0.14573782636387506
19816,development,1,0.16988351973500856
19817,development,0,0.15701077451433088
19818,holdout,0,0.2088036285285393
19819,holdout,0,0.19238689285473315
19820,development,0,0.2169699527578053
19821,development,0,0.1099859652017542
19822,holdout,0,0.12405989444670983
19823,holdout,0,0.08859424385410591
19824,holdout,0,0.12584975298329729
19825,development,0,0.09260329695469478
19826,development,0,0.10208501568953737
19827,holdout,0,0.07414974199752299
19828,development,0,0.12318953178220421
19829,holdout,0,0.11926611606565089
19830,development,0,0.02013395227194518
19831,development,0,0.16986312319984728
19832,development,0,0.06785428012742183
19833,holdout,0,0.12755407621845535
19834,development,0,0.11927490095189304
19835,development,1,0.4583219927547217
19836,development,0,0.11393654540923405
19837,development,0,0.12081083775371855
19838,holdout,0,0.12937152385694
19839,development,0,0.17161190112171792
19840,development,0,0.18643001561747793
19841,development,0,0.14109917191701016
19842,development,0,0.1478392751543037
19843,development,0,0.10387762722162022
19844,development,0,0.6079902666656328
19845,holdout,0,0.13022908987695628
19846,development,1,0.3177016292326355
19847,development,0,0.10816079510759688
19848,development,0,0.12383627627022901
19849,development,0,0.07441321969429124
19850,development,0,0.11298737915346804
19851,development,0,0.1891569465317429
19852,holdout,0,0.31231478502502447
19853,development,0,0.20218787351299858
19854,development,1,0.1702995682857489
19855,development,0,0.12374949145178234
19856,development,0,0.12647666734581758
19857,development,0,0.17913227482430014
19858,development,1,0.11636856264856278
19859,development,1,0.1394964393909537
19860,development,0,0.13767477870633155
19861,development,1,0.30689217720004386
19862,development,0,0.31987267196743385
19863,development,0,0.12637941474543282
19864,development,0,0.11608557125164673
19865,development,0,0.147670306194232
19866,holdout,1,0.12997443354996296
19867,development,0,0.18591679657581717
19868,holdout,0,0.13435926555938815
19869,development,1,0.7452750558992901
19870,development,0,0.11408953045896808
19871,holdout,0,0.1993441935863129
19872,development,1,0.6065676109891482
19873,development,0,0.21118066104149244
19874,development,1,0.2993501423913754
19875,development,0,0.13133872819596945
19876,development,0,0.16288804617006003
19877,development,0,0.13021183295222544
19878,development,0,0.10948385927545623
19879,development,0,0.10511331147899791
19880,development,0,0.46657891796476464
19881,holdout,0,0.07668362753969128
19882,holdout,0,0.19273541062269606
19883,holdout,0,0.10219633381141034
19884,development,0,0.3313207282499508
19885,development,0,0.43312039403915176
19886,development,0,0.12245629119594895
19887,development,0,0.20514998608400184
19888,development,0,0.11829704542883115
19889,development,0,0.11534329042717115
19890,development,0,0.09488061063960239
19891,development,0,0.12522154345055708
19892,holdout,0,0.13557306126854612
19893,holdout,0,0.16573942643614248
19894,development,1,0.3351071083313697
19895,holdout,1,0.11960165359303816
19896,development,0,0.09570884134478679
19897,development,0,0.12272791101285942
19898,development,0,0.8417862608352584
19899,holdout,1,0.19271923724757678
19900,holdout,0,0.08856127881698644
19901,development,0,0.07201088395734538
19902,development,0,0.09625671365229324
19903,holdout,0,0.1742621611548106
19904,holdout,1,0.13125068678128127
19905,development,0,0.1092864020079027
19906,holdout,1,0.13599678741390483
19907,holdout,1,0.12897098924780787
19908,development,0,0.16445089648451236
19909,development,0,0.0742282309356532
19910,development,0,0.18684054579380172
19911,development,0,0.11943049004914895
19912,development,0,0.11322125696312904
19913,development,0,0.12012073573814482
19914,development,0,0.2999886243684852
19915,development,0,0.07523144010842611
19916,development,0,0.11578302074034287
19917,holdout,0,0.16781550409606447
19918,holdout,0,0.11786236693154557
19919,holdout,0,0.5571370452321287
19920,development,0,0.13446555095899382
19921,development,0,0.11161737252443492
19922,development,0,0.11887010926481173
19923,holdout,0,0.24273320201748463
19924,development,0,0.28745411607465754
19925,development,0,0.07899129170391088
19926,development,0,0.12978670363060404
19927,holdout,0,0.13847521077085875
19928,holdout,0,0.19614447097190443
19929,development,0,0.1409222894429864
19930,development,0,0.4604415120197245
19931,holdout,0,0.07363057563496589
19932,development,1,0.18573309478072947
19933,development,1,0.15500593575018182
19934,development,0,0.11948712763492567
19935,development,0,0.27123123431084367
19936,holdout,0,0.16409559431223178
19937,development,0,0.13625456502370237
19938,holdout,0,0.18351797876679304
19939,development,0,0.11773862204350591
19940,development,0,0.15116022250910385
19941,development,0,0.0340975726832835
19942,holdout,0,0.0697748786498773
19943,development,0,0.15534891038274173
19944,holdout,1,0.5544327838027048
19945,holdout,0,0.035087247783514054
19946,development,1,0.5157026767027166
19947,development,0,0.335772523638127
19948,development,0,0.10684973611892373
19949,development,0,0.1563799636967583
19950,development,0,0.11750573362446243
19951,development,0,0.15508632548646467
19952,development,0,0.11175302956000457
19953,development,0,0.06624584083322813
19954,development,0,0.17424337895662184
19955,development,0,0.31899648184317575
19956,development,0,0.1842318575117082
19957,development,0,0.4290897362205788
19958,development,0,0.1508872613682878
19959,development,0,0.19375481659378166
19960,development,1,0.6424360850131199
19961,development,0,0.11663104012537735
19962,development,0,0.15781999763260612
19963,development,1,0.21336365672072413
19964,development,0,0.11672400077384423
19965,development,1,0.17429005393644786
19966,holdout,1,0.6267661386909419
19967,holdout,0,0.1244666125765394
19968,development,0,0.1095873524399596
19969,holdout,1,0.12763009669548073
19970,development,0,0.09675349052846742
19971,holdout,0,0.23135599205778648
19972,development,1,0.5151079174886085
19973,development,1,0.335944672862122
19974,development,0,0.7796082847416683
19975,development,0,0.09487720320938384
19976,development,0,0.08630920310967867
19977,development,0,0.1481653135005428
19978,development,1,0.2264202198787296
19979,holdout,0,0.14190761373032776
19980,development,1,0.19337058304104446
19981,holdout,0,0.1450357834141735
19982,development,0,0.254237334343647
19983,development,1,0.12896162426165061
19984,development,0,0.11519732166435614
19985,development,1,0.7177171490897756
19986,development,0,0.1141499406494064
19987,holdout,0,0.29177328214466663
19988,development,0,0.15434007737534042
19989,development,0,0.1263561258897121
19990,holdout,0,0.17786796625803092
19991,development,1,0.7562680390964917
19992,development,1,0.2283042618726633
19993,development,0,0.3508104085013528
19994,development,1,0.245321927846467
19995,holdout,0,0.14365206811242567
19996,development,0,0.12368863234773397
19997,holdout,0,0.15285996959966233
19998,holdout,0,0.18345047826360744
19999,holdout,0,0.15907301612879707
20000,development,0,0.38603529101484957
20001,development,1,0.6819043330910447
20002,development,0,0.407961924292929
20003,development,0,0.15837139476427314
20004,holdout,0,0.12181381880267007
20005,holdout,1,0.13385207511939615
20006,development,1,0.338847837991665
20007,development,0,0.17546234952487955
20008,development,0,0.15298491274020487
20009,holdout,0,0.23047765123946437
20010,development,1,0.7579833455234575
20011,holdout,1,0.21686518124201787
20012,holdout,0,0.03673453814498409
20013,development,0,0.15995038302749034
20014,development,0,0.14556530838209333
20015,holdout,1,0.1575370563858732
20016,holdout,0,0.2480055323056301
20017,holdout,0,0.1589806282703585
20018,development,0,0.3456802876762892
20019,development,1,0.20717885139371475
20020,development,0,0.08244537078247179
20021,holdout,0,0.12300266155645481
20022,holdout,0,0.1807343251726303
20023,holdout,1,0.09663782034241707
20024,development,1,0.36167473218752055
20025,development,0,0.42310370467372005
20026,development,0,0.18106399147909324
20027,development,0,0.21150132658705575
20028,development,0,0.08321578518874546
20029,development,0,0.1465582807030597
20030,development,0,0.22457645942945484
20031,development,1,0.19621748682397855
20032,holdout,0,0.13705344817719567
20033,holdout,0,0.11954136186703891
20034,holdout,0,0.33642432380161075
20035,holdout,0,0.3607530405509636
20036,development,1,0.18211189619102625
20037,development,0,0.1451675937128532
20038,development,0,0.11513396388668064
20039,holdout,0,0.09217595722355042
20040,development,1,0.2864646337609221
20041,development,0,0.13833494783098213
20042,development,0,0.1316971740247297
20043,development,0,0.11968447869439378
20044,development,0,0.1108624941561459
20045,holdout,1,0.18003141986465462
20046,development,1,0.16519801315313334
20047,development,0,0.13614924046504853
20048,development,0,0.06296165176617256
20049,holdout,0,0.11864815335527258
20050,holdout,0,0.15025603715920863
20051,holdout,1,0.6665468136676032
20052,development,0,0.13671072835477677
20053,development,0,0.1585194582830819
20054,development,0,0.16785455204640656
20055,development,0,0.21660261474212086
20056,development,0,0.20934283642581222
20057,holdout,0,0.15034776380522089
20058,holdout,1,0.3834418947732391
20059,development,0,0.18461154173575994
20060,development,0,0.1446418825114944
20061,development,0,0.14283050871383507
20062,development,0,0.19539204602580143
20063,holdout,1,0.2715511259692388
20064,development,0,0.19096843705481284
20065,development,1,0.10534083326267403
20066,holdout,0,0.12670727253061453
20067,holdout,0,0.12161954194457295
20068,holdout,1,0.5592835213572719
20069,holdout,0,0.2237823294957199
20070,development,0,0.03169317443893095
20071,development,0,0.11426948089595085
20072,development,0,0.2415807760037819
20073,holdout,0,0.10602827310826866
20074,development,0,0.16356912039158822
20075,holdout,0,0.12961407118060186
20076,holdout,0,0.13367344464504774
20077,holdout,0,0.12393490229937698
20078,holdout,0,0.10733786373650067
20079,holdout,0,0.12069009516120731
20080,development,0,0.11214759238714747
20081,development,0,0.1314865236779692
20082,holdout,0,0.30964082306375273
20083,development,0,0.29788628328144967
20084,holdout,0,0.09382172145884858
20085,development,0,0.17313354561681446
20086,development,0,0.22743935740351917
20087,development,1,0.7984095602320623
20088,development,1,0.0884139476766035
20089,holdout,1,0.4562332939239611
20090,development,0,0.10761850639438846
20091,holdout,0,0.11238433360051862
20092,development,0,0.10477761627216532
20093,development,0,0.16872386409017057
20094,development,0,0.07545554907260289
20095,holdout,0,0.13763352572763862
20096,development,1,0.6752144011494607
20097,holdout,0,0.14858302874230714
20098,development,1,0.6586496242109519
20099,holdout,1,0.7185429984625074
20100,development,0,0.15369323396975137
20101,development,0,0.15144444173352783
20102,development,0,0.11817790592272934
20103,development,0,0.14635435128870894
20104,development,0,0.23828820152888996
20105,development,0,0.44003900161378245
20106,holdout,0,0.2232307787716977
20107,development,0,0.14013865091438993
20108,development,1,0.37576954341705165
20109,holdout,0,0.6686935441485997
20110,development,0,0.591464398662287
20111,development,0,0.5083592361299827
20112,development,0,0.15628169326423122
20113,development,0,0.43869621184414154
20114,development,0,0.21245992187455529
20115,development,1,0.44628771126486094
20116,development,0,0.13842679286556384
20117,development,0,0.17457334875494324
20118,development,0,0.6950252167366002
20119,development,0,0.15814021716763424
20120,development,0,0.13220843801802384
20121,holdout,0,0.13334710697805938
20122,holdout,0,0.16519458970162076
20123,holdout,1,0.5014381219856208
20124,development,0,0.8798786164554355
20125,development,1,0.38298392541805376
20126,development,0,0.17129196974011368
20127,development,0,0.43341504956794
20128,development,0,0.14098326711130152
20129,development,0,0.13314670146108337
20130,development,0,0.4420415169649503
20131,development,1,0.16431489090263762
20132,development,0,0.13753969816512457
20133,development,0,0.20493398497880905
20134,development,0,0.15873949143752503
20135,development,0,0.13820588840268508
20136,development,0,0.23914517724922296
20137,development,0,0.138002059560238
20138,holdout,0,0.17390047385237897
20139,holdout,0,0.10222625498472164
20140,development,0,0.22182947780953
20141,holdout,0,0.14413843962487952
20142,development,0,0.30069953785014175
20143,holdout,1,0.1575707280105362
20144,holdout,0,0.15242777190944992
20145,development,0,0.15028261733705514
20146,development,0,0.1427453302222808
20147,development,0,0.3118697325524688
20148,development,0,0.5985175709959305
20149,development,1,0.11135113915420305
20150,holdout,0,0.12250319957503512
20151,holdout,0,0.4283784790779831
20152,development,0,0.12452857463335157
20153,development,0,0.126354004470715
20154,development,0,0.1673828849425289
20155,development,0,0.16008272810581037
20156,development,1,0.1180084261946489
20157,development,0,0.16109265436370665
20158,development,1,0.3308787402382172
20159,development,0,0.12729900550983697
20160,holdout,1,0.17855400643153294
20161,development,0,0.09351688812781697
20162,holdout,0,0.18930466437907967
20163,development,0,0.11615910930167257
20164,development,0,0.1516056663607691
20165,development,0,0.14520340223526862
20166,development,0,0.18816234046508398
20167,holdout,1,0.45448193413315713
20168,development,0,0.13453641194826058
20169,development,0,0.10053437973048934
20170,development,0,0.10661578345499141
20171,development,0,0.3398991012737648
20172,holdout,0,0.7905562240500381
20173,development,0,0.1223414435147483
20174,holdout,0,0.4695358737950761
20175,development,0,0.10419107213215718
20176,holdout,1,0.10359593877778216
20177,holdout,0,0.21192960086598173
20178,development,1,0.3210394865499632
20179,development,0,0.1325533067093276
20180,development,1,0.7417412843701667
20181,holdout,0,0.4095713636235488
20182,holdout,1,0.34293924830658
20183,holdout,0,0.17832220020894335
20184,development,0,0.12321947100666802
20185,development,0,0.12950586555817842
20186,development,0,0.09931195074049934
20187,development,0,0.1688759883694292
20188,development,0,0.12612508982309578
20189,development,0,0.14012438459389678
20190,development,0,0.14962262379118157
20191,development,0,0.1713671325313903
20192,holdout,0,0.16547157211806185
20193,holdout,0,0.13092150788292864
20194,development,1,0.16397134854493428
20195,development,0,0.15039902132397276
20196,development,0,0.08659852966072955
20197,development,1,0.12367690287910828
20198,development,0,0.11673850064833316
20199,development,0,0.1282301783416775
20200,development,0,0.15027289790946258
20201,development,1,0.7003665606971287
20202,holdout,0,0.33588937474809827
20203,development,0,0.19500141092286796
20204,holdout,0,0.14090591155037638
20205,development,0,0.11436824560883416
20206,development,0,0.12879813601485934
20207,development,0,0.1288240485421654
20208,holdout,1,0.14079725212717156
20209,development,0,0.1389528048740201
20210,development,0,0.14746383863178825
20211,development,0,0.1443668016809589
20212,holdout,1,0.32255451432344173
20213,development,0,0.16420914333146217
20214,development,0,0.14683274316598427
20215,development,0,0.12474781399146523
20216,development,0,0.25439783967826834
20217,development,0,0.13785358690586436
20218,development,0,0.1293694144655927
20219,holdout,0,0.1098353328875067
20220,development,0,0.09057185211805036
20221,holdout,1,0.2567913914856789
20222,holdout,0,0.11873596478833141
20223,holdout,1,0.2028199116017214
20224,development,0,0.18744248828685783
20225,development,0,0.14808363836210942
20226,development,0,0.12592056180974726
20227,development,1,0.7187817818393414
20228,holdout,0,0.07024413691319968
20229,development,1,0.30429696613822027
20230,holdout,0,0.11765238773892242
20231,development,0,0.1608356101306655
20232,holdout,0,0.12582761504940831
20233,holdout,0,0.10570368714590907
20234,development,0,0.12548911577557698
20235,development,0,0.09790116989997111
20236,development,0,0.030572984977616798
20237,development,0,0.3639837066122102
20238,development,0,0.10863608223994749
20239,development,1,0.46564628319619655
20240,development,0,0.11467828478491296
20241,development,0,0.16996070891966925
20242,holdout,0,0.08970432925312723
20243,holdout,0,0.12888535034761828
20244,development,0,0.11865584995564811
20245,development,0,0.09758919461961196
20246,development,0,0.1505300043263889
20247,holdout,1,0.16858410934780824
20248,development,0,0.2403072067247327
20249,development,0,0.09195058088653918
20250,development,0,0.15986695372063084
20251,development,0,0.13037269206777302
20252,holdout,0,0.08888413870946732
20253,development,0,0.13421728074486086
20254,holdout,0,0.1453120495547726
20255,development,0,0.07684983709365345
20256,development,0,0.1967802760534129
20257,development,0,0.12389879717091455
20258,development,1,0.2766373882420057
20259,development,0,0.12422083468347517
20260,development,0,0.2521131110519018
20261,holdout,0,0.15392516227793937
20262,development,0,0.17659727338877645
20263,holdout,0,0.1229478376865934
20264,development,0,0.08250254717561496
20265,holdout,0,0.08941560989934494
20266,development,0,0.1124184677247119
20267,development,0,0.11258312628654221
20268,development,0,0.11983995081637862
20269,holdout,0,0.2982026245258658
20270,holdout,0,0.1681724624228072
20271,development,0,0.11638266375583833
20272,holdout,0,0.13387454517775826
20273,development,0,0.10594764510302614
20274,development,0,0.12582758474685388
20275,development,0,0.12211466391591073
20276,holdout,0,0.1197673700094273
20277,development,0,0.0631903460760446
20278,holdout,1,0.5988028141544808
20279,development,0,0.10923546264902805
20280,development,0,0.1372823654624248
20281,holdout,1,0.16574043740297206
20282,development,0,0.07693075194708072
20283,development,0,0.4840404070588223
20284,holdout,1,0.35170350103880904
20285,development,0,0.10451078953279892
20286,holdout,0,0.17083644888140015
20287,development,0,0.07336169571493015
20288,development,0,0.17366970928394015
20289,holdout,0,0.07635254333554163
20290,development,0,0.17590098729653927
20291,holdout,0,0.18689162434504614
20292,holdout,0,0.10939341231036515
20293,development,0,0.4777763105607319
20294,development,0,0.11337801771448179
20295,holdout,0,0.07074693394251298
20296,development,1,0.39710060132227953
20297,development,0,0.13121322750997716
20298,development,1,0.13959739989736805
20299,development,0,0.18180709948494753
20300,development,1,0.12799998842260854
20301,holdout,0,0.3040017391747778
20302,holdout,0,0.10547580104545067
20303,development,0,0.12442045899840366
20304,holdout,0,0.14523638866014754
20305,development,0,0.09443697990533265
20306,development,1,0.7130794713250265
20307,holdout,0,0.10496786729413118
20308,development,1,0.1317361396424206
20309,development,0,0.1839203857497628
20310,development,1,0.4996906351705977
20311,development,0,0.1536614189576254
20312,holdout,0,0.11251638254805205
20313,development,0,0.05589187423489397
20314,development,0,0.1514850044767784
20315,development,1,0.39852866290964956
20316,holdout,0,0.13568291808505234
20317,holdout,0,0.14229286795537066
20318,development,0,0.23268140339698273
20319,development,0,0.14210868833885765
20320,development,0,0.11684641157085805
20321,development,0,0.7844727828567291
20322,development,1,0.10795429925043558
20323,holdout,0,0.10246551337178353
20324,development,0,0.12704965068934185
20325,development,0,0.2042543086392378
20326,development,1,0.1255508918600172
20327,development,1,0.08271486113394132
20328,holdout,0,0.18292190925602547
20329,development,0,0.10419607123898741
20330,development,0,0.11559743178396562
20331,development,0,0.2713872246275377
20332,development,0,0.14819231657714588
20333,holdout,0,0.13574168037748954
20334,development,1,0.31578471316011975
20335,development,0,0.06957774187178947
20336,development,0,0.13494968235155141
20337,development,0,0.1114680834873239
20338,development,1,0.15730614537829685
20339,development,0,0.12059253533853903
20340,development,1,0.3512913944489714
20341,development,1,0.3706843595086766
20342,development,0,0.1442422573269598
20343,development,0,0.2018923877635479
20344,development,0,0.1302038320643369
20345,development,0,0.17477395202272952
20346,holdout,1,0.7082702271346841
20347,development,0,0.1233419866037075
20348,holdout,0,0.033963976937081385
20349,development,1,0.1930842651276888
20350,development,1,0.10402561610239441
20351,development,0,0.10282070585498801
20352,development,0,0.1593582695500364
20353,development,0,0.12769010558234933
20354,holdout,0,0.1282684346249115
20355,development,0,0.19717923366148724
20356,holdout,1,0.11292016468419797
20357,holdout,0,0.029726400742022638
20358,holdout,0,0.135359287806052
20359,development,1,0.3310916344198899
20360,development,1,0.32527780308058474
20361,development,0,0.11034439078876862
20362,development,0,0.06638021545784961
20363,development,0,0.12741635709092894
20364,development,0,0.12815845077943303
20365,holdout,0,0.3903905933501203
20366,development,0,0.11319640468915428
20367,development,0,0.11586206587114126
20368,development,0,0.13699538292801058
20369,development,0,0.12833763657465386
20370,holdout,0,0.08703088709531626
20371,development,0,0.11163856028967556
20372,development,0,0.14707564543295248
20373,holdout,0,0.1565467128548425
20374,holdout,0,0.1768235473226631
20375,development,0,0.2961733361678407
20376,development,0,0.11419185725637071
20377,development,0,0.28640643933276844
20378,development,1,0.07654072222455982
20379,development,0,0.13130498022183368
20380,development,0,0.11495253717518689
20381,holdout,0,0.11253403434461207
20382,development,0,0.3093375600902051
20383,development,0,0.14319031968339338
20384,development,1,0.7864224887627652
20385,development,0,0.17476540385415254
20386,development,1,0.16613059667381092
20387,holdout,0,0.148623277420168
20388,development,1,0.21923667388556506
20389,development,0,0.11200372529418498
20390,development,0,0.0785624339891683
20391,development,0,0.11742662070755036
20392,development,0,0.07700236795610557
20393,holdout,0,0.1790589273864212
20394,development,0,0.29802085050297666
20395,development,0,0.0669965545954946
20396,development,0,0.12002435779311446
20397,holdout,0,0.15658103925496125
20398,development,0,0.07372675505188762
20399,holdout,0,0.07654093375885657
20400,holdout,0,0.2622237017406042
20401,development,0,0.06829675134559501
20402,holdout,0,0.10953067151253117
20403,development,0,0.08504935387217695
20404,development,0,0.7494796510783889
20405,development,0,0.3934538629089967
20406,holdout,0,0.17799952887464487
20407,development,0,0.18382725814943662
20408,development,1,0.4760233068203511
20409,holdout,1,0.2938033373304788
20410,holdout,0,0.14321424422786622
20411,development,0,0.059917586991160954
20412,development,0,0.4197957364051023
20413,development,0,0.12631452765658513
20414,development,0,0.17100032085070802
20415,development,0,0.08707776277616083
20416,development,0,0.11847613221361213
20417,development,1,0.27335297902333705
20418,development,0,0.09436660675318008
20419,development,0,0.3775067653400875
20420,development,0,0.17468602359574023
20421,development,0,0.2716890721454519
20422,development,0,0.10961844182994024
20423,development,0,0.10262806705533269
20424,holdout,0,0.1883107861841979
20425,development,0,0.1167023487584289
20426,holdout,0,0.10530615926773568
20427,development,0,0.11590630267941558
20428,holdout,1,0.7172260085020381
20429,holdout,0,0.11187228569430346
20430,development,0,0.11404470304793628
20431,development,1,0.16951256223587316
20432,development,1,0.563473061383047
20433,development,0,0.1182449257865109
20434,holdout,0,0.12124098413260291
20435,development,0,0.1421190971584561
20436,development,0,0.07883390331676356
20437,holdout,1,0.12320183905921614
20438,holdout,0,0.3752396137433852
20439,development,0,0.09884674888910258
20440,development,0,0.10660638865696777
20441,development,0,0.13068997909734265
20442,development,1,0.2156501578051531
20443,holdout,0,0.16377927870499592
20444,development,1,0.5079589000508091
20445,development,0,0.0995060400699921
20446,development,0,0.12160910392589429
20447,development,0,0.13025141740077206
20448,development,0,0.13401444956892383
20449,holdout,0,0.09369384783938388
20450,development,0,0.20486192984238563
20451,holdout,0,0.08302936993936598
20452,development,0,0.1560349793952861
20453,holdout,0,0.19344486768267416
20454,development,0,0.15248350397481167
20455,development,0,0.034836915412111
20456,development,0,0.1352260263657134
20457,holdout,0,0.0864074671775982
20458,holdout,1,0.6746236363328284
20459,development,0,0.31787462399302435
20460,development,0,0.2805234803266924
20461,development,0,0.09918722847601197
20462,holdout,1,0.08053143869975876
20463,development,0,0.08146110188449363
20464,holdout,0,0.12867492823337506
20465,development,0,0.11253199830925466
20466,development,0,0.16016198007605695
20467,development,0,0.11662149930280431
20468,development,0,0.1312349774751341
20469,holdout,0,0.09574343930440812
20470,development,0,0.0985930985664385
20471,development,0,0.06896007339890373
20472,holdout,1,0.3077950683663321
20473,development,0,0.14288083670499171
20474,development,0,0.11053745022161203
20475,development,0,0.2419939157794023
20476,development,0,0.1488346895849713
20477,holdout,0,0.12516062845451528
20478,development,0,0.11536271492511217
20479,development,1,0.230908218902522
20480,holdout,0,0.1510135710298139
20481,development,0,0.11189516669201491
20482,development,0,0.24470121354417906
20483,development,0,0.10579192649250112
20484,development,1,0.7355544669125025
20485,development,0,0.14241809533988656
20486,development,0,0.08702891571135267
20487,holdout,0,0.10521594881466156
20488,holdout,0,0.07331840945469918
20489,development,0,0.11328529836569062
20490,development,0,0.1664614593407518
20491,holdout,0,0.08479828931200475
20492,development,1,0.7865991147683494
20493,development,0,0.11630716246993579
20494,development,1,0.15307671929008615
20495,development,0,0.13010895855173163
20496,development,0,0.13620139642825535
20497,development,0,0.0939509401159954
20498,development,0,0.13420624618580856
20499,development,1,0.20744519815868406
20500,development,0,0.3064250512595818
20501,development,0,0.08504036969960398
20502,development,0,0.1781760361201513
20503,holdout,0,0.11598238603259363
20504,holdout,0,0.10450271534539671
20505,development,0,0.14017894274119674
20506,holdout,0,0.08470844018161428
20507,holdout,0,0.1431762419943758
20508,development,0,0.15523795103483215
20509,development,0,0.17873146369060416
20510,holdout,0,0.13007831549300186
20511,development,0,0.1630338266245959
20512,holdout,0,0.16398179513745298
20513,development,0,0.1299050318003061
20514,holdout,0,0.07482291894785743
20515,holdout,0,0.19949709583231606
20516,development,0,0.10098528730272176
20517,development,0,0.16595543849455208
20518,holdout,0,0.0981751319925006
20519,development,0,0.3278809758769206
20520,development,0,0.1086477700714312
20521,development,1,0.39512236209221774
20522,development,0,0.11409743316145936
20523,development,0,0.2776722409212732
20524,development,0,0.11959856372061306
20525,development,0,0.1208700135730931
20526,development,0,0.25012008212457343
20527,development,0,0.0733536226179034
20528,development,0,0.09158116210180231
20529,development,0,0.17280599945168085
20530,development,1,0.08280538076456387
20531,development,0,0.11279430921650807
20532,holdout,0,0.10556144657139803
20533,holdout,0,0.09747504777205762
20534,development,0,0.17562017356329307
20535,development,0,0.13046853005135123
20536,development,0,0.11800473194214588
20537,development,0,0.1619529088511524
20538,development,0,0.12141763098680272
20539,holdout,0,0.1521258227916885
20540,holdout,1,0.4038087837670887
20541,development,0,0.09761580342540103
20542,holdout,0,0.10956334967261777
20543,development,0,0.10571484824656012
20544,holdout,0,0.37537687867087904
20545,development,0,0.18108225667901512
20546,holdout,0,0.07630597271386529
20547,development,0,0.15737460231551528
20548,holdout,0,0.294114980937737
20549,development,0,0.11813161509154327
20550,development,0,0.14932535235753253
20551,holdout,0,0.34859730465557426
20552,development,0,0.14693963738949362
20553,development,0,0.10657688844451661
20554,holdout,0,0.07494341376112935
20555,development,1,0.11631378581680211
20556,development,0,0.11885156705611653
20557,holdout,0,0.11025397175639824
20558,development,0,0.14182369930981406
20559,holdout,1,0.09191692384802724
20560,development,1,0.5210033455450264
20561,development,0,0.10709632990772612
20562,development,0,0.10715481415571446
20563,holdout,0,0.20945197373119678
20564,development,0,0.3114129725773936
20565,holdout,0,0.0718359893763671
20566,holdout,0,0.13387223099936776
20567,development,0,0.14340351195606793
20568,holdout,1,0.49043568126703013
20569,development,0,0.15240610047035927
20570,holdout,1,0.7516955664211218
20571,holdout,0,0.15032544129778816
20572,holdout,1,0.7393597643594337
20573,development,1,0.2863460039028475
20574,development,0,0.10380068154252099
20575,development,0,0.3366713444988462
20576,holdout,0,0.20143287945480315
20577,holdout,1,0.13287929257787012
20578,development,1,0.37990793134289924
20579,development,0,0.09049756024377931
20580,development,0,0.023927419403318433
20581,development,0,0.13349406104609285
20582,holdout,0,0.11320480870459938
20583,holdout,0,0.12019546542248077
20584,holdout,1,0.07879050332946498
20585,development,0,0.07474392162225174
20586,development,0,0.12999702690010234
20587,development,1,0.34365170116436444
20588,development,0,0.10587261538636346
20589,holdout,0,0.12826718305930562
20590,development,0,0.10852723621819603
20591,holdout,0,0.31862594622742135
20592,holdout,0,0.10841082519611345
20593,holdout,0,0.06848042963993714
20594,development,0,0.10831606990562789
20595,development,0,0.12627531012058782
20596,holdout,0,0.17083803925440194
20597,holdout,0,0.41407819487853886
20598,development,0,0.31735969711102985
20599,development,0,0.13893222366515243
20600,development,0,0.11641975337530279
20601,holdout,0,0.11130464419408598
20602,holdout,0,0.13075809616265094
20603,development,0,0.1253945547231253
20604,holdout,0,0.1470843770845907
20605,holdout,0,0.08918030021439192
20606,development,1,0.3045608641653005
20607,holdout,0,0.19577198730490805
20608,development,0,0.07168316544478301
20609,development,0,0.13031697952008722
20610,development,0,0.1693232250690405
20611,holdout,0,0.12068751148031838
20612,holdout,0,0.09386172240461318
20613,holdout,0,0.11621392983450586
20614,development,0,0.16531049843798656
20615,development,0,0.09156242254215863
20616,development,1,0.7247679509440729
20617,development,1,0.07928388030845579
20618,holdout,0,0.022240157384640614
20619,holdout,0,0.09001559782695179
20620,development,0,0.17781603687662173
20621,holdout,0,0.31663320012542756
20622,development,0,0.20962840160263796
20623,development,0,0.2114067774771881
20624,development,0,0.09250653084517861
20625,development,0,0.12655663368724318
20626,holdout,0,0.08604203215605342
20627,development,0,0.4321825428769196
20628,development,0,0.07175148011173432
20629,development,0,0.0941461633771722
20630,holdout,0,0.25231986091293634
20631,holdout,0,0.10335823265235088
20632,development,0,0.12886278346241758
20633,development,1,0.12232340438385599
20634,development,0,0.09079036185329446
20635,holdout,0,0.06389104439317668
20636,development,0,0.12234652587488949
20637,development,1,0.37192533145010864
20638,development,0,0.11936242445258187
20639,holdout,0,0.15886946208113595
20640,holdout,0,0.10598823213721142
20641,development,1,0.20893893808092381
20642,holdout,0,0.0770403355470571
20643,development,1,0.36313652282636233
20644,development,0,0.12507230683126128
20645,development,0,0.11467201668905672
20646,development,0,0.12561967190863524
20647,development,1,0.21832830290063235
20648,development,0,0.2606714240240734
20649,development,0,0.10487298905268244
20650,holdout,0,0.1406503814952705
20651,development,0,0.033185119711505714
20652,development,1,0.4604733976080395
20653,development,0,0.027003795455462495
20654,holdout,0,0.12390116820378749
20655,holdout,0,0.13084305097765206
20656,development,1,0.4175918947888128
20657,holdout,0,0.08778164541725146
20658,development,0,0.1338190311868204
20659,development,0,0.11997510075545195
20660,development,0,0.17238331027573495
20661,development,0,0.11420029687213254
20662,development,1,0.1389368093934402
20663,development,0,0.08819016995559184
20664,development,0,0.1364915375739597
20665,development,0,0.14388077169044647
20666,development,0,0.20134188637916675
20667,development,0,0.1145296511427433
20668,holdout,0,0.314813724639666
20669,holdout,0,0.17671575490590674
20670,development,0,0.2956122392221346
20671,development,1,0.9555268343011166
20672,holdout,0,0.10832111253610266
20673,development,0,0.12839714515570078
20674,holdout,1,0.35570812288223885
20675,development,1,0.7002797980111964
20676,development,0,0.12342353862092548
20677,development,1,0.07422163801184596
20678,holdout,0,0.13461145654416573
20679,holdout,1,0.6934654540324207
20680,development,0,0.09551146934999448
20681,holdout,0,0.12646325564369257
20682,holdout,0,0.06185283752655596
20683,holdout,0,0.140172302915976
20684,holdout,0,0.10508927020048395
20685,development,1,0.5498420295924255
20686,holdout,0,0.11371731428541261
20687,holdout,0,0.11703696274271426
20688,development,0,0.14220846205114837
20689,development,0,0.24319180400296317
20690,holdout,0,0.08873069410530257
20691,development,1,0.518293556492323
20692,holdout,0,0.14373347583852547
20693,development,0,0.22884912976464056
20694,holdout,0,0.09718788788323099
20695,development,0,0.10404969934192573
20696,development,1,0.37639512971980676
20697,development,0,0.1449273563954639
20698,development,0,0.11374923659454664
20699,development,0,0.1385492719726251
20700,development,0,0.13659758123040155
20701,development,0,0.5915104792078848
20702,holdout,0,0.2789687514359122
20703,development,0,0.2906165183565258
20704,development,0,0.09111650928862908
20705,holdout,0,0.12929928126951942
20706,development,0,0.08081291660144953
20707,holdout,1,0.12391050105438146
20708,development,0,0.09527808532683105
20709,development,1,0.3704793879066989
20710,holdout,0,0.16416441564256082
20711,development,0,0.13233637889867317
20712,development,0,0.11760369872982825
20713,development,0,0.07865474197227833
20714,development,0,0.3304448259210292
20715,holdout,0,0.12153741054241678
20716,development,0,0.1086637626949932
20717,development,0,0.180979284827179
20718,holdout,1,0.5608839933524954
20719,development,0,0.07887388723723397
20720,development,0,0.13429439331042453
20721,holdout,0,0.1287784684383347
20722,development,0,0.13240568251077608
20723,development,0,0.09817231866051031
20724,holdout,0,0.3819622025080227
20725,development,0,0.11660567370540209
20726,development,0,0.07485038649564849
20727,development,0,0.09305361300163677
20728,development,0,0.09434837433906129
20729,development,0,0.06914461067602032
20730,development,0,0.10933148531605988
20731,development,0,0.1074741175787571
20732,holdout,0,0.06290060991833424
20733,development,0,0.16191531437459702
20734,development,0,0.12200276542193005
20735,development,0,0.09952075050655843
20736,development,0,0.11622768503638792
20737,development,0,0.3301279282808091
20738,holdout,0,0.1585027108443355
20739,development,0,0.12696623521149913
20740,development,0,0.11954995059468651
20741,development,1,0.23512113074234198
20742,development,0,0.1040131517424716
20743,development,0,0.08971798921344212
20744,holdout,1,0.1932115838494278
20745,development,0,0.03359955031618483
20746,development,0,0.11939288708991551
20747,holdout,0,0.3068301356782144
20748,development,0,0.1908469078096212
20749,development,0,0.159278307182556
20750,development,0,0.17187314862614353
20751,development,0,0.11019679021440619
20752,development,1,0.2961633701410309
20753,development,0,0.17195483214352444
20754,holdout,0,0.4963227267182389
20755,development,0,0.11533427033119009
20756,development,1,0.1927755501044182
20757,holdout,1,0.09265364450086809
20758,development,0,0.05766342254183818
20759,development,0,0.07944375879927904
20760,development,0,0.18530660698281548
20761,development,0,0.10948443229141105
20762,development,1,0.43677425608044346
20763,development,0,0.13825312505305676
20764,development,0,0.519680010736086
20765,holdout,0,0.12603304123217754
20766,holdout,0,0.14632427713273452
20767,holdout,0,0.12119329829561822
20768,holdout,0,0.12024614203646401
20769,development,0,0.16424037288912416
20770,development,0,0.08710382509793811
20771,holdout,1,0.3838258699176937
20772,development,0,0.11463415222420337
20773,development,0,0.14071874288037234
20774,holdout,0,0.19112198758309407
20775,holdout,0,0.16921636980718444
20776,development,1,0.24397264396969723
20777,holdout,0,0.2679560350093381
20778,development,0,0.1108837054639776
20779,holdout,1,0.1116876725918308
20780,holdout,1,0.1752360052127311
20781,development,1,0.1205977844440573
20782,development,0,0.20864504657557523
20783,development,0,0.0681743950916942
20784,development,0,0.14072219928024302
20785,development,0,0.06770285905918219
20786,holdout,0,0.19970699000580083
20787,development,1,0.7459892923500382
20788,development,0,0.10640240196286598
20789,development,0,0.1636969640005354
20790,holdout,0,0.134680129048562
20791,development,0,0.12146320700116622
20792,development,0,0.12356461911669578
20793,holdout,0,0.12941442434338382
20794,development,0,0.13616325323008738
20795,development,0,0.14211027410985969
20796,development,0,0.10384578141684936
20797,development,1,0.0995127781830475
20798,development,0,0.10694901396344647
20799,holdout,0,0.11146515261449623
20800,development,0,0.19958928020020555
20801,development,0,0.14217930058142636
20802,development,1,0.27940627953953906
20803,holdout,0,0.12418768084422528
20804,development,0,0.10593392433433833
20805,development,0,0.10036086146535543
20806,development,0,0.07293900320996012
20807,development,0,0.07515468748602759
20808,development,0,0.118022085107189
20809,development,0,0.08603608683800146
20810,development,0,0.08653701912402037
20811,holdout,0,0.1133000298398465
20812,development,0,0.077223136321375
20813,holdout,0,0.13397995967843665
20814,development,0,0.15633399079140645
20815,holdout,0,0.10009405648426953
20816,development,0,0.2166289578521521
20817,holdout,0,0.13951238480291125
20818,development,0,0.11113671810365806
20819,development,0,0.15310793310324214
20820,development,0,0.13071568325307115
20821,development,0,0.20337988958710276
20822,development,0,0.07812168521456922
20823,development,0,0.723681435651006
20824,holdout,0,0.09974111198736949
20825,development,0,0.021798512005905674
20826,development,0,0.02668209325896877
20827,development,0,0.23155471424187463
20828,holdout,0,0.10037044572449852
20829,holdout,1,0.34907651654560395
20830,development,0,0.25319850200145005
20831,development,0,0.3574378457463489
20832,development,0,0.08335315215284063
20833,development,0,0.2761250708304491
20834,development,0,0.4541295547221026
20835,development,0,0.27506656709542937
20836,holdout,0,0.7413836841560516
20837,development,1,0.09555984002425251
20838,holdout,0,0.12319857940173178
20839,development,1,0.31010970085460043
20840,development,0,0.16921629471073615
20841,development,0,0.3279001050498899
20842,holdout,0,0.12537071408617584
20843,development,0,0.08331158624068162
20844,development,0,0.12266216632560921
20845,development,0,0.12785832249347853
20846,holdout,0,0.12969742706369572
20847,development,0,0.09298682618322046
20848,development,0,0.7170419657563251
20849,development,0,0.10306501369397159
20850,development,0,0.1218296857997308
20851,development,0,0.40809869378207164
20852,holdout,0,0.08742644673110084
20853,development,0,0.1149170551054575
20854,holdout,0,0.12415071756458672
20855,development,0,0.1528454913842833
20856,holdout,1,0.3170819503004099
20857,development,0,0.10769189893478676
20858,development,0,0.11683853645940273
20859,development,0,0.0774494861924457
20860,development,0,0.23929248368742972
20861,development,0,0.12278640243601226
20862,development,0,0.06984282071530835
20863,development,0,0.1537373006654505
20864,holdout,0,0.11101931530185173
20865,development,1,0.11028735996182201
20866,development,0,0.12780186717193376
20867,development,0,0.10301156612356879
20868,holdout,0,0.2243961220398075
20869,holdout,0,0.22340770483366437
20870,development,1,0.3051757381968542
20871,development,0,0.11581508474919754
20872,development,0,0.0888894139909045
20873,development,0,0.10671612230025651
20874,holdout,0,0.13427436948326163
20875,development,0,0.5572251607291826
20876,development,1,0.23808875967579382
20877,development,0,0.08372589574584259
20878,development,0,0.16001516506141278
20879,development,0,0.06959635992881119
20880,development,0,0.11680690636424436
20881,holdout,1,0.7098433718866627
20882,development,0,0.08187355276285051
20883,development,0,0.1266211159283057
20884,development,0,0.08592417545591102
20885,development,0,0.10587673946751483
20886,development,0,0.2804486152616699
20887,holdout,0,0.14167724823223393
20888,development,0,0.44888275830174856
20889,development,1,0.8255906229693633
20890,development,0,0.034130005957773456
20891,development,0,0.10453810605998697
20892,development,0,0.11194949506347025
20893,holdout,0,0.2748811634129213
20894,development,0,0.0694908625821687
20895,development,0,0.11288586422983393
20896,holdout,0,0.11766535190558497
20897,development,1,0.10139811751996392
20898,development,0,0.4639338425245211
20899,development,0,0.1291888455363472
20900,holdout,0,0.07688534157822496
20901,development,0,0.11867225342597765
20902,development,1,0.2415823540319907
20903,development,0,0.12898102556302196
20904,holdout,0,0.13107452003217765
20905,development,1,0.5335125485980138
20906,development,1,0.4282770827918612
20907,development,0,0.3816387604761699
20908,development,1,0.3852999850899124
20909,development,0,0.16405985236102666
20910,development,0,0.12884368710790212
20911,holdout,1,0.7446488317891558
20912,holdout,0,0.12174309239717054
20913,development,0,0.11245258218550767
20914,holdout,0,0.10577758738220777
20915,holdout,0,0.0790379043191861
20916,holdout,0,0.1219033948614924
20917,holdout,0,0.11220731247199817
20918,development,0,0.09945008508119568
20919,development,0,0.11875188918894289
20920,holdout,0,0.31165869113978584
20921,development,0,0.12241180329459428
20922,holdout,0,0.1109365923636682
20923,development,0,0.10785144442756667
20924,development,1,0.2543416522730441
20925,development,0,0.12023559128113187
20926,development,0,0.14079604418097053
20927,development,1,0.08462687018171486
20928,development,0,0.2928572224736316
20929,development,0,0.11124859753450737
20930,development,0,0.2385286735198154
20931,development,0,0.13118893463363515
20932,development,0,0.0899560899216814
20933,development,0,0.16911717625043285
20934,development,0,0.05335653291738656
20935,holdout,0,0.1226643179430628
20936,holdout,0,0.14183550124565755
20937,holdout,0,0.0938635863056313
20938,development,0,0.1332847122479118
20939,development,0,0.28158221128634064
20940,holdout,0,0.10226441663938815
20941,development,0,0.11240412926349112
20942,development,0,0.16126350765115838
20943,development,0,0.07838112122345704
20944,development,0,0.20059628012046885
20945,holdout,0,0.19324741956288066
20946,development,0,0.14739278585520565
20947,development,0,0.12739365944394704
20948,holdout,0,0.15314765110280004
20949,holdout,0,0.09508191405403757
20950,holdout,0,0.15555911285424784
20951,development,0,0.12048863157402402
20952,development,0,0.10176909912071828
20953,development,0,0.13575658077058622
20954,development,1,0.2049954941911392
20955,development,0,0.12840239439373813
20956,development,0,0.15877764180978693
20957,development,1,0.7022689162529089
20958,development,1,0.1165149969549325
20959,holdout,0,0.11491748194835347
20960,development,0,0.10273016966388317
20961,development,0,0.1216741577302736
20962,holdout,0,0.11845599792298454
20963,development,0,0.13867905875129002
20964,holdout,0,0.11876785375843386
20965,development,1,0.46088964125588266
20966,development,0,0.1036457220519015
20967,development,1,0.5027817843112836
20968,development,0,0.13151621369775066
20969,development,0,0.33357152721418054
20970,development,0,0.0980475957813711
20971,holdout,0,0.075017670380991
20972,development,0,0.08789409379491868
20973,development,0,0.1796727064773345
20974,holdout,0,0.1567412877850844
20975,holdout,0,0.13933221999877632
20976,holdout,0,0.43072794489285676
20977,holdout,0,0.12106720481403606
20978,development,0,0.1092941816297451
20979,development,0,0.14423133218631704
20980,development,0,0.1605293511879235
20981,holdout,0,0.1181190464765123
20982,development,0,0.13294494867188913
20983,development,0,0.1565535096362143
20984,development,0,0.15042217465348867
20985,development,0,0.2525018059426706
20986,development,0,0.08441674624334575
20987,development,0,0.07241253956555818
20988,holdout,0,0.12946946795572523
20989,holdout,0,0.10686344859207418
20990,development,0,0.4553678399009796
20991,development,0,0.07653364776689701
20992,development,1,0.15931188425240658
20993,development,0,0.31310081140041335
20994,development,0,0.7025694771517468
20995,holdout,0,0.12547212716707626
20996,development,0,0.1093613134358149
20997,development,1,0.0805308524385225
20998,development,0,0.12373125619711652
20999,development,0,0.10659626444222976
21000,development,0,0.11319601029821934
21001,development,1,0.43232545029413044
21002,development,0,0.12832606274627606
21003,development,0,0.1582523867171655
21004,development,0,0.15690034231632166
21005,holdout,0,0.07809724825435423
21006,development,0,0.3343278903221586
21007,development,1,0.16656723100803425
21008,development,0,0.17379891440001433
21009,holdout,0,0.09141900803502166
21010,holdout,1,0.679024524749319
21011,holdout,0,0.1469928627516068
21012,development,0,0.19009474901959175
21013,development,1,0.47737905694626404
21014,development,0,0.1267809327122041
21015,development,0,0.39735658391452705
21016,holdout,0,0.1923312468141784
21017,development,1,0.4080838554484877
21018,holdout,0,0.11626743066588136
21019,holdout,0,0.11591413604565459
21020,development,0,0.08289188637198185
21021,development,1,0.07826557129155386
21022,development,1,0.4970572513331433
21023,holdout,1,0.4960427689499367
21024,development,1,0.12950980466765022
21025,development,0,0.03803870356383592
21026,development,0,0.12115951077282755
21027,holdout,0,0.09254636394541119
21028,holdout,0,0.17916639881564864
21029,development,1,0.09404744184411114
21030,holdout,0,0.16698606171504485
21031,holdout,0,0.09384246823727802
21032,holdout,1,0.16128165847274006
21033,development,0,0.10475437877609735
21034,development,1,0.41206269356701564
21035,development,1,0.44570944699945303
21036,holdout,0,0.14214362622218807
21037,development,0,0.3743715584368574
21038,development,0,0.109062270010272
21039,development,0,0.14236315026651283
21040,development,0,0.20712970086996998
21041,holdout,0,0.06943200057887075
21042,development,0,0.30936152055449573
21043,development,0,0.10699879132615882
21044,holdout,0,0.12597882672312413
21045,holdout,0,0.15422099931843505
21046,development,1,0.113049369918567
21047,development,0,0.12441975939014986
21048,holdout,0,0.12643267711745887
21049,development,0,0.10425619478266028
21050,holdout,1,0.28191404096909717
21051,holdout,0,0.08556254819392407
21052,holdout,0,0.12195458146286937
21053,development,0,0.16042535926436885
21054,development,1,0.08410982288769325
21055,development,0,0.1493410751279263
21056,development,0,0.09989421145567196
21057,development,0,0.3912182873308336
21058,development,0,0.07889718481502267
21059,development,0,0.11498126924128288
21060,development,0,0.16055933903619743
21061,development,0,0.12241564946235214
21062,development,0,0.12224929245545713
21063,holdout,1,0.1453400241890289
21064,development,0,0.16110159966336585
21065,holdout,0,0.11220225670613154
21066,holdout,1,0.08821108227731389
21067,holdout,0,0.1380627578912489
21068,holdout,0,0.4029473667651749
21069,development,0,0.1291148025146654
21070,development,1,0.36063128086537277
21071,development,0,0.35480627305578427
21072,development,0,0.10926273485054024
21073,development,1,0.7006737403634109
21074,development,0,0.3087880838794477
21075,development,0,0.32870944433969695
21076,development,0,0.13215420212568504
21077,development,0,0.10078095087163053
21078,development,0,0.10308366256984715
21079,development,0,0.3305582698846008
21080,development,0,0.10955834986997813
21081,holdout,0,0.1055135819670462
21082,development,1,0.5861271438401799
21083,holdout,0,0.13648885577059197
21084,development,0,0.10198496587701526
21085,development,0,0.1068868484804988
21086,holdout,0,0.6296593162992054
21087,development,0,0.11562896064201889
21088,holdout,0,0.08643185360615363
21089,development,0,0.1381281723771361
21090,development,0,0.1328978034600079
21091,development,0,0.12607320862814994
21092,development,0,0.13636104225055398
21093,development,0,0.11904057846078807
21094,development,0,0.14151628308018857
21095,development,0,0.10390158670729438
21096,development,1,0.1084534158068049
21097,development,0,0.4144502028295774
21098,development,0,0.3683275621915797
21099,development,1,0.09852015450636423
21100,development,0,0.14781964555989577
21101,development,0,0.16434793664245861
21102,holdout,0,0.7695196715010697
21103,development,0,0.13170669433598683
21104,holdout,0,0.14666653615500785
21105,development,0,0.2919742196548644
21106,development,0,0.13353862472231956
21107,development,0,0.1338856788200196
21108,development,0,0.1567230896526888
21109,development,0,0.1774130329951381
21110,development,1,0.13648096912309465
21111,development,0,0.1690125675326125
21112,development,0,0.12278260326701962
21113,development,0,0.15328767786021374
21114,holdout,0,0.12181042676334884
21115,development,1,0.0976331407130753
21116,holdout,0,0.11816026338113238
21117,development,0,0.08289288386214444
21118,development,0,0.0850749217889848
21119,development,0,0.07574366649501187
21120,development,0,0.16896204941811976
21121,development,0,0.0800160680430369
21122,development,0,0.11482283275207798
21123,development,0,0.34322345015274125
21124,holdout,0,0.11423850135428525
21125,development,0,0.74624031924953
21126,development,1,0.3062102089903163
21127,holdout,1,0.14977206234984075
21128,holdout,0,0.1733871449532646
21129,holdout,0,0.08274277394382573
21130,development,1,0.3431863510704209
21131,development,1,0.4141015606374805
21132,development,0,0.13135250521388694
21133,development,1,0.1891245497855692
21134,development,0,0.13093193314399026
21135,holdout,0,0.12363800645093051
21136,holdout,0,0.12256580922034974
21137,development,0,0.08840962680661398
21138,development,1,0.1640783443207055
21139,development,1,0.5307393201563753
21140,development,0,0.31129095487359176
21141,holdout,0,0.16514746496423127
21142,development,0,0.16872012540241413
21143,development,0,0.07978117658222698
21144,development,0,0.06026834244703322
21145,development,1,0.17384368930170435
21146,development,0,0.16634082454490898
21147,development,1,0.1535740866714844
21148,holdout,1,0.12091855834459457
21149,holdout,0,0.18479363678884905
21150,development,0,0.20591196505982132
21151,development,0,0.14940902926527824
21152,development,0,0.12537645420483037
21153,development,0,0.1368644346951738
21154,holdout,0,0.11010134484407047
21155,development,0,0.17563324543900133
21156,holdout,1,0.22717941737322084
21157,holdout,0,0.21857884642192987
21158,development,0,0.3040067627656465
21159,holdout,0,0.19426494805547276
21160,development,0,0.671033556164683
21161,development,1,0.612010520955579
21162,holdout,0,0.08499802681128639
21163,holdout,0,0.12117675274027032
21164,holdout,0,0.15045298289484096
21165,development,0,0.404134436363103
21166,development,0,0.14819273081470224
21167,holdout,1,0.10983573043435407
21168,development,0,0.19192895889252637
21169,development,0,0.1409790019239425
21170,holdout,0,0.1501943226387622
21171,holdout,0,0.14573060162078733
21172,development,1,0.6625494400243459
21173,holdout,1,0.1401154319406996
21174,development,0,0.08797229272011868
21175,development,0,0.14664504794866748
21176,development,1,0.7521358645296864
21177,development,0,0.11657048491033982
21178,development,0,0.180219818560475
21179,holdout,0,0.4039035644683505
21180,holdout,0,0.7101342638780963
21181,holdout,0,0.20595892784291933
21182,holdout,1,0.10284289131324668
21183,holdout,0,0.17030361833385993
21184,development,1,0.15544170392161313
21185,development,0,0.345870191363265
21186,holdout,0,0.13197093115316136
21187,holdout,0,0.13778465331036235
21188,development,0,0.21843180485815336
21189,development,1,0.6375144341896435
21190,development,0,0.22777199683601407
21191,development,0,0.12075339300105926
21192,development,0,0.18087601246176127
21193,development,1,0.573104545522352
21194,development,0,0.19031895478600053
21195,development,1,0.2927658548013156
21196,development,1,0.2052622080538256
21197,development,1,0.6970683222400453
21198,holdout,0,0.15840082684710685
21199,development,0,0.09434186932932033
21200,holdout,0,0.20163619786343293
21201,development,0,0.31985081057126724
21202,holdout,0,0.34703885079348223
21203,development,1,0.1488332359946722
21204,holdout,0,0.08432852291867508
21205,holdout,0,0.14616698155876656
21206,holdout,0,0.14784169126782393
21207,development,0,0.1013952370667286
21208,development,0,0.10909378405798462
21209,holdout,0,0.14750653569262628
21210,development,1,0.1956976414399482
21211,development,1,0.18357558837536384
21212,development,0,0.12574800423047577
21213,development,0,0.6283479710082812
21214,holdout,0,0.16902790001418552
21215,holdout,0,0.2305782403370168
21216,development,1,0.16985248795877486
21217,development,0,0.1854703536759559
21218,development,0,0.15436531815327217
21219,holdout,0,0.18100155955990524
21220,development,0,0.7302973762016156
21221,development,0,0.13010784187616903
21222,development,0,0.1596571702216417
21223,development,0,0.1301103768903367
21224,development,0,0.12852537625213212
21225,holdout,1,0.31496270389972464
21226,development,0,0.16660684349194466
21227,holdout,0,0.15375669501561842
21228,holdout,0,0.24225749787298503
21229,development,0,0.15863767595905232
21230,holdout,0,0.1267611115671796
21231,development,0,0.3276661581123908
21232,development,0,0.797356610288065
21233,development,0,0.11758481136302949
21234,development,1,0.12495541138398057
21235,holdout,0,0.12061739477482662
21236,development,1,0.1750879687234728
21237,holdout,1,0.5647443268820279
21238,development,0,0.09981544402097416
21239,development,0,0.15139507424110055
21240,development,0,0.11761280357228258
21241,holdout,0,0.08650473157028331
21242,development,0,0.0908246623413056
21243,development,1,0.4128292561361511
21244,development,0,0.11347601728179825
21245,development,0,0.15603124446482206
21246,development,0,0.3956804374150541
21247,development,0,0.17325546329607405
21248,development,0,0.13928686430047754
21249,holdout,1,0.8666843967900731
21250,holdout,0,0.15398083667322357
21251,development,0,0.1376607882968089
21252,development,0,0.14846144871818603
21253,holdout,1,0.5264105760184424
21254,development,0,0.11713818343271702
21255,development,0,0.3676725212371306
21256,development,0,0.1834489026285824
21257,development,0,0.40046648246148553
21258,development,0,0.8038234313070078
21259,development,1,0.3194587869296541
21260,development,0,0.2603201138706206
21261,development,1,0.6816330729207526
21262,development,1,0.12895214223272924
21263,development,0,0.20465928562456331
21264,holdout,0,0.1503933909271954
21265,development,1,0.16944391683921126
21266,holdout,0,0.1161215967017245
21267,development,1,0.22668871234372537
21268,development,1,0.3503519791620703
21269,development,0,0.13907668579772992
21270,development,0,0.1570071712481758
21271,holdout,0,0.20026244975812377
21272,development,1,0.3284456201811338
21273,development,0,0.07580261141081354
21274,holdout,1,0.5134615595509835
21275,holdout,0,0.37150188989303096
21276,holdout,0,0.13005068439902637
21277,development,0,0.26521094853264643
21278,development,1,0.768484499853177
21279,development,0,0.13636348340740098
21280,holdout,0,0.13378747905010271
21281,holdout,1,0.6162793910372018
21282,development,1,0.1392247134336181
21283,development,1,0.20697849132126064
21284,development,0,0.1346135582401801
21285,development,1,0.5252142946003366
21286,development,1,0.12004202783554613
21287,holdout,0,0.5138141648725499
21288,holdout,0,0.3822623144812557
21289,development,1,0.7495625019113491
21290,holdout,0,0.1449380755155132
21291,development,0,0.09303622328058353
21292,development,0,0.21780240591607836
21293,holdout,0,0.3760007556548331
21294,development,1,0.21379681370439113
21295,development,1,0.43512796130157066
21296,development,0,0.32073244592329525
21297,development,0,0.12183832066915143
21298,development,0,0.22222789783027763
21299,development,1,0.8422105865988733
21300,development,0,0.16097978849083305
21301,development,0,0.20344268916466182
21302,development,0,0.14862727426782174
21303,holdout,0,0.11727891363453653
21304,holdout,0,0.12119675511838118
21305,holdout,0,0.09771939283132726
21306,development,0,0.3095855920536447
21307,development,0,0.13329053412112393
21308,development,0,0.15010450949386325
21309,development,0,0.11652405030072224
21310,development,0,0.08754746530914412
21311,development,0,0.1528380974609089
21312,development,0,0.35294951136425756
21313,development,1,0.6217230912473385
21314,holdout,0,0.17950495718084564
21315,development,0,0.2370685408771008
21316,holdout,0,0.41165764136857036
21317,holdout,1,0.34838677584558736
21318,development,0,0.5149136129067804
21319,development,0,0.34822061599853166
21320,development,1,0.20629119375634206
21321,development,0,0.12757289454930368
21322,development,1,0.10560122059061776
21323,development,0,0.15578560255349788
21324,development,0,0.32542796716654376
21325,development,0,0.1465182910552608
21326,holdout,0,0.17920197351874456
21327,development,0,0.2018553790738486
21328,development,0,0.13183493697577936
21329,development,1,0.1549486463762211
21330,development,1,0.12890244627838135
21331,development,0,0.05826961988935982
21332,holdout,0,0.10923134071456271
21333,development,1,0.4701638460276101
21334,development,0,0.15120539025964433
21335,holdout,0,0.1198488666603261
21336,holdout,0,0.05946507623058484
21337,development,1,0.5053974624415414
21338,holdout,0,0.09723086158727924
21339,development,0,0.18163994401622444
21340,development,1,0.6572527934223733
21341,development,0,0.09582002602700238
21342,development,0,0.18243892342433277
21343,development,0,0.10336041837260844
21344,development,0,0.09686427809408357
21345,holdout,0,0.09804538341345861
21346,development,0,0.11334214058536783
21347,development,0,0.08055254442465061
21348,development,0,0.11870483979715626
21349,development,1,0.40503345563607546
21350,development,0,0.14454482950845543
21351,development,0,0.1518432596401797
21352,development,0,0.13446727074793988
21353,holdout,0,0.117246950371671
21354,development,1,0.48154302448125236
21355,holdout,0,0.14854308203793953
21356,development,0,0.12233768041889234
21357,development,1,0.654891224079042
21358,holdout,1,0.6656881540792838
21359,development,0,0.3719207471317612
21360,development,0,0.1162933952917077
21361,development,0,0.48969185730943626
21362,development,0,0.1128747471313349
21363,holdout,0,0.15448595478340282
21364,development,1,0.5899222817712146
21365,development,0,0.0867921029285552
21366,development,0,0.05433246666482695
21367,holdout,0,0.10924994117892542
21368,development,0,0.12507022071655138
21369,development,0,0.10226473537625487
21370,development,0,0.06371451747645493
21371,development,0,0.11285754224668543
21372,development,0,0.3804803909630629
21373,holdout,0,0.15242141090974018
21374,development,1,0.14187234093438628
21375,development,0,0.09657081579580255
21376,development,0,0.28577112537453514
21377,holdout,0,0.29687281238519
21378,development,0,0.11429037297353373
21379,development,1,0.5210103181976892
21380,development,1,0.11023496653024924
21381,holdout,0,0.15289458515222037
21382,holdout,0,0.1760099736935356
21383,holdout,0,0.10899926207245766
21384,development,0,0.11032027923087491
21385,development,1,0.6946899485089059
21386,development,0,0.1327341475907087
21387,development,0,0.21401067677865446
21388,development,1,0.11133276644504615
21389,development,0,0.5223355011600145
21390,development,0,0.1239497300655203
21391,development,1,0.4490890253213528
21392,development,0,0.09972302010381685
21393,holdout,0,0.10597557427243763
21394,development,1,0.8357727400052942
21395,development,0,0.5558284538271834
21396,holdout,0,0.11203570020120766
21397,development,0,0.057800258219111965
21398,development,1,0.11140741404050489
21399,development,0,0.3394392467305604
21400,holdout,0,0.10497490209172401
21401,development,0,0.12184298917177956
21402,development,0,0.12006803643840722
21403,holdout,0,0.14772171266336012
21404,development,0,0.08161153175391841
21405,development,0,0.10608646684934984
21406,development,0,0.115336096271139
21407,development,0,0.12327036156905076
21408,development,1,0.749741870057918
21409,development,0,0.23026809142918372
21410,development,0,0.0898432451207834
21411,development,0,0.07364394644145032
21412,holdout,0,0.10543604192620055
21413,development,0,0.12304268336269218
21414,holdout,1,0.15734231214947098
21415,development,0,0.11527227123720737
21416,development,0,0.14782855690078425
21417,development,0,0.11971474963712497
21418,development,0,0.15300828135553776
21419,development,0,0.2657744667886843
21420,development,0,0.25909022753897365
21421,development,0,0.10475395515440895
21422,development,0,0.14787949965309413
21423,holdout,0,0.06917779174864483
21424,development,0,0.0912883874632371
21425,development,0,0.13131387200506087
21426,development,0,0.15491517565929552
21427,development,0,0.13257816050510055
21428,holdout,0,0.06182037367986482
21429,development,1,0.7267940386458525
21430,development,0,0.14391645556186672
21431,development,1,0.07529764367484267
21432,development,0,0.11834477633282595
21433,development,0,0.12655291872948513
21434,development,0,0.15872500821285743
21435,development,0,0.08074022706124494
21436,holdout,0,0.19536068156025635
21437,development,0,0.30620268442202353
21438,development,0,0.1143239225898831
21439,development,0,0.19366236842335224
21440,development,0,0.45038303596915247
21441,development,0,0.11737129281405378
21442,development,0,0.07438921820098347
21443,development,0,0.07365388562839362
21444,development,0,0.13400254553975346
21445,holdout,1,0.4182567953012923
21446,holdout,1,0.5699239687679887
21447,holdout,1,0.5706184974129052
21448,development,0,0.07917765396978861
21449,development,0,0.3818667481818263
21450,holdout,0,0.11815355989552961
21451,holdout,1,0.31794276018805967
21452,development,0,0.10600614997498421
21453,development,0,0.1831902827115929
21454,development,0,0.15450403647550126
21455,development,1,0.554729089320446
21456,development,0,0.09804794914022015
21457,development,0,0.057361532056090674
21458,development,0,0.11542807312281866
21459,holdout,0,0.15033897124390308
21460,holdout,0,0.14661418687717354
21461,development,1,0.6721009503510768
21462,development,1,0.07633261021680293
21463,development,0,0.12031776385579006
21464,holdout,0,0.14096028163982074
21465,development,0,0.14115513475862787
21466,development,1,0.44412628295772755
21467,holdout,0,0.08475716503272117
21468,development,0,0.10402298327484337
21469,holdout,0,0.2775256297959573
21470,development,0,0.10367283555042263
21471,development,0,0.11308181573969689
21472,development,0,0.114463522583857
21473,holdout,0,0.10511301710710351
21474,development,0,0.036468770694034085
21475,development,0,0.6379276199033469
21476,holdout,0,0.7908283498709107
21477,development,0,0.085341380766531
21478,development,1,0.298153106122819
21479,holdout,0,0.03073051561744388
21480,holdout,0,0.07452344788163665
21481,development,0,0.10722269155896004
21482,development,0,0.12301589728949391
21483,development,1,0.12030343775679989
21484,development,0,0.6184412283136537
21485,holdout,0,0.20686036730747442
21486,holdout,0,0.15703005636232276
21487,development,1,0.08091881814566386
21488,development,0,0.16390299957877422
21489,development,0,0.1132594430775877
21490,development,0,0.1261298085457379
21491,holdout,0,0.14553170121743267
21492,development,0,0.1304503645789774
21493,development,0,0.11729103960684824
21494,development,0,0.553250377775431
21495,holdout,0,0.1422835768647173
21496,development,0,0.13921916463707612
21497,holdout,1,0.20412692685289827
21498,development,1,0.7077477530649976
21499,development,0,0.1263635111204057
21500,development,0,0.5164299346596518
21501,development,0,0.32989019290165456
21502,holdout,1,0.21222474743844852
21503,holdout,0,0.11959256888002913
21504,development,0,0.16003912955365865
21505,holdout,0,0.1151962566346789
21506,holdout,1,0.4908854211463225
21507,development,0,0.12079590322718853
21508,holdout,0,0.13488354637921687
21509,holdout,0,0.31903232839112006
21510,development,1,0.6543993455203096
21511,holdout,0,0.08516407309069308
21512,development,1,0.17326336327695455
21513,development,0,0.11777321314697096
21514,development,1,0.31765797838691756
21515,holdout,0,0.0857226254555849
21516,holdout,1,0.3979856575564949
21517,development,1,0.18062221861990102
21518,development,0,0.09835281329877144
21519,holdout,0,0.03186287378088458
21520,holdout,0,0.12294408352637687
21521,development,1,0.7718154524897423
21522,development,1,0.43756696925594213
21523,development,0,0.10410536480617638
21524,development,0,0.14066024760758492
21525,development,1,0.6119657144982406
21526,development,0,0.1690759295583355
21527,development,0,0.08581470929869142
21528,holdout,0,0.08302284706864534
21529,development,0,0.12270585338258791
21530,development,0,0.13220600919905387
21531,development,0,0.10225244339866166
21532,development,0,0.12764639911724138
21533,development,0,0.11918835873120925
21534,development,0,0.11457539809306165
21535,development,0,0.11685232182984541
21536,development,0,0.10572577248657852
21537,holdout,0,0.12870797174985774
21538,development,0,0.08859477819465524
21539,holdout,0,0.07478675974330357
21540,development,0,0.09066179231713131
21541,development,0,0.1311031602673675
21542,holdout,0,0.17135656623813503
21543,holdout,0,0.10441988973487877
21544,development,0,0.1473305068999812
21545,development,1,0.35667594645459305
21546,development,0,0.12476187835284454
21547,holdout,0,0.1151543297556237
21548,holdout,1,0.11697926636552493
21549,development,0,0.37741146120229657
21550,holdout,0,0.12452703802127313
21551,development,0,0.8424764515898492
21552,holdout,0,0.11454575090865246
21553,development,0,0.10895613444417517
21554,development,0,0.15590382724650978
21555,development,0,0.12825165462430937
21556,holdout,0,0.11284263756901357
21557,development,0,0.11239306350239363
21558,development,0,0.06917538669783635
21559,development,0,0.06979971109187649
21560,holdout,0,0.18598638125070371
21561,development,0,0.06986053343803111
21562,development,0,0.12863216288245377
21563,development,0,0.15671961064753653
21564,development,0,0.14874833328448817
21565,development,0,0.3304307653974529
21566,holdout,0,0.09809802407557311
21567,holdout,0,0.08090100126988671
21568,development,1,0.7315678794053863
21569,development,0,0.1312597962214365
21570,development,0,0.12875468703311516
21571,development,0,0.0846145107295812
21572,development,0,0.2535113124473646
21573,development,0,0.18803173977471338
21574,holdout,0,0.22265240199902028
21575,holdout,0,0.10137336588974873
21576,holdout,0,0.14554409816734093
21577,development,1,0.4979274656759957
21578,development,0,0.227309243754656
21579,development,0,0.10734759705328137
21580,development,0,0.24168522844044038
21581,holdout,0,0.11921452364148744
21582,development,0,0.6566168637319565
21583,holdout,0,0.13640500607899406
21584,development,0,0.10638452502839908
21585,development,1,0.3277199362268114
21586,development,0,0.12433117295727852
21587,development,0,0.14526601176037757
21588,development,0,0.11481301071213065
21589,development,0,0.1660609394584627
21590,development,0,0.08592881568022588
21591,development,1,0.2831237527345078
21592,development,0,0.19895566985603674
21593,development,0,0.22649294729801883
21594,development,0,0.34449125921685886
21595,development,0,0.12228161139616618
21596,holdout,1,0.7874214131152084
21597,development,0,0.07220100750456092
21598,development,0,0.17285195156421715
21599,holdout,1,0.44934429683238203
21600,development,0,0.12902669398207536
21601,development,0,0.17252148823579241
21602,development,0,0.08209510073491047
21603,holdout,1,0.07491654880659042
21604,holdout,0,0.1106833688710896
21605,development,0,0.08954430548021061
21606,holdout,0,0.15955693951565422
21607,development,1,0.26912612267754304
21608,development,0,0.13305612612075296
21609,holdout,0,0.07504965328986803
21610,development,0,0.28911736179906267
21611,development,0,0.7072238997149493
21612,development,1,0.24542037024151675
21613,development,0,0.11761820611652944
21614,development,0,0.1542533830946284
21615,development,0,0.16052082480347576
21616,development,0,0.04063863107566277
21617,holdout,1,0.13959538315456527
21618,holdout,0,0.14254831230468917
21619,development,1,0.11774760029914619
21620,holdout,0,0.19197584386716957
21621,development,0,0.3293093285643363
21622,development,0,0.1109707572565123
21623,development,0,0.1921611081196412
21624,development,0,0.11620326113644829
21625,development,1,0.3029317207557203
21626,development,0,0.19725563970789778
21627,development,1,0.527962817158231
21628,holdout,0,0.1321119763612667
21629,development,1,0.7907726252344363
21630,holdout,0,0.08720547395249868
21631,development,0,0.111361522553067
21632,development,0,0.10108625547190792
21633,development,0,0.4746743141308051
21634,development,0,0.12120532599815133
21635,holdout,0,0.08185541556645845
21636,development,0,0.14753122400213073
21637,development,1,0.7474663112271688
21638,development,0,0.11635949501454917
21639,development,1,0.46216957398320263
21640,development,1,0.21421184583643318
21641,holdout,0,0.28510620263290753
21642,development,1,0.351948111614898
21643,development,0,0.1413670171410505
21644,development,0,0.13466087745202457
21645,development,0,0.11538585928554931
21646,development,0,0.12146523141529553
21647,development,0,0.12861479497655054
21648,development,0,0.0627487322253849
21649,development,0,0.13988099512263574
21650,development,0,0.13554499567263675
21651,development,0,0.06661829951266458
21652,development,0,0.2140046349495614
21653,development,1,0.25419004383824984
21654,development,0,0.0960129049798699
21655,development,0,0.14450223441896023
21656,holdout,0,0.12314062640098518
21657,holdout,0,0.15457346878388517
21658,development,1,0.6706231348855995
21659,holdout,1,0.04258889920872287
21660,development,0,0.15847641498244286
21661,development,0,0.3024960254866317
21662,development,0,0.3613030661534859
21663,development,0,0.14533127721551792
21664,development,1,0.11573194578338428
21665,development,1,0.3906582311329005
21666,holdout,1,0.7217074548383611
21667,development,0,0.11998161997970846
21668,development,0,0.07339803459294082
21669,holdout,0,0.11632403591805958
21670,development,1,0.2843424362227064
21671,development,0,0.12631652336750257
21672,holdout,0,0.10220375923394893
21673,development,0,0.11721518080923125
21674,development,1,0.7069149064028925
21675,holdout,0,0.15511148646455247
21676,holdout,0,0.13815280791333528
21677,holdout,1,0.7114124725018727
21678,development,0,0.1143654888313799
21679,development,0,0.174659167040401
21680,development,0,0.1139601855990029
21681,holdout,0,0.23909193845648247
21682,holdout,0,0.036286076289609455
21683,development,1,0.10209195745356033
21684,development,0,0.12263756607423672
21685,development,0,0.08254321854641936
21686,holdout,0,0.11801337958646894
21687,holdout,1,0.5572434330564007
21688,holdout,0,0.31791719765416687
21689,development,0,0.30643351118316875
21690,development,0,0.11492427150484609
21691,development,0,0.04167074915357486
21692,development,1,0.9617591668527102
21693,development,1,0.7101119892786204
21694,holdout,1,0.20778780715872824
21695,development,1,0.23946915608309813
21696,holdout,1,0.8336179809202425
21697,development,0,0.10652491867852006
21698,development,0,0.17227526656006373
21699,development,0,0.3036747173878597
21700,development,0,0.4596492293317564
21701,holdout,0,0.26494030710636357
21702,holdout,0,0.11451515096872947
21703,holdout,0,0.1334243060408061
21704,holdout,0,0.11159272833153336
21705,development,0,0.15303848459759878
21706,development,0,0.13053311323844213
21707,holdout,0,0.26579823454463064
21708,development,0,0.0801813612175455
21709,development,0,0.12446459539775935
21710,development,0,0.08937952397766132
21711,development,0,0.1257660998921197
21712,holdout,0,0.1415117248109126
21713,development,1,0.43535988894687283
21714,development,0,0.20194118640728645
21715,development,0,0.12847744777539258
21716,holdout,1,0.32454624784156627
21717,development,0,0.2854527808100587
21718,development,0,0.1189620167934464
21719,development,1,0.7442305141723993
21720,development,1,0.10186777870823703
21721,holdout,0,0.102359054036121
21722,development,1,0.33427593833948066
21723,development,1,0.24977132789524287
21724,development,0,0.12242189808071585
21725,development,1,0.42870767349069255
21726,development,0,0.10788418091770624
21727,development,0,0.07443195140205726
21728,holdout,0,0.14340567997237844
21729,development,0,0.2417704224964101
21730,development,0,0.12292550183154216
21731,holdout,0,0.2563075044341905
21732,holdout,0,0.17047447745059008
21733,holdout,0,0.20393826774858906
21734,holdout,0,0.21077431170049843
21735,development,1,0.4762696157824283
21736,holdout,0,0.11400073665203399
21737,development,1,0.5532655339685586
21738,holdout,0,0.1263499044582178
21739,development,1,0.7362918743317943
21740,holdout,1,0.6206083736143497
21741,development,0,0.11080907271374286
21742,holdout,0,0.1281765282025783
21743,development,1,0.6854066555703059
21744,holdout,1,0.30433197855195315
21745,development,0,0.1113913796022118
21746,holdout,1,0.20072072994858614
21747,holdout,0,0.21377619458894193
21748,development,0,0.07683304022268506
21749,development,1,0.7508279147530391
21750,holdout,0,0.0352003345245114
21751,development,0,0.10259223977096578
21752,development,0,0.12732157508394315
21753,development,0,0.476815196554212
21754,development,1,0.15274763239446382
21755,development,0,0.08635530754576244
21756,development,0,0.21848724402077097
21757,holdout,0,0.12332301961945726
21758,development,0,0.16832812405834424
21759,holdout,0,0.4259947808588273
21760,development,1,0.11760637831166026
21761,development,0,0.17176990611826884
21762,holdout,0,0.4761438127323132
21763,development,0,0.10072887068093543
21764,holdout,0,0.30819051013814197
21765,holdout,0,0.11813844887761021
21766,development,0,0.10849379301226643
21767,development,0,0.17353061771740577
21768,development,1,0.25932340076093036
21769,development,0,0.7507213727420138
21770,development,0,0.10069996422836176
21771,holdout,0,0.09205288611193956
21772,development,0,0.10024694104992361
21773,development,1,0.6501785911936467
21774,development,0,0.737292012460141
21775,development,1,0.8292685863342686
21776,development,1,0.3213890725751627
21777,development,0,0.1290860168494046
21778,holdout,0,0.1028903027059564
21779,development,0,0.06781359744454897
21780,development,0,0.1541272331583627
21781,development,0,0.11309286178152925
21782,development,0,0.01870333816910431
21783,development,0,0.11460566547584933
21784,holdout,0,0.11775830271757304
21785,development,1,0.09053491996446031
21786,holdout,0,0.1381312936027036
21787,development,1,0.6733775555388805
21788,development,0,0.6134527324971446
21789,development,1,0.0805465153136766
21790,development,0,0.14200937009641257
21791,development,0,0.130001725282683
21792,development,0,0.2975695679733257
21793,holdout,0,0.14106407255400166
21794,development,0,0.11904502610001311
21795,development,1,0.12968044857567337
21796,development,0,0.11139317629470678
21797,holdout,0,0.24407683863207102
21798,development,1,0.10880918771375561
21799,development,0,0.1200595994178058
21800,development,0,0.18434237799268224
21801,development,0,0.07448269647785268
21802,development,0,0.201989764894582
21803,development,0,0.13383191934400343
21804,development,1,0.3304307653974529
21805,development,0,0.21604325953710798
21806,development,1,0.4570904829408106
21807,development,0,0.10584678699085097
21808,development,0,0.1479873360200072
21809,development,0,0.18829480130626225
21810,development,0,0.13128438903914866
21811,development,0,0.09324632502603163
21812,holdout,0,0.10788353134554678
21813,development,0,0.1966530383560041
21814,development,0,0.7094994307828765
21815,development,0,0.14120844751169792
21816,holdout,0,0.20834171851639102
21817,holdout,0,0.2286203522591297
21818,development,0,0.10910669946621929
21819,holdout,0,0.12402888820676009
21820,development,0,0.15546407739603096
21821,development,0,0.06775007188745204
21822,holdout,0,0.1530661731006819
21823,holdout,0,0.07646229447851725
21824,development,0,0.21815719985718413
21825,holdout,1,0.5558277712353997
21826,development,1,0.13964719530022265
21827,development,0,0.0807438729776829
21828,development,0,0.23363110291945446
21829,development,0,0.16847308632105262
21830,development,1,0.1411397537398761
21831,development,0,0.09953420354478822
21832,development,0,0.08642256920278428
21833,development,0,0.1986907503782924
21834,development,0,0.29356618661789885
21835,development,0,0.11243622098673443
21836,development,0,0.11358721748503393
21837,development,0,0.13510550509320962
21838,holdout,0,0.10944184656368226
21839,development,0,0.10449089265576385
21840,development,0,0.09990625823326325
21841,development,0,0.1071659503282589
21842,development,0,0.12644781636177005
21843,holdout,1,0.0714611889391747
21844,holdout,0,0.20382118723194395
21845,development,1,0.19828481579946133
21846,development,0,0.08117671260359305
21847,development,0,0.1984622452838657
21848,development,0,0.13094106697675686
21849,development,0,0.28640384560986487
21850,development,0,0.1264760886597542
21851,development,0,0.10981666959810218
21852,development,0,0.12121202947046081
21853,holdout,0,0.2817027733559065
21854,development,0,0.4754889188676583
21855,development,1,0.17282035684924302
21856,development,0,0.1234601703686998
21857,holdout,0,0.11861653225495598
21858,holdout,0,0.22636855009899332
21859,development,0,0.2509027082401985
21860,development,0,0.10930320007270511
21861,holdout,0,0.6827050892140447
21862,development,0,0.39288655614351997
21863,development,0,0.07290251141542828
21864,holdout,0,0.12168357661449586
21865,development,0,0.06749398979456495
21866,development,1,0.3180408439684793
21867,development,1,0.1802124556390393
21868,holdout,1,0.07925280538310567
21869,holdout,0,0.11448144639787632
21870,development,0,0.12651708172591386
21871,holdout,0,0.11533368788352776
21872,development,0,0.1492511386265655
21873,development,0,0.09766720465394609
21874,development,0,0.12802697097339455
21875,development,0,0.12229905820668323
21876,development,0,0.15595323612464035
21877,holdout,1,0.47964658806369315
21878,development,0,0.15946009080196935
21879,development,0,0.13670949805164617
21880,development,0,0.09636243961201975
21881,development,0,0.09535842807121635
21882,development,0,0.1444140563530344
21883,development,1,0.41435619442047905
21884,holdout,0,0.12176776684004054
21885,holdout,0,0.10009296033905346
21886,development,0,0.1505827683779772
21887,holdout,0,0.0959195619456232
21888,holdout,0,0.13046450706201823
21889,holdout,0,0.1732342090246679
21890,development,0,0.09755986940465312
21891,development,0,0.14862520218321057
21892,development,0,0.1540211038565813
21893,development,0,0.2376509793328073
21894,development,0,0.15885781343498928
21895,development,0,0.133097426555193
21896,development,0,0.11381962438936752
21897,holdout,0,0.08105459051602762
21898,development,0,0.0950067470038598
21899,holdout,0,0.33152347941973587
21900,development,0,0.13212450639112705
21901,holdout,1,0.08826171286859881
21902,holdout,1,0.1378268892956118
21903,development,0,0.07418754616846109
21904,development,0,0.1231523361778689
21905,holdout,1,0.17319419412856416
21906,holdout,0,0.08218335438873686
21907,development,0,0.16032964353860588
21908,development,0,0.13721163401072392
21909,development,0,0.15604603111116233
21910,development,1,0.14218088354245564
21911,development,1,0.1381084026399075
21912,holdout,0,0.2102329250027249
21913,development,1,0.18352156559913468
21914,development,0,0.12834938161760537
21915,development,1,0.16991904015090578
21916,development,1,0.13138566395438053
21917,development,0,0.36804738658306113
21918,holdout,0,0.09896362316216534
21919,development,1,0.15350386884217768
21920,holdout,0,0.11957071079514689
21921,development,0,0.17540804931924464
21922,development,0,0.12792237825832556
21923,development,1,0.2809387459811273
21924,development,1,0.490259669621035
21925,holdout,0,0.3063439250332538
21926,development,0,0.2030743765073143
21927,holdout,0,0.10164728519376569
21928,holdout,0,0.16829431296990802
21929,development,0,0.08388691652066964
21930,development,1,0.3707277839315503
21931,development,0,0.1146794574549333
21932,development,0,0.15163104609256528
21933,development,1,0.32052270316930176
21934,holdout,1,0.7192018157544365
21935,development,0,0.41132549952161673
21936,development,0,0.23458918503685408
21937,development,0,0.12883252361792324
21938,development,0,0.7488207845888356
21939,development,0,0.07659080724645831
21940,holdout,0,0.08879371762010332
21941,holdout,0,0.13764033694866162
21942,holdout,0,0.10566480334516366
21943,holdout,0,0.6002773298109035
21944,development,0,0.1620483375004957
21945,holdout,0,0.31228391164778374
21946,development,0,0.13436775806922688
21947,holdout,1,0.50100960848634
21948,development,0,0.11568067093661911
21949,development,0,0.16784404457020005
21950,development,1,0.45977844915630306
21951,development,0,0.1295089404605296
21952,development,0,0.17218113674544838
21953,holdout,1,0.5982498896348123
21954,development,0,0.11169243570770951
21955,development,0,0.17603128545152286
21956,development,0,0.6622242410575692
21957,holdout,0,0.13867570782896924
21958,development,0,0.0771677049998086
21959,development,1,0.12045373588787846
21960,development,0,0.4170879418716495
21961,development,0,0.585496255793119
21962,development,1,0.7581044319225927
21963,development,1,0.7179885190502796
21964,holdout,1,0.21560724143706778
21965,holdout,0,0.16362474948280503
21966,holdout,0,0.14117064649942027
21967,development,0,0.04647567385537704
21968,holdout,0,0.20746038321422577
21969,development,1,0.18580300902921512
21970,development,0,0.41510976336618205
21971,holdout,1,0.1682711932032106
21972,development,0,0.17458084237896995
21973,development,1,0.2869920563692139
21974,development,1,0.879377302470114
21975,development,0,0.22059511642227594
21976,holdout,1,0.04674367299649235
21977,development,0,0.29819110785207453
21978,development,0,0.21844786124773852
21979,development,0,0.14931198934421644
21980,development,1,0.1458793724260093
21981,development,1,0.17681033483772157
21982,development,0,0.1564743095852003
21983,development,1,0.4629904329987455
21984,development,0,0.9338324693657175
21985,holdout,1,0.40364030712140625
21986,development,0,0.13882525962682088
21987,development,0,0.09018851029624315
21988,holdout,0,0.24304585609222554
21989,development,1,0.1741656843577942
21990,holdout,0,0.48258854738105406
21991,holdout,1,0.22870403501769274
21992,development,1,0.4437304257164823
21993,development,0,0.07505609086808492
21994,holdout,0,0.15537686783836452
21995,development,0,0.5089246807867165
21996,development,0,0.1651980802681777
21997,holdout,0,0.17479921259998077
21998,holdout,1,0.7778734911394736
21999,holdout,0,0.2248834054979898
22000,development,0,0.13253901810395097
22001,development,1,0.16888593254377798
22002,development,1,0.16074452097897363
22003,development,0,0.15740647408657524
22004,holdout,0,0.34430811623037294
22005,development,1,0.2568917234627907
22006,holdout,0,0.5771832371899221
22007,development,1,0.12313158005862518
22008,development,0,0.14588992204951906
22009,development,1,0.3553918789486446
22010,holdout,1,0.6654729871209804
22011,holdout,1,0.7292525791714818
22012,development,1,0.4257778644483208
22013,development,0,0.11682148318044988
22014,development,0,0.13135752377685872
22015,development,1,0.3442678777544387
22016,holdout,0,0.08376827551091852
22017,holdout,1,0.7208344364824681
22018,development,0,0.1032922709979802
22019,development,0,0.15734957791450735
22020,development,0,0.21307622921518737
22021,holdout,0,0.1780292245610542
22022,holdout,0,0.1378275703233028
22023,development,0,0.16465309718911061
22024,development,1,0.0395609487136981
22025,development,0,0.13833354247753932
22026,development,0,0.4398952662600095
22027,development,1,0.13499980964458974
22028,holdout,0,0.12212208861769618
22029,holdout,0,0.08966632983728479
22030,holdout,0,0.17338714516030515
22031,holdout,1,0.40979575018478465
22032,development,0,0.21922827512207965
22033,development,1,0.6797964142387868
22034,development,1,0.5564102942674795
22035,development,0,0.6467942655133464
22036,development,0,0.30704025598312196
22037,holdout,0,0.1263575531912733
22038,development,1,0.15767103577974553
22039,development,1,0.5260025553929553
22040,development,0,0.34053981679138706
22041,development,1,0.1405427814863996
22042,development,0,0.13930872131015207
22043,development,1,0.36491019182246515
22044,development,0,0.1349514021722596
22045,development,0,0.15069745134477025
22046,development,0,0.2432444688041405
22047,holdout,1,0.16022381229598942
22048,development,0,0.11293624050209507
22049,development,0,0.11652493216238
22050,development,0,0.08531223354180728
22051,holdout,1,0.5622454159320974
22052,development,0,0.14974576550205698
22053,holdout,0,0.20102964635343668
22054,development,0,0.07091609311967803
22055,development,0,0.1372982706464128
22056,holdout,0,0.2416051506014516
22057,development,0,0.2365667206133318
22058,holdout,0,0.11043992828313928
22059,development,0,0.13864390392464396
22060,development,0,0.11311606931662278
22061,holdout,0,0.15263837798112428
22062,holdout,1,0.7408726525851141
22063,development,1,0.4759050589491287
22064,holdout,0,0.12501538274263932
22065,holdout,1,0.7104692846057789
22066,development,0,0.17360270301124878
22067,development,0,0.379518418209292
22068,development,1,0.5321697408370115
22069,development,1,0.17694203326576405
22070,holdout,0,0.14342460940646523
22071,holdout,0,0.10183515607924512
22072,development,0,0.14424633090008732
22073,development,0,0.21540404128309604
22074,development,0,0.13882391861719134
22075,development,0,0.12768917232795307
22076,development,0,0.1198782401998331
22077,holdout,1,0.700417334345154
22078,development,1,0.4262628760062374
22079,development,0,0.2128172260444209
22080,development,0,0.17825716572329744
22081,holdout,1,0.1397496216103904
22082,holdout,0,0.18469539467986582
22083,holdout,0,0.2585659172551109
22084,holdout,0,0.3273603341471317
22085,holdout,0,0.1741025998011769
22086,holdout,0,0.15709830673576541
22087,development,0,0.1309399439611738
22088,development,1,0.6416927377161252
22089,development,0,0.12360743432845914
22090,development,0,0.14297426402014393
22091,development,0,0.12697861284585807
22092,development,0,0.13438637090932143
22093,holdout,0,0.11635611162113359
22094,development,0,0.16277520038209803
22095,development,1,0.39999361207220924
22096,development,1,0.4867598655147077
22097,development,0,0.14587251011155983
22098,development,0,0.3505742389033922
22099,development,0,0.3984490896051021
22100,development,1,0.4966952126185526
22101,development,0,0.16702593300646254
22102,holdout,1,0.1524927386188651
22103,development,0,0.2758240885498301
22104,holdout,1,0.3435911342758005
22105,holdout,1,0.6880181224539011
22106,holdout,1,0.32324150554024283
22107,development,0,0.14313135842385022
22108,holdout,1,0.31238296742436183
22109,development,0,0.4631971637360784
22110,holdout,1,0.3562683006216657
22111,development,0,0.2570622649872298
22112,development,0,0.14972730372019286
22113,development,0,0.4016134512732227
22114,development,0,0.12930648368452932
22115,holdout,0,0.13323263816498848
22116,development,0,0.23734080431938173
22117,development,0,0.13151881638085264
22118,holdout,0,0.2726778250240078
22119,holdout,0,0.2908287664799084
22120,development,1,0.3797857531001061
22121,development,0,0.125190101908657
22122,holdout,0,0.16132951663225326
22123,development,1,0.2128957330622693
22124,holdout,1,0.15123193323326092
22125,holdout,0,0.16462025047538908
22126,holdout,0,0.10673249535309666
22127,holdout,0,0.09804344445584062
22128,holdout,0,0.11998372236865672
22129,holdout,0,0.1881920956274719
22130,development,0,0.1342611562486033
22131,development,1,0.52347911538791
22132,holdout,0,0.08148451026632998
22133,holdout,0,0.12447593411735823
22134,development,0,0.1718219446961944
22135,holdout,0,0.245507832314144
22136,holdout,1,0.510172149194219
22137,development,0,0.5882800437042794
22138,holdout,0,0.13727672697874532
22139,development,0,0.12128262587584973
22140,holdout,0,0.146704002973842
22141,development,0,0.18801405036578545
22142,development,0,0.16496715363317177
22143,development,0,0.07335611000858709
22144,development,0,0.16186813019011517
22145,holdout,0,0.12738939416662073
22146,development,0,0.39597115185048787
22147,development,0,0.12586805895512154
22148,development,0,0.12744436583472038
22149,development,1,0.4055889203129658
22150,holdout,0,0.1727987298417377
22151,development,1,0.379429194288091
22152,development,1,0.11846688984135027
22153,development,0,0.4694586929981597
22154,holdout,0,0.3514827271497356
22155,development,0,0.13236840432665511
22156,development,1,0.24063741272782738
22157,development,0,0.1379088543602187
22158,development,1,0.8266669823425905
22159,development,0,0.25779500210055367
22160,holdout,0,0.16511406887586985
22161,development,0,0.35059643939396384
22162,development,0,0.1450244014624269
22163,holdout,0,0.15073599142174388
22164,development,1,0.4721311446083339
22165,development,0,0.12104788167641126
22166,development,1,0.16297316273996684
22167,holdout,0,0.14608844002165752
22168,holdout,0,0.14515551868616772
22169,holdout,0,0.7676240910369112
22170,development,0,0.2052573597025498
22171,development,0,0.1092249006887278
22172,development,1,0.6605145037724555
22173,holdout,1,0.3143511011986633
22174,holdout,0,0.07098631825804255
22175,development,0,0.12231309646573936
22176,development,0,0.125797259771573
22177,development,0,0.1471287637466802
22178,development,1,0.1454755233255317
22179,holdout,0,0.30479307929658234
22180,development,1,0.4040123506929326
22181,holdout,0,0.12513362952182044
22182,holdout,0,0.15588929187179257
22183,holdout,0,0.1300435823445794
22184,development,0,0.09768174134489091
22185,development,1,0.349141286561278
22186,development,0,0.22423859151814937
22187,development,0,0.10250674892123718
22188,development,0,0.041238378325176475
22189,holdout,0,0.13678502193308595
22190,development,0,0.12281041450305541
22191,holdout,1,0.4512417275235479
22192,development,0,0.113969817710747
22193,development,0,0.3104822284821878
22194,development,0,0.14756327499220884
22195,holdout,0,0.22416534559749127
22196,development,0,0.09746317652691239
22197,holdout,0,0.1346823317364927
22198,holdout,0,0.07630165532645246
22199,development,0,0.11105120714065264
22200,development,0,0.10849287575890651
22201,development,0,0.14552512012914418
22202,development,0,0.012674986191666295
22203,holdout,0,0.1625684705830552
22204,development,1,0.5868674860870514
22205,development,0,0.07630134138887772
22206,holdout,0,0.0831484777998621
22207,holdout,0,0.18337916506174476
22208,development,0,0.10845655446990554
22209,development,0,0.15731916888166608
22210,development,0,0.16572549376349502
22211,development,1,0.6690428819955825
22212,development,1,0.7109946008393505
22213,development,0,0.3489909471676494
22214,development,0,0.08561172562667381
22215,development,0,0.07535763386295509
22216,holdout,1,0.26852045545097614
22217,development,0,0.1364691172915204
22218,holdout,0,0.1340336154046174
22219,development,1,0.10024130062291976
22220,development,0,0.1546299737824838
22221,development,0,0.4157833893679545
22222,development,0,0.16931913272145832
22223,development,0,0.08449122520215
22224,holdout,1,0.3384545956987695
22225,development,0,0.3652630272044158
22226,development,0,0.1105164271563626
22227,development,0,0.11206123567741814
22228,holdout,0,0.09187694340987698
22229,holdout,0,0.1273424875212871
22230,development,0,0.10832706632343418
22231,holdout,0,0.13697820020503962
22232,holdout,0,0.11200325624733513
22233,development,0,0.12442361860164435
22234,development,1,0.3344366609786589
22235,development,0,0.1141533888940354
22236,development,0,0.1013909993347457
22237,development,1,0.5730898688149987
22238,development,0,0.1173068805986776
22239,holdout,0,0.0747148227782856
22240,development,0,0.3522228803224041
22241,development,0,0.0870394651191729
22242,holdout,1,0.3117063718787085
22243,development,0,0.10572020374354413
22244,development,0,0.12052078846265095
22245,holdout,0,0.14393439490913706
22246,development,1,0.19984434465883413
22247,holdout,0,0.4225087968680214
22248,development,0,0.32835739694078236
22249,holdout,0,0.4479410292057275
22250,holdout,0,0.29766893390465
22251,development,0,0.37998262368476343
22252,holdout,0,0.11722206886543095
22253,holdout,1,0.6318760630121539
22254,holdout,0,0.35096960364877045
22255,development,0,0.1193528804577451
22256,holdout,0,0.32272400750699415
22257,holdout,0,0.23282043872784813
22258,holdout,0,0.3169802079792356
22259,holdout,1,0.43473506283165736
22260,development,1,0.4068868039293932
22261,holdout,1,0.8379334179256333
22262,holdout,1,0.31125957482050526
22263,holdout,0,0.16269811144066787
22264,holdout,0,0.1178300573353635
22265,development,0,0.11378475900705774
22266,development,0,0.10730846524258393
22267,holdout,0,0.10855841132852834
22268,development,0,0.19227428795593474
22269,development,0,0.10693647806724207
22270,development,1,0.1784508031786782
22271,holdout,0,0.14024982984314108
22272,development,0,0.08579518735849984
22273,development,0,0.028982348302085712
22274,holdout,0,0.33754581920500837
22275,development,0,0.125504308828887
22276,holdout,0,0.10265212555895413
22277,holdout,1,0.3173456889077618
22278,development,0,0.12118491840152937
22279,holdout,0,0.0545861416003321
22280,development,0,0.5087440424037755
22281,development,0,0.12033131108314664
22282,development,0,0.2893646044669517
22283,development,0,0.10996302620084766
22284,development,0,0.4823604644139677
22285,holdout,0,0.12549726654252044
22286,holdout,0,0.27202981842401686
22287,development,0,0.4524015999726478
22288,development,0,0.11779832449815711
22289,holdout,0,0.10819014595034103
22290,holdout,0,0.15770360449550394
22291,holdout,0,0.12433566950278033
22292,holdout,0,0.14065303167208054
22293,development,0,0.1418971994185161
22294,development,0,0.11161637692849942
22295,holdout,0,0.10078693366664909
22296,development,0,0.29239688976544775
22297,holdout,0,0.12591671377401387
22298,holdout,0,0.10413867372269177
22299,holdout,0,0.14341685066678372
22300,development,0,0.13732400751665017
22301,development,0,0.2889365861353917
22302,holdout,0,0.11883875898309929
22303,development,0,0.15453172301280838
22304,holdout,0,0.14660902823979682
22305,development,0,0.06305172163171623
22306,holdout,1,0.28992683979470857
22307,development,0,0.34184598086948237
22308,holdout,0,0.754841396448127
22309,holdout,1,0.8407530163905668
22310,development,0,0.1345870724929555
22311,holdout,0,0.10017748995588355
22312,holdout,0,0.3465184912093374
22313,development,0,0.11345598929136484
22314,development,1,0.6246068994152558
22315,development,0,0.12846175422662567
22316,development,0,0.12456142597730231
22317,development,0,0.12108699757271424
22318,development,0,0.07855142028082415
22319,holdout,0,0.3031472854615545
22320,development,1,0.577242793480755
22321,development,0,0.31123631091075327
22322,development,0,0.11404305021912105
22323,development,1,0.30081204570290543
22324,development,0,0.12668415038467007
22325,development,1,0.2885062148265613
22326,holdout,0,0.10013054858792207
22327,development,0,0.33422905304044226
22328,development,0,0.14967509297525608
22329,development,0,0.16908654272221954
22330,holdout,0,0.11425085787352952
22331,development,0,0.10354654989302738
22332,development,0,0.120473182813015
22333,development,0,0.12808656397989518
22334,development,0,0.18972673905320758
22335,development,0,0.4171213344965011
22336,development,0,0.11060097854051464
22337,development,0,0.144195898680778
22338,development,0,0.07825488938901091
22339,holdout,0,0.1238550587873847
22340,holdout,0,0.1467066777343144
22341,holdout,1,0.10518288531891917
22342,development,0,0.3868305371685067
22343,development,0,0.09471823151489148
22344,development,0,0.6646104543257054
22345,development,1,0.7809252600373777
22346,holdout,0,0.0872177512334097
22347,development,0,0.12722769483176732
22348,holdout,0,0.34286670974473005
22349,development,1,0.14615652035357468
22350,development,0,0.16222806470699228
22351,development,0,0.07507867946844188
22352,development,0,0.12561895271337387
22353,development,0,0.1343349492929632
22354,development,1,0.39501160326778073
22355,development,0,0.11636499225174576
22356,development,0,0.14085817817921512
22357,development,0,0.09761661309532213
22358,development,0,0.2812295409589235
22359,development,0,0.11723775182543969
22360,holdout,0,0.1217780398479736
22361,holdout,0,0.11304126286514589
22362,development,0,0.07854887446395052
22363,development,0,0.1340813508712166
22364,development,0,0.1367840316130225
22365,development,1,0.23741467248654302
22366,development,0,0.14906744013998519
22367,development,0,0.13325539346363915
22368,holdout,0,0.09160112562382444
22369,holdout,1,0.11856524379407854
22370,development,0,0.11694545696465368
22371,holdout,0,0.12770327565519035
22372,development,0,0.26157294524578373
22373,development,0,0.22838452957806432
22374,development,0,0.11655450226163044
22375,development,0,0.154125007817066
22376,holdout,0,0.10415865333099757
22377,development,0,0.11901235790340621
22378,development,0,0.1086880589585837
22379,holdout,1,0.5550348264070643
22380,holdout,0,0.12301154499096671
22381,development,0,0.10819133650274039
22382,holdout,1,0.4503414275544085
22383,development,0,0.1291005229714321
22384,holdout,0,0.13081621369796145
22385,development,0,0.10790541295449346
22386,development,0,0.28398837634152235
22387,development,0,0.07958751142122446
22388,development,0,0.10414387137809686
22389,holdout,0,0.03187411940827653
22390,development,0,0.11355868175851709
22391,development,0,0.08756834549407068
22392,development,0,0.16386252272757537
22393,development,1,0.48306700688184673
22394,development,1,0.08906874172773468
22395,development,0,0.3429744185946571
22396,holdout,0,0.08664519386515097
22397,holdout,0,0.12390074190069421
22398,holdout,1,0.13152699783068786
22399,development,0,0.21500986013594797
22400,development,0,0.2984966963161046
22401,development,1,0.17249450227548066
22402,holdout,0,0.11598251169275432
22403,development,1,0.13940382546577376
22404,development,0,0.06562866741130297
22405,development,0,0.43695623626606733
22406,development,0,0.24098693514883138
22407,holdout,0,0.15045404745468766
22408,development,0,0.09274206596072221
22409,development,0,0.13457990641647463
22410,development,0,0.13151808703496098
22411,holdout,1,0.12038531256022728
22412,development,0,0.1872286892043032
22413,development,0,0.1482441913761668
22414,holdout,0,0.06891882385409284
22415,holdout,0,0.1953757978869663
22416,development,0,0.1164682802779737
22417,development,0,0.10062414570626048
22418,development,0,0.26822157985459605
22419,holdout,0,0.08040413673329652
22420,development,1,0.09223182510860524
22421,development,0,0.1082611467353354
22422,holdout,0,0.18794706436674136
22423,development,1,0.177423412530742
22424,holdout,0,0.1201781365715881
22425,holdout,1,0.8765355328722539
22426,holdout,0,0.3771500910094557
22427,holdout,0,0.3549733049065078
22428,holdout,1,0.7370160812076803
22429,holdout,0,0.18922194556510716
22430,development,1,0.6463782772344961
22431,development,1,0.7167260408920515
22432,development,0,0.11630528532170453
22433,development,0,0.23417801591655982
22434,development,1,0.27200774695230306
22435,development,0,0.10998828235836997
22436,development,0,0.1328257277082842
22437,development,0,0.1047629364094242
22438,development,0,0.05223169252575144
22439,development,1,0.3812863529068552
22440,development,0,0.15188363776517216
22441,holdout,0,0.10179110652973851
22442,holdout,1,0.5870898222696871
22443,development,0,0.1317738013632374
22444,development,1,0.16919925798344151
22445,development,0,0.1581827849303002
22446,development,0,0.2605634145427437
22447,development,1,0.9358086199361009
22448,development,0,0.13510285992768029
22449,holdout,0,0.11140408716240685
22450,holdout,0,0.17400508178373778
22451,development,0,0.132872125543095
22452,development,0,0.06949810604623659
22453,holdout,0,0.09932979011663322
22454,development,0,0.16176846291303998
22455,development,1,0.15897740234716234
22456,development,0,0.1531633120795041
22457,holdout,0,0.11289310201711622
22458,development,0,0.14187859988397922
22459,holdout,0,0.07856676987699093
22460,holdout,0,0.14395870956239526
22461,development,1,0.5338960628066493
22462,development,0,0.09260926360030679
22463,development,0,0.17387598969845236
22464,development,1,0.5260342735269057
22465,development,1,0.43989723225178395
22466,holdout,0,0.38068438088657375
22467,holdout,0,0.1303254503243999
22468,development,0,0.06327761249099362
22469,development,0,0.345328545284279
22470,holdout,1,0.7660746701156588
22471,development,1,0.11490911808193824
22472,holdout,0,0.12270796697105908
22473,holdout,0,0.06787137821928498
22474,development,0,0.1317041952220168
22475,development,1,0.40518578601056854
22476,holdout,0,0.12128242464241903
22477,development,0,0.13905005492616174
22478,development,1,0.10919877150638023
22479,development,0,0.14950443445518266
22480,development,0,0.30429764169877566
22481,development,0,0.16414913467497735
22482,development,1,0.2328311679577138
22483,development,0,0.08979378435017418
22484,holdout,0,0.44859187374954695
22485,holdout,0,0.08971337232665567
22486,development,0,0.0943213027044834
22487,holdout,0,0.2311207949973368
22488,holdout,0,0.13565333901119214
22489,holdout,0,0.08006525811582474
22490,development,0,0.2502809693316133
22491,development,0,0.16745206048808875
22492,development,0,0.121645725502857
22493,holdout,0,0.16089552955056502
22494,development,0,0.2826918698943846
22495,development,0,0.10843193324904012
22496,development,0,0.06797522779863747
22497,development,0,0.08113432691367325
22498,holdout,0,0.11596230573564816
22499,development,0,0.09307976918328278
22500,holdout,0,0.12818812166050225
22501,development,0,0.1268112251503092
22502,holdout,0,0.5465497594937248
22503,holdout,1,0.7804802214411385
22504,development,0,0.10929247305989279
22505,development,0,0.22135652233736194
22506,holdout,0,0.11744931970457094
22507,development,0,0.21911358454109753
22508,development,0,0.14941345483063725
22509,development,0,0.12305217377856924
22510,development,0,0.03247167063078425
22511,development,0,0.1146396201275394
22512,development,0,0.13261684060579082
22513,development,0,0.09033567947677332
22514,holdout,0,0.11395010540244817
22515,holdout,0,0.32212420798152447
22516,development,1,0.1723303574887431
22517,development,0,0.11590586507117073
22518,development,0,0.07336386483897184
22519,development,0,0.14076958368280984
22520,development,1,0.19156012678181264
22521,holdout,0,0.3743440847308529
22522,development,0,0.08280073886844992
22523,development,0,0.343415082922774
22524,holdout,0,0.09245062757132361
22525,development,0,0.3397849366156675
22526,holdout,0,0.12254241338719205
22527,development,1,0.3442523183920676
22528,holdout,0,0.10277378441335154
22529,development,1,0.121037273838502
22530,development,0,0.15277429959825822
22531,development,0,0.20344763464807344
22532,development,0,0.0993322486089794
22533,development,0,0.09203470873767812
22534,development,0,0.09161918809355947
22535,development,0,0.1350696027494408
22536,development,0,0.07773339160690443
22537,holdout,0,0.11264662406144846
22538,development,1,0.10516360430843066
22539,development,1,0.4524931580714642
22540,development,0,0.1756402735027809
22541,development,1,0.05447338268049044
22542,development,1,0.07744718582124156
22543,development,0,0.09166959199055515
22544,development,0,0.11943653297496896
22545,development,0,0.12607593458594243
22546,holdout,0,0.123459146153681
22547,development,0,0.1315739732474222
22548,development,0,0.11479051307526911
22549,development,0,0.11489012687426274
22550,holdout,0,0.20061611872641014
22551,development,0,0.12080730792305112
22552,development,0,0.122398316737563
22553,holdout,0,0.2173851170001447
22554,development,0,0.19109399943757216
22555,development,1,0.8675057147988713
22556,development,0,0.25462840338333936
22557,development,0,0.12048495773747588
22558,development,0,0.07807488209051518
22559,development,0,0.0716478606315916
22560,development,0,0.12447598705120852
22561,development,0,0.1100933850825796
22562,development,0,0.14042982508027307
22563,development,0,0.30229654631612585
22564,development,1,0.2909781105424596
22565,development,0,0.0859028873079748
22566,holdout,1,0.5579915004598796
22567,holdout,0,0.11905170356146252
22568,development,0,0.17366885173548915
22569,holdout,0,0.12068315472800754
22570,development,0,0.14946453236095736
22571,development,0,0.0852517956382031
22572,holdout,0,0.16469727772000572
22573,holdout,1,0.21681114580225197
22574,development,0,0.07789372960120053
22575,development,0,0.23093920879743415
22576,holdout,1,0.429294804938871
22577,holdout,1,0.35026530533176137
22578,holdout,0,0.1240778290798285
22579,development,0,0.19025513344597017
22580,development,0,0.08387659357915998
22581,holdout,0,0.32785843466394254
22582,holdout,0,0.1433565952925375
22583,holdout,0,0.1460187565537735
22584,development,0,0.1430376909173084
22585,development,0,0.12951232621760175
22586,holdout,0,0.11436349834129364
22587,development,0,0.3524221699836376
22588,development,0,0.08765299366350832
22589,development,0,0.17769084257940992
22590,holdout,1,0.1318779065017638
22591,holdout,0,0.13858383911048486
22592,development,1,0.15977369561381796
22593,development,0,0.11264354943177568
22594,development,0,0.08054653164671723
22595,holdout,0,0.11251998433695998
22596,development,0,0.14724922256934989
22597,development,1,0.03678109926651213
22598,development,0,0.08678833762552662
22599,holdout,0,0.11867279529451336
22600,holdout,0,0.09350974203856914
22601,development,0,0.1597999328849756
22602,holdout,0,0.11780456264378103
22603,holdout,0,0.12139965302785853
22604,development,1,0.4006966122557272
22605,development,1,0.35303839357554667
22606,development,0,0.21226244421889157
22607,development,1,0.3809162463547857
22608,development,0,0.12264693782216927
22609,holdout,0,0.12062630692840072
22610,development,0,0.18062945868816735
22611,holdout,0,0.13928576936576909
22612,development,0,0.10785416771704079
22613,development,0,0.09669898191564932
22614,development,1,0.836141671323444
22615,holdout,0,0.17630149442415893
22616,development,0,0.16436999326882842
22617,development,0,0.17279374018988347
22618,development,0,0.7510585416646927
22619,development,0,0.11877318923640018
22620,holdout,0,0.6632443839041677
22621,development,0,0.2710051995691996
22622,development,1,0.3412375843445564
22623,development,0,0.16565587876611038
22624,development,0,0.10107814684814832
22625,holdout,0,0.07914721609505083
22626,development,0,0.19824751679247857
22627,development,0,0.13582224579938657
22628,holdout,0,0.09326632242313186
22629,development,1,0.12708634800882102
22630,development,0,0.08228000482465483
22631,development,0,0.16471158515039608
22632,development,0,0.21453395219544913
22633,holdout,0,0.02255883216021923
22634,holdout,0,0.6742545602607631
22635,development,0,0.07498573804755694
22636,holdout,1,0.0746522857519558
22637,development,0,0.06651367881439713
22638,holdout,1,0.6910914549655379
22639,development,0,0.17573395304232917
22640,development,1,0.1128043885209686
22641,holdout,0,0.103618501792417
22642,holdout,0,0.15150566563744697
22643,holdout,0,0.15642591535313344
22644,development,0,0.1215451647683047
22645,development,0,0.25647221725405817
22646,development,0,0.2618507051708616
22647,development,0,0.045938716993621634
22648,development,0,0.211820675967595
22649,development,0,0.15497140507127163
22650,holdout,0,0.1131483685518371
22651,development,0,0.14172259924585406
22652,holdout,0,0.13720267104744016
22653,holdout,1,0.24886938171844689
22654,development,0,0.3186741643239814
22655,development,0,0.10479479026201075
22656,development,0,0.28534765595273176
22657,development,0,0.12416236815472333
22658,development,0,0.1900735590943692
22659,holdout,0,0.1164130391920316
22660,holdout,1,0.6362030471602602
22661,holdout,0,0.18700155819488223
22662,development,0,0.4812296790436709
22663,development,0,0.13490707392734422
22664,development,0,0.06816513498714576
22665,holdout,0,0.11132255595047844
22666,development,0,0.14045757901612976
22667,holdout,0,0.08142820438432108
22668,development,0,0.09250843716769155
22669,development,0,0.08088799308966332
22670,development,0,0.3292986283998917
22671,development,1,0.6680222988936391
22672,development,0,0.23910328014521748
22673,holdout,0,0.07023808897120978
22674,holdout,0,0.10503495256029866
22675,development,0,0.18844031068007547
22676,development,1,0.7310652107728924
22677,development,0,0.16718786581562317
22678,holdout,1,0.43797786679318523
22679,development,0,0.1394697800874789
22680,development,0,0.13271702303854216
22681,development,0,0.03214101598126795
22682,development,0,0.15938499617421406
22683,holdout,0,0.1293572552752621
22684,holdout,0,0.11878563662446866
22685,development,0,0.15392659678021137
22686,development,1,0.1666906576354351
22687,development,0,0.31868971149833425
22688,development,1,0.16849316149706778
22689,development,0,0.11351735614370675
22690,development,0,0.15796648023257945
22691,holdout,0,0.13777515404114818
22692,holdout,0,0.2290331680839669
22693,development,0,0.30962309259897824
22694,development,0,0.13346668753130367
22695,development,0,0.14649122700404846
22696,holdout,0,0.4161401419803206
22697,development,0,0.34048421719796124
22698,development,0,0.08608013916319128
22699,development,1,0.1469591246079937
22700,development,0,0.14747150554500854
22701,development,0,0.32237460539511564
22702,holdout,0,0.10910577531681279
22703,development,0,0.128180380332512
22704,development,0,0.07158619718935225
22705,development,0,0.12331642917091087
22706,holdout,0,0.13777791650214222
22707,holdout,0,0.14883389357549698
22708,holdout,0,0.12450306176995495
22709,development,0,0.12505769327072486
22710,development,0,0.3043044432526346
22711,development,0,0.10404749379991177
22712,development,0,0.09261720264279055
22713,development,0,0.11480238060541899
22714,holdout,0,0.1169374903450873
22715,development,1,0.18816770244638376
22716,holdout,0,0.6778427070558163
22717,development,0,0.09693185455734689
22718,development,0,0.10763875180698833
22719,holdout,0,0.26269472684047834
22720,holdout,0,0.1158015116206853
22721,development,0,0.09987707751677524
22722,development,0,0.09048078757102096
22723,development,1,0.46422165068568777
22724,development,0,0.08380849939321117
22725,development,0,0.1280173156445118
22726,development,0,0.08387217052546299
22727,development,0,0.08229512542724086
22728,holdout,0,0.15785908757255065
22729,development,0,0.13818805493534422
22730,development,0,0.1265397882916113
22731,holdout,0,0.1709183318561663
22732,development,0,0.16054981004719554
22733,development,0,0.09870011220389485
22734,development,0,0.1402102538083028
22735,development,0,0.09047032714537866
22736,development,0,0.13751029455364397
22737,holdout,0,0.08362814787552066
22738,holdout,0,0.13055249283661166
22739,development,0,0.2496983714439042
22740,development,1,0.5110605148911449
22741,development,0,0.19245965794633316
22742,development,0,0.11778358682347144
22743,development,0,0.08494744628511863
22744,development,1,0.581858336921939
22745,development,1,0.14243788743814112
22746,development,0,0.32172000020259744
22747,holdout,0,0.3304307653974529
22748,holdout,0,0.22405390444934403
22749,holdout,0,0.3575775891929192
22750,development,0,0.07188929964909921
22751,development,0,0.11433006445340572
22752,development,0,0.07366660109012105
22753,development,0,0.16220551537222264
22754,development,0,0.17172602373373116
22755,development,0,0.1836639810299563
22756,development,0,0.1405429954709245
22757,development,0,0.29928241137622397
22758,development,0,0.2000554358810754
22759,development,0,0.1374653927272104
22760,development,0,0.1409326806268485
22761,development,0,0.12836896883814986
22762,development,1,0.7127105901794328
22763,holdout,0,0.17777667114139498
22764,holdout,0,0.16358420894653064
22765,development,0,0.06264184689110901
22766,holdout,0,0.32030695373738577
22767,development,0,0.14073093572160897
22768,development,1,0.2659939010526278
22769,development,0,0.2920001358352586
22770,development,1,0.3805628928776233
22771,holdout,0,0.1076567988389961
22772,holdout,0,0.20130968905647817
22773,holdout,0,0.07844080932424567
22774,development,0,0.11417564048148487
22775,development,0,0.10621219653552268
22776,development,0,0.07959251972346629
22777,development,0,0.07480792983251212
22778,development,0,0.5225275814733392
22779,development,0,0.1629007720245259
22780,development,0,0.13995779069017975
22781,development,0,0.07634187239387788
22782,development,0,0.11613446013453924
22783,development,0,0.12084638680096053
22784,holdout,0,0.1384913625615191
22785,development,0,0.11475807037245993
22786,development,1,0.1751303713842507
22787,holdout,0,0.09010382518924592
22788,development,1,0.24552389111392195
22789,development,0,0.14303613923417885
22790,development,0,0.13486125180599431
22791,holdout,0,0.42361391781156205
22792,development,1,0.5785502838699277
22793,holdout,0,0.14771114653558162
22794,development,0,0.13280017675609115
22795,holdout,0,0.13553441933987354
22796,holdout,0,0.1253999868279289
22797,development,0,0.22022778124727468
22798,development,0,0.11876290207760096
22799,holdout,0,0.15060519690909857
22800,development,0,0.18128950711631556
22801,development,1,0.6973819671665523
22802,holdout,1,0.7135242139589467
22803,holdout,1,0.46417879833482295
22804,development,0,0.09077030170798876
22805,development,0,0.5653613224039591
22806,holdout,0,0.10974220805113298
22807,development,0,0.20904746117361267
22808,holdout,0,0.08662951993917441
22809,development,0,0.1774357351218656
22810,development,0,0.14192553605370736
22811,development,0,0.14367856296573153
22812,development,0,0.17839621556596377
22813,holdout,0,0.12006841621839287
22814,development,0,0.11749326414243967
22815,development,0,0.10524592583520888
22816,development,0,0.07944462532147452
22817,development,1,0.19008277607845883
22818,development,0,0.24538359960710626
22819,development,0,0.46081191736324967
22820,development,0,0.14227160532764183
22821,development,0,0.39603967197842743
22822,development,0,0.0729786316137362
22823,development,1,0.14820539967651591
22824,development,1,0.21074386034111553
22825,holdout,0,0.10982643196488195
22826,development,0,0.09936803690343955
22827,holdout,0,0.12818897524826547
22828,development,0,0.19186604350849482
22829,development,0,0.12362313019274349
22830,development,0,0.3354642675033261
22831,development,0,0.13301346356275423
22832,development,0,0.019041739857681275
22833,holdout,0,0.2768125048887226
22834,development,1,0.13287187844371778
22835,development,0,0.17863502143660692
22836,development,0,0.11621609889428228
22837,holdout,0,0.27216942156405727
22838,holdout,0,0.1546498231987657
22839,development,0,0.6171289874130205
22840,development,0,0.20736804735686667
22841,development,0,0.09280465172745048
22842,development,0,0.47040051269428446
22843,development,0,0.12846262798005897
22844,development,0,0.2999886243684852
22845,holdout,0,0.1690402321658856
22846,development,1,0.3578001740813276
22847,holdout,0,0.16964941466362976
22848,development,0,0.17137269493311272
22849,development,0,0.142192624007484
22850,development,0,0.11360973156884535
22851,holdout,0,0.12952923154631218
22852,holdout,0,0.3791945903929571
22853,development,0,0.11876524621766742
22854,development,0,0.12635733564655044
22855,development,0,0.1473481583405792
22856,holdout,1,0.7151861780189028
22857,development,1,0.4952539513281112
22858,holdout,0,0.19298684725876453
22859,holdout,0,0.14479615557942324
22860,development,0,0.08588672139692793
22861,development,0,0.20856712555292958
22862,development,0,0.12802300046427084
22863,development,0,0.4478444388166177
22864,development,0,0.2690881636866017
22865,development,0,0.08222526001122846
22866,development,0,0.1695388970477214
22867,holdout,0,0.017692264348641847
22868,development,0,0.16379908477589128
22869,development,0,0.12453265843359403
22870,development,1,0.17195094640246775
22871,holdout,0,0.14363469386274857
22872,development,0,0.22635600460908759
22873,holdout,1,0.8384642546017155
22874,development,0,0.15625267638872387
22875,development,0,0.10944294798027493
22876,development,0,0.11144463311432673
22877,development,0,0.14371130796717926
22878,development,0,0.15762677340699452
22879,development,0,0.13562539889525901
22880,development,1,0.6103272046554156
22881,development,1,0.7101906492695281
22882,holdout,0,0.16918443832717717
22883,holdout,1,0.5844108386224167
22884,holdout,0,0.1341451715819695
22885,development,0,0.13159886084802158
22886,development,1,0.6415050294706893
22887,development,0,0.1298139299999512
22888,holdout,0,0.21116832447304323
22889,holdout,1,0.7520522879615473
22890,development,0,0.12368088510416468
22891,development,0,0.08612461120576163
22892,development,0,0.13463584123345843
22893,development,0,0.07186325130809218
22894,development,0,0.11185467755830898
22895,holdout,0,0.13257178240898457
22896,development,0,0.3222526186047358
22897,holdout,1,0.15537028405882938
22898,development,0,0.23650788247543975
22899,development,0,0.09777892698532585
22900,holdout,0,0.08530247489274706
22901,development,0,0.15369780937475488
22902,development,1,0.2943675396774768
22903,development,0,0.42463510244541747
22904,development,1,0.13252586094910623
22905,development,1,0.0871393148322414
22906,development,0,0.07493033431696318
22907,development,1,0.45188299986961533
22908,development,0,0.09871348454422144
22909,holdout,0,0.26926861140164576
22910,development,0,0.11903713439291423
22911,development,0,0.11890208307901082
22912,development,1,0.33620464689611107
22913,holdout,0,0.12171151479848658
22914,development,0,0.12362859153701734
22915,development,0,0.13180065737740315
22916,holdout,1,0.6796380420181546
22917,holdout,1,0.14178482242107437
22918,development,0,0.11427653998879159
22919,holdout,0,0.1866071376224164
22920,holdout,0,0.3351645056807228
22921,holdout,0,0.15346989694759713
22922,development,0,0.12827349525687087
22923,development,0,0.14098313165040594
22924,holdout,1,0.09525186051018245
22925,holdout,0,0.12643170967623318
22926,development,0,0.10584588569104353
22927,development,0,0.39606757053817626
22928,holdout,0,0.030252874305851794
22929,holdout,0,0.07637384725862334
22930,development,0,0.3373751165029594
22931,development,1,0.17533171532890482
22932,development,0,0.43857044368730363
22933,holdout,0,0.08495473379097739
22934,development,0,0.1386337950429666
22935,holdout,0,0.11961282609410448
22936,development,0,0.1375987126375316
22937,development,0,0.09825813714900947
22938,development,0,0.12244637135344198
22939,holdout,0,0.162121638718243
22940,development,1,0.46574606744922514
22941,development,0,0.13611109574337976
22942,development,0,0.12545669603412118
22943,holdout,0,0.13723170153238393
22944,development,0,0.06796747685293972
22945,holdout,0,0.12993576945497318
22946,development,0,0.019215291276395687
22947,development,0,0.12062173617092319
22948,holdout,1,0.13072542365719866
22949,development,0,0.1527716159295608
22950,holdout,0,0.15388022494442857
22951,development,0,0.3198384519561078
22952,development,0,0.08648690585603948
22953,development,0,0.13419126654096958
22954,holdout,1,0.2102815786545323
22955,development,0,0.16303467266281926
22956,development,0,0.189252498031473
22957,holdout,0,0.13394511732009137
22958,holdout,0,0.2202264498012031
22959,development,1,0.1768737248455246
22960,development,0,0.15468127504481863
22961,development,0,0.2820499249714534
22962,holdout,1,0.129905821195233
22963,holdout,0,0.11943397471293954
22964,development,0,0.11927735215042609
22965,development,0,0.09470710840548127
22966,development,0,0.1861725532854035
22967,development,0,0.12669103699129466
22968,development,0,0.8477748264469853
22969,development,1,0.5478638542208071
22970,development,0,0.11366189336345088
22971,development,1,0.1324927863088051
22972,development,0,0.13397805330566306
22973,development,0,0.13252790004432852
22974,holdout,0,0.10953812503579798
22975,development,0,0.113992634343255
22976,holdout,0,0.12103847412400286
22977,holdout,0,0.1316807011950858
22978,development,0,0.12759580179216773
22979,development,0,0.14212825475018576
22980,holdout,1,0.39656678461695943
22981,development,0,0.1252017829208911
22982,holdout,1,0.07497519314926401
22983,holdout,0,0.12357685717483405
22984,holdout,0,0.1162534999642666
22985,development,0,0.10056084834461762
22986,holdout,0,0.0926349541188823
22987,holdout,0,0.07820624663450126
22988,holdout,0,0.20125101585631652
22989,development,0,0.08632957128911092
22990,development,1,0.143977108899985
22991,holdout,0,0.22641473605544865
22992,development,0,0.11691022619261601
22993,development,0,0.0997327340731458
22994,development,0,0.3064250512595818
22995,holdout,0,0.032417024826475814
22996,holdout,0,0.029143205714958948
22997,development,0,0.17266674871289384
22998,development,0,0.032964278243489964
22999,holdout,0,0.1670963098945515
23000,development,0,0.030222563900790554
23001,development,0,0.11569261110458286
23002,holdout,0,0.12545417917160934
23003,holdout,0,0.1743440143346715
23004,holdout,0,0.14823059074336442
23005,development,0,0.11495352433353409
23006,holdout,0,0.16864278231110297
23007,development,0,0.10258179685372286
23008,holdout,1,0.4547832746983082
23009,development,0,0.12671584214966436
23010,holdout,0,0.120140495294016
23011,development,0,0.10396362305647103
23012,development,0,0.27996314866061567
23013,holdout,1,0.07925257355237394
23014,holdout,0,0.08327399848718063
23015,holdout,0,0.18493081028126931
23016,development,0,0.11136879869153532
23017,holdout,0,0.1233710641241799
23018,development,0,0.12330148333679736
23019,development,1,0.28368397815451724
23020,holdout,0,0.15730579470867323
23021,holdout,1,0.10282294409364062
23022,development,0,0.1507248081788154
23023,development,0,0.13628356698349633
23024,holdout,0,0.12411978801885709
23025,development,0,0.13283709959164253
23026,development,0,0.2801896438014182
23027,development,0,0.22825359199740125
23028,development,0,0.07759732811346101
23029,development,0,0.12499713013536733
23030,development,0,0.10165165872985768
23031,holdout,0,0.14836042098872335
23032,development,0,0.10973552041624567
23033,holdout,0,0.41064857325665455
23034,holdout,1,0.12821162380297438
23035,holdout,0,0.11538850582339241
23036,development,0,0.11802623647852936
23037,development,0,0.13365867191875286
23038,development,1,0.4921441046120833
23039,holdout,1,0.06912617602722163
23040,development,0,0.25505604927317904
23041,development,0,0.13300257806642674
23042,development,0,0.13950220066945174
23043,holdout,0,0.11462545452214859
23044,development,0,0.10545754639793269
23045,development,0,0.11955067680014811
23046,holdout,0,0.16000159715020645
23047,development,0,0.20816495002907257
23048,development,0,0.019686139316670122
23049,holdout,0,0.03827263695710246
23050,development,1,0.1325851429235612
23051,development,0,0.10907553176428085
23052,development,0,0.14148725527908973
23053,development,0,0.10869812819032808
23054,development,0,0.10729095364691452
23055,development,0,0.4233360672504409
23056,development,0,0.12789679649680255
23057,development,0,0.12605455783118535
23058,holdout,0,0.164280521465648
23059,development,0,0.12797679351769412
23060,holdout,0,0.11162731411649078
23061,holdout,0,0.13194825543670446
23062,development,0,0.1430450948027849
23063,development,0,0.0841294228092004
23064,development,0,0.19096166711445223
23065,development,0,0.1256470997560448
23066,development,0,0.14895109326190398
23067,development,0,0.33875370904965896
23068,development,0,0.20013574620406308
23069,holdout,0,0.0948396068119313
23070,development,0,0.11654662630943291
23071,development,1,0.7282137172916441
23072,development,1,0.09536120943707756
23073,holdout,0,0.4260905311229207
23074,development,1,0.047425279383348305
23075,development,0,0.3046962864348602
23076,development,0,0.08567691243998832
23077,development,0,0.056444451481725125
23078,holdout,0,0.1381102804529783
23079,development,0,0.16087669080963865
23080,development,0,0.09714602916345452
23081,development,0,0.17245596211753692
23082,development,0,0.10201344152348749
23083,holdout,1,0.18287214581057976
23084,development,0,0.20467247103129774
23085,development,0,0.20877926247562828
23086,development,0,0.09965161448975642
23087,holdout,0,0.14903631861878192
23088,development,1,0.5347528652103061
23089,development,0,0.10003901930891998
23090,development,0,0.11782765842886367
23091,development,0,0.24011295640333866
23092,holdout,0,0.11662833494010182
23093,development,0,0.1261403899656573
23094,development,0,0.17736569767011687
23095,holdout,0,0.33176568423388664
23096,development,0,0.13253162830060342
23097,development,1,0.23252632579338736
23098,development,0,0.12613733060039056
23099,development,0,0.08356569640875963
23100,development,0,0.10258252642800977
23101,development,0,0.201051507571519
23102,development,0,0.11921095034943348
23103,development,0,0.09988170572443428
23104,development,0,0.18435346053021678
23105,development,0,0.08143540849717823
23106,holdout,0,0.4121883023741837
23107,development,1,0.12628608034728322
23108,holdout,1,0.0792432728499828
23109,holdout,0,0.08001139307099857
23110,holdout,1,0.13119355669300067
23111,development,0,0.1806701559244446
23112,development,0,0.11423413319650694
23113,holdout,1,0.22926598331172168
23114,development,0,0.31477547104584824
23115,development,0,0.10126395511125402
23116,development,0,0.10811196349083681
23117,development,0,0.11321733542198342
23118,development,0,0.18635744481610256
23119,development,0,0.5801978269945725
23120,development,0,0.08281138962056135
23121,holdout,0,0.12470585234524094
23122,development,0,0.30229647402996734
23123,holdout,0,0.08164545401145955
23124,holdout,1,0.11067841382279868
23125,development,0,0.12086307008206967
23126,holdout,0,0.06762251591285916
23127,development,1,0.32954583106265695
23128,development,0,0.1078089696806186
23129,holdout,0,0.10222465200903899
23130,development,0,0.13588497351356082
23131,development,0,0.12120317744543499
23132,development,0,0.10674864760395758
23133,development,0,0.07750431736607236
23134,holdout,0,0.15360277343413814
23135,holdout,1,0.46794553621078616
23136,holdout,0,0.12056826986504977
23137,holdout,0,0.11690185977081623
23138,development,0,0.08199403510966281
23139,development,0,0.14174720304667054
23140,holdout,1,0.15197942097144151
23141,holdout,0,0.31269461967102746
23142,development,1,0.11789207859611477
23143,development,0,0.021725568598057993
23144,holdout,0,0.08927485387889605
23145,holdout,0,0.2933687385915525
23146,holdout,0,0.46269803731712894
23147,development,0,0.22773473702917538
23148,development,1,0.6666375703046976
23149,development,0,0.12660224675294518
23150,development,0,0.07000223969940697
23151,development,0,0.3685004131083584
23152,holdout,1,0.38375525700806545
23153,development,0,0.08387782498247832
23154,development,0,0.13320933362449774
23155,holdout,0,0.11341092256039555
23156,development,0,0.10134549909322756
23157,development,1,0.11755326278703311
23158,development,0,0.31805854544324946
23159,development,0,0.19135374708363
23160,development,1,0.25940653060132074
23161,development,0,0.12177610600685514
23162,development,0,0.08145784780960397
23163,development,0,0.136329056671874
23164,holdout,0,0.14375113086583463
23165,development,1,0.12718835030819148
23166,development,0,0.11074567876882463
23167,development,1,0.5924796271313415
23168,development,0,0.11049916455786402
23169,development,0,0.10940117299844197
23170,development,0,0.2939251911097511
23171,development,0,0.14875586825554632
23172,holdout,1,0.21678372355611447
23173,holdout,1,0.45666742746821914
23174,holdout,0,0.31858104194070935
23175,holdout,0,0.09988551934762316
23176,holdout,0,0.31564625557784365
23177,holdout,0,0.1446120493744525
23178,development,0,0.13326364682372857
23179,holdout,0,0.31629457004506645
23180,development,0,0.18259185663858216
23181,development,1,0.26324047101581427
23182,development,0,0.14702693573641293
23183,development,0,0.09743735826412286
23184,development,1,0.4187504105421901
23185,holdout,0,0.07040794252527804
23186,development,0,0.11441932020311556
23187,development,0,0.4737558425973903
23188,development,0,0.11315189631242979
23189,development,1,0.08942143185228102
23190,development,1,0.5833883177343511
23191,development,1,0.12863729630059545
23192,holdout,1,0.648675874861293
23193,development,0,0.1320056686294965
23194,holdout,0,0.11284894847261012
23195,development,0,0.16449745012897846
23196,development,0,0.18275802627018517
23197,holdout,1,0.16279936373235332
23198,development,0,0.09460267434458654
23199,development,0,0.1349199709642885
23200,development,0,0.39464830934771195
23201,development,0,0.06687477510552294
23202,development,1,0.1252153726993334
23203,development,0,0.13782213179189043
23204,development,0,0.17708335891569463
23205,holdout,1,0.0784434418344092
23206,holdout,0,0.15380156177075424
23207,holdout,0,0.389024149615604
23208,development,1,0.1682579834106764
23209,development,0,0.1578853331241301
23210,development,0,0.5062326982112998
23211,holdout,0,0.1439196903446637
23212,development,1,0.08302667497763538
23213,holdout,0,0.18757131241323644
23214,development,0,0.12313716880757572
23215,development,0,0.16064029099794142
23216,development,0,0.055364332886510895
23217,development,0,0.13098123842997572
23218,holdout,0,0.416187791796209
23219,development,0,0.1746155666808245
23220,development,0,0.19443914385791425
23221,development,0,0.14277688473838693
23222,holdout,0,0.1341327494641206
23223,holdout,0,0.09211290597224481
23224,development,0,0.0867832711402596
23225,development,0,0.03959191540179131
23226,development,0,0.5694718999369894
23227,holdout,1,0.4694840132072645
23228,development,0,0.22682455785672087
23229,development,0,0.5155979761728454
23230,development,1,0.3800808729447219
23231,development,1,0.4300766828744495
23232,holdout,0,0.15920801997226558
23233,development,1,0.09847327256878745
23234,development,0,0.1751674976177243
23235,development,0,0.14604213121605478
23236,development,0,0.31946433545509384
23237,holdout,0,0.23950807042016325
23238,development,1,0.4515906461124982
23239,development,0,0.15078434699576426
23240,development,0,0.14186456082227497
23241,development,0,0.0945189417963441
23242,development,0,0.15132625487265944
23243,development,0,0.12037902883733742
23244,development,0,0.18616734069317795
23245,development,0,0.0798164546677299
23246,development,0,0.1770269154159403
23247,development,0,0.11129883164225621
23248,development,0,0.18134863613317992
23249,development,0,0.12106709981626022
23250,development,1,0.6623256316431683
23251,development,0,0.10011654171556657
23252,development,0,0.4813449307197038
23253,development,1,0.4671662018474565
23254,holdout,1,0.6851894861269129
23255,development,0,0.16412762020761357
23256,development,0,0.0860847459804266
23257,development,0,0.19666265418009835
23258,development,1,0.21583459566969798
23259,development,1,0.08381126387737553
23260,development,1,0.8881241228326547
23261,holdout,0,0.20685985231501805
23262,development,0,0.16253177075945643
23263,development,1,0.5661786487442586
23264,holdout,0,0.25912712580660546
23265,development,0,0.1570092509979283
23266,holdout,0,0.529898247288613
23267,development,0,0.19220772070348494
23268,development,0,0.19026765462729653
23269,holdout,0,0.2960283439259367
23270,holdout,0,0.10329109308057725
23271,development,1,0.37484226407919696
23272,development,0,0.6379770984773401
23273,development,0,0.10179662082454706
23274,holdout,0,0.29417107308335755
23275,development,0,0.12151074291773299
23276,development,0,0.32573225546818424
23277,development,0,0.09515780190289232
23278,development,0,0.025790794674375644
23279,development,0,0.15966417923422438
23280,development,0,0.09926855813918473
23281,holdout,0,0.1949395181851484
23282,holdout,0,0.14718250739582
23283,holdout,0,0.07978120941715883
23284,development,0,0.17226948479641802
23285,development,0,0.22130877888352757
23286,holdout,1,0.11085898544220538
23287,development,0,0.17898957308728247
23288,holdout,0,0.09621830625319722
23289,development,1,0.3395442449579264
23290,holdout,1,0.3628529340940102
23291,development,0,0.21382946131028094
23292,development,1,0.8230116093225075
23293,holdout,1,0.4854353416206884
23294,development,0,0.1564966353707834
23295,development,0,0.18422648617160525
23296,holdout,0,0.1648835935320727
23297,holdout,0,0.8441196743223035
23298,development,1,0.7376147876951937
23299,development,0,0.20180125980505276
23300,development,1,0.0991202181548395
23301,development,0,0.09762209147704164
23302,development,0,0.16190202532935732
23303,development,0,0.1875515683289283
23304,holdout,1,0.17156133551675137
23305,development,0,0.15846676943891033
23306,development,1,0.6238051733560491
23307,development,1,0.4890920608855942
23308,development,0,0.1772379636005914
23309,development,0,0.12107032043038336
23310,development,0,0.09657281609789148
23311,holdout,0,0.1757557963739332
23312,development,1,0.5901277083451371
23313,development,0,0.3460203963251329
23314,development,0,0.1528225153658279
23315,development,1,0.10403872864602084
23316,development,1,0.4644599203397055
23317,development,0,0.14226626123149771
23318,development,0,0.09636240941752243
23319,holdout,0,0.16968297383027495
23320,development,1,0.1816100921191107
23321,development,0,0.3918539307236113
23322,holdout,0,0.2313298382489322
23323,development,0,0.12360022275679639
23324,holdout,0,0.2643258769073976
23325,holdout,1,0.3721050178579023
23326,development,1,0.22984946727265762
23327,development,1,0.16815683745826168
23328,development,0,0.11714305226706698
23329,development,0,0.5763999058085608
23330,development,0,0.14265490603345093
23331,holdout,0,0.20253184018096432
23332,development,0,0.08507963498671958
23333,holdout,0,0.21302713811539037
23334,development,0,0.2632227535963655
23335,holdout,1,0.5656592306773254
23336,holdout,0,0.14856590951424084
23337,holdout,0,0.14886953660285773
23338,development,0,0.110791297911292
23339,development,0,0.21111393170766193
23340,development,0,0.20379898629129226
23341,holdout,0,0.14989097754589786
23342,development,1,0.6594859607011453
23343,development,1,0.5717267647949313
23344,holdout,0,0.18437050779546013
23345,development,0,0.11035151644626782
23346,development,0,0.14631107210090433
23347,development,0,0.19428368897367582
23348,development,0,0.42739283955150736
23349,holdout,0,0.17951647575158217
23350,holdout,0,0.28564675622858177
23351,development,0,0.20664580072379085
23352,development,0,0.14488405937073898
23353,development,0,0.1767414327485634
23354,development,0,0.11359210359676865
23355,development,0,0.2056747826011383
23356,development,0,0.14878267932334505
23357,development,0,0.17950598469181503
23358,development,0,0.28099786958053236
23359,development,0,0.14934884254139752
23360,development,1,0.29782677987355927
23361,holdout,0,0.17696884695041823
23362,development,1,0.1783998485714862
23363,development,0,0.14883048448103572
23364,development,0,0.32320074746100264
23365,development,0,0.17840849565202016
23366,development,1,0.09095355414461981
23367,holdout,0,0.39341826722771933
23368,development,1,0.15165474952821592
23369,development,0,0.14720467650594427
23370,development,0,0.2628646824298905
23371,holdout,0,0.21592627145470528
23372,holdout,0,0.4422530441825934
23373,development,1,0.31254425295519833
23374,development,1,0.2621937660942015
23375,development,1,0.5892027067055319
23376,holdout,0,0.2644348752541083
23377,holdout,0,0.14657458294139727
23378,development,0,0.15132828614199176
23379,holdout,1,0.1527387829863094
23380,development,1,0.16621682737090032
23381,holdout,0,0.16229486404016966
23382,development,1,0.2206641062013678
23383,development,0,0.14794985265453509
23384,holdout,0,0.18022424012826932
23385,development,1,0.17979168614004537
23386,holdout,0,0.20020591456706818
23387,development,0,0.18721927241047817
23388,holdout,0,0.1163428439653518
23389,development,0,0.12065898543603631
23390,holdout,0,0.1006399972754771
23391,holdout,1,0.8243621960047975
23392,development,0,0.12891791884699308
23393,development,1,0.13184420525715776
23394,holdout,0,0.12437120639032809
23395,holdout,0,0.439963183956367
23396,development,0,0.11265509209765892
23397,development,0,0.3517465940049408
23398,development,0,0.13679265634621177
23399,development,0,0.12029423287672834
23400,holdout,0,0.09894304961763382
23401,holdout,1,0.5786563328007438
23402,development,0,0.13840637606491726
23403,development,0,0.11598364629883319
23404,development,0,0.13536885124737796
23405,development,0,0.10254367493777213
23406,development,0,0.2768656292776666
23407,holdout,0,0.12797239052163883
23408,holdout,0,0.13056243628243752
23409,development,1,0.3323208607806644
23410,holdout,0,0.13100732733703846
23411,development,1,0.1462290059075816
23412,holdout,0,0.1501964705972316
23413,development,0,0.14147515339616887
23414,holdout,0,0.22464092528114984
23415,holdout,0,0.1503986164255046
23416,development,1,0.6792326070490644
23417,development,0,0.35121983291596726
23418,holdout,0,0.1053543247949851
23419,development,0,0.4088175892857034
23420,development,0,0.10588496021668414
23421,development,0,0.1367392582428467
23422,development,0,0.1535293039852908
23423,development,0,0.07695270640145356
23424,development,0,0.12735704203139844
23425,holdout,1,0.40259893109285555
23426,holdout,0,0.1353555972432645
23427,development,1,0.1925641750723429
23428,development,1,0.718310918201549
23429,holdout,0,0.17007259884016712
23430,holdout,0,0.09191007256143714
23431,development,0,0.3123066970339311
23432,development,0,0.13727242993983496
23433,holdout,0,0.029008315814158782
23434,development,0,0.12720213835729072
23435,development,0,0.129388491737111
23436,holdout,0,0.7074406027196783
23437,development,0,0.13704913167078242
23438,development,0,0.15988522740650116
23439,development,0,0.13754491804918897
23440,holdout,0,0.1307730824180419
23441,holdout,0,0.1329874741726022
23442,development,0,0.1460052034556295
23443,development,0,0.1306774384396564
23444,development,0,0.1139183027426197
23445,development,0,0.16032909366515735
23446,development,0,0.0750035629990936
23447,holdout,1,0.9215589980737887
23448,holdout,0,0.30767714098010746
23449,development,0,0.04973029639025885
23450,development,0,0.2915558445968176
23451,development,1,0.6967401234335778
23452,development,0,0.12442654992951489
23453,development,0,0.1386980794998199
23454,development,1,0.6537078789472502
23455,holdout,0,0.14351057904858266
23456,development,0,0.15000225345097237
23457,development,0,0.08280235692978563
23458,development,1,0.18373460276243686
23459,holdout,1,0.30168215608477317
23460,holdout,1,0.5626678458440656
23461,development,0,0.5122835406991565
23462,holdout,0,0.14332223864719915
23463,development,1,0.264799694441102
23464,development,0,0.15997100901951383
23465,holdout,0,0.13846712278304935
23466,development,0,0.10219465985726413
23467,development,0,0.12014243716849286
23468,development,1,0.831997234946761
23469,development,0,0.17574466242032113
23470,development,0,0.15598143963537195
23471,holdout,0,0.17250876782057806
23472,development,0,0.11720619359897987
23473,development,0,0.13057279113897793
23474,development,0,0.28680814197585525
23475,holdout,0,0.07129664306984476
23476,development,0,0.13229201983297031
23477,development,1,0.2686077401413719
23478,development,0,0.25694473901002146
23479,development,0,0.18670773860102788
23480,development,0,0.3232551025012781
23481,development,0,0.12396990222429351
23482,development,0,0.1277583003406035
23483,development,0,0.13299010515035195
23484,development,0,0.08662824350614896
23485,development,0,0.10912445805444548
23486,holdout,0,0.18593750056361194
23487,development,0,0.03261970576358406
23488,holdout,1,0.3637128453143535
23489,development,0,0.10750425119833242
23490,development,0,0.19930827125783634
23491,development,0,0.10664432047621705
23492,development,0,0.11117022528066135
23493,holdout,0,0.08142085023669883
23494,holdout,0,0.18587681934557443
23495,development,0,0.14947340896741
23496,development,0,0.12851517724374126
23497,holdout,0,0.10666545006556988
23498,holdout,0,0.1337443846094619
23499,holdout,0,0.15029828609837756
23500,development,1,0.49876356061702404
23501,development,0,0.08411205903733512
23502,development,0,0.3266601440597962
23503,development,1,0.7515791205217778
23504,development,0,0.1283798930535823
23505,holdout,0,0.18353362649665525
23506,development,0,0.22254567381275447
23507,development,1,0.857572118257632
23508,development,0,0.11564260809992888
23509,development,0,0.12125471973297214
23510,holdout,0,0.16450644900601014
23511,development,0,0.10397656410594543
23512,development,0,0.14530533899399736
23513,development,0,0.07243685970732053
23514,development,0,0.13813835279920927
23515,holdout,1,0.24351625213892394
23516,development,0,0.1536389645306631
23517,holdout,0,0.07451506653391861
23518,development,0,0.1842768251951137
23519,development,0,0.11096623423031546
23520,holdout,0,0.2774761809867965
23521,development,1,0.45049478267763154
23522,holdout,0,0.07175296229132318
23523,development,0,0.13573605635001604
23524,development,0,0.1088265888734367
23525,development,0,0.12538043031715745
23526,development,0,0.01992603748945072
23527,development,1,0.08731248293631537
23528,development,0,0.13758733823651528
23529,holdout,0,0.2224012854157895
23530,development,1,0.1474378590332792
23531,development,0,0.23438080645799467
23532,development,0,0.29418700619390376
23533,holdout,1,0.6935450213765714
23534,holdout,1,0.30685003914950426
23535,development,0,0.23973325236533088
23536,development,1,0.22652928364394212
23537,development,0,0.4172839360110849
23538,development,0,0.18484884629426646
23539,holdout,0,0.036316935117192646
23540,development,0,0.37300855307346575
23541,development,0,0.18859038591956206
23542,development,0,0.040888018493692134
23543,development,0,0.13782900222959835
23544,holdout,1,0.1113451411499871
23545,development,0,0.09533248356056177
23546,development,0,0.6704915979925817
23547,development,0,0.11196566762501922
23548,development,0,0.1725138132401083
23549,holdout,0,0.2964619182599928
23550,development,0,0.10715597608950474
23551,development,0,0.13440702713881417
23552,development,0,0.1389745983881806
23553,holdout,0,0.11501796837294376
23554,development,1,0.8258949133834109
23555,development,0,0.2916027560532172
23556,development,0,0.13037235792767501
23557,holdout,0,0.11313174727708475
23558,holdout,0,0.2605922089107565
23559,development,1,0.13032880770379932
23560,development,0,0.11675205132772598
23561,development,1,0.17302699049305098
23562,development,0,0.11560695323896311
23563,holdout,0,0.16613657879601723
23564,development,0,0.04366178725342169
23565,development,0,0.190734353319704
23566,holdout,0,0.05075035172310614
23567,development,1,0.27532069804463116
23568,development,0,0.14944749166234209
23569,development,0,0.7524465996316744
23570,holdout,0,0.11439460470014733
23571,development,0,0.1340217098758852
23572,development,1,0.47155152375049625
23573,holdout,0,0.2910553431671605
23574,development,0,0.16577078603872458
23575,development,1,0.8452027998672748
23576,development,0,0.16398709789936775
23577,development,0,0.05450483238760848
23578,development,1,0.6780572079472892
23579,development,0,0.7622149168091937
23580,development,0,0.25428558030519854
23581,development,0,0.15118709455424587
23582,development,0,0.09774876761779341
23583,holdout,0,0.11615234133057488
23584,holdout,0,0.13793219443155547
23585,development,1,0.30975784659704314
23586,holdout,0,0.11696750766638771
23587,development,1,0.21952336929378335
23588,development,1,0.12189516161085705
23589,development,0,0.1352644703427443
23590,development,1,0.15145087189653883
23591,development,0,0.09513950490943987
23592,development,0,0.22990968696191355
23593,development,0,0.10249355523124536
23594,development,0,0.15484250327928128
23595,development,0,0.1350351518565723
23596,holdout,0,0.21643043978500584
23597,development,0,0.3984252011449752
23598,development,0,0.1638557437071896
23599,development,1,0.2940044225213874
23600,development,0,0.1308315814725987
23601,development,0,0.3664382103304822
23602,development,0,0.1245809976552268
23603,development,0,0.5109925005679684
23604,holdout,0,0.11461752537891075
23605,development,1,0.18791708917037742
23606,development,0,0.7239691240612572
23607,development,0,0.15093224937985147
23608,development,1,0.23232957485537822
23609,development,0,0.5487622044754249
23610,development,0,0.0363118861749939
23611,holdout,0,0.31671907390738474
23612,development,1,0.14178386740508453
23613,development,0,0.15399811459845675
23614,development,0,0.11719382459337732
23615,holdout,1,0.3623380388203286
23616,development,0,0.1265916570390334
23617,development,0,0.655508099664291
23618,holdout,0,0.3976526128648567
23619,holdout,0,0.17310652582009903
23620,development,0,0.08845594108679089
23621,development,1,0.19664773452583179
23622,development,0,0.13474080567461547
23623,holdout,1,0.7315343556145838
23624,development,1,0.18730287395761566
23625,development,0,0.26598091320395
23626,holdout,0,0.20123804286006403
23627,development,0,0.28117788611924277
23628,holdout,0,0.1022789516111148
23629,development,0,0.3342180689153108
23630,development,0,0.1300387840072198
23631,holdout,0,0.3212336601245437
23632,development,0,0.1674274693885378
23633,development,0,0.32273138378357297
23634,holdout,1,0.2853080274862247
23635,development,1,0.7263755672397629
23636,holdout,0,0.09526772325615629
23637,development,1,0.1275029145410328
23638,holdout,0,0.40863822974018976
23639,development,0,0.15940141884383524
23640,development,1,0.37620230248272657
23641,development,1,0.671970852477276
23642,development,1,0.1545276435459583
23643,development,0,0.2015571057441958
23644,development,0,0.12562057947787006
23645,development,0,0.11917918569023735
23646,development,0,0.21253653909187795
23647,holdout,0,0.11697872559095257
23648,holdout,1,0.12936847232287083
23649,development,1,0.226722546876506
23650,development,0,0.11432266834792558
23651,development,0,0.19416922829342909
23652,holdout,0,0.12330604446861575
23653,development,0,0.13002329141779778
23654,holdout,1,0.4100604127026692
23655,holdout,0,0.1285803208188519
23656,development,0,0.2831663368198351
23657,development,0,0.1009219625305421
23658,holdout,1,0.13179187626143277
23659,development,0,0.0326508929152388
23660,development,0,0.08689404728042188
23661,development,0,0.14665958112187116
23662,holdout,1,0.16363119403530668
23663,development,0,0.15529009371359415
23664,development,0,0.08875222171478216
23665,holdout,0,0.12002140392538939
23666,development,0,0.18107776471755946
23667,holdout,0,0.1585825033947949
23668,development,1,0.3308114067683255
23669,development,1,0.40417381677725706
23670,development,1,0.13358429688571735
23671,holdout,1,0.1647955489734776
23672,development,1,0.3581131638904569
23673,development,0,0.1280528477408291
23674,development,1,0.5078159701888375
23675,development,1,0.37621321332109076
23676,holdout,0,0.18091420489893104
23677,holdout,1,0.5636491305695689
23678,development,0,0.2741264794921929
23679,holdout,0,0.12712113364248953
23680,development,0,0.17010462456465295
23681,development,0,0.1412391938162845
23682,development,0,0.1271998434382596
23683,development,0,0.11767660998837033
23684,holdout,0,0.13971115462131548
23685,development,0,0.0928277199602805
23686,holdout,0,0.18755365826344242
23687,holdout,0,0.11392561994981089
23688,development,0,0.19961914446683687
23689,development,0,0.2621637811556095
23690,development,0,0.1572043973370085
23691,development,1,0.10817491288832125
23692,holdout,1,0.08726266526411301
23693,holdout,0,0.10486467002976456
23694,development,1,0.393139258058901
23695,holdout,1,0.5667894883893828
23696,holdout,0,0.29866534241674286
23697,development,0,0.11186703504933637
23698,development,0,0.15407070087924324
23699,development,0,0.11582772477982443
23700,development,0,0.0774767037415841
23701,holdout,0,0.12888956118866812
23702,development,1,0.843513524785578
23703,development,0,0.14052152490363964
23704,development,0,0.14762041551793317
23705,development,1,0.20773566297492932
23706,holdout,0,0.0808224939676347
23707,holdout,0,0.13174111573637176
23708,development,1,0.20688978805893823
23709,development,0,0.1550795307850312
23710,development,0,0.17246609126360563
23711,development,0,0.14101012193001738
23712,development,0,0.10546654359684429
23713,holdout,0,0.14792427917841514
23714,development,0,0.16073843930416593
23715,development,0,0.09465633404187987
23716,holdout,0,0.8011683188614632
23717,development,0,0.11203658770392504
23718,holdout,1,0.6008385207611291
23719,development,1,0.8768617553065255
23720,development,0,0.13705585656638586
23721,development,0,0.3929116456366861
23722,development,0,0.19652688825103334
23723,holdout,0,0.130544691377782
23724,development,0,0.13807402418606454
23725,development,0,0.13276837718813067
23726,development,0,0.0730499886685515
23727,holdout,0,0.15004550276755493
23728,development,0,0.2137139438775808
23729,development,1,0.28483517873576475
23730,holdout,0,0.12983362531226586
23731,development,1,0.31892063734346626
23732,development,0,0.17386866895923742
23733,holdout,0,0.08053134470696378
23734,holdout,0,0.0781957612020099
23735,holdout,1,0.14552738077041216
23736,holdout,0,0.10850121948777913
23737,development,1,0.533027793831858
23738,development,0,0.5426847872030182
23739,development,0,0.12427068142009351
23740,holdout,0,0.07115036217220998
23741,development,0,0.12723560824457267
23742,holdout,0,0.11225037610728923
23743,holdout,0,0.1120450616379829
23744,development,0,0.11322231465704478
23745,development,0,0.24424982584708857
23746,holdout,0,0.08184972497917517
23747,holdout,0,0.35196481789793066
23748,development,0,0.08753204313613629
23749,holdout,0,0.1792528713853071
23750,holdout,0,0.08275409797049967
23751,holdout,0,0.12484914228509761
23752,development,0,0.25152566528192694
23753,development,0,0.1779812147297231
23754,holdout,0,0.1408603508084107
23755,development,0,0.44441698753885733
23756,holdout,1,0.25259325198859955
23757,development,0,0.10802667592819389
23758,development,0,0.5014750780072582
23759,development,0,0.15861780798324432
23760,development,0,0.11140181280672956
23761,development,0,0.1994815698085657
23762,development,1,0.5434188487266104
23763,holdout,1,0.16388121455743374
23764,holdout,0,0.12653077267447643
23765,development,0,0.19185878267713705
23766,development,0,0.12131435346721421
23767,development,0,0.12084340550202541
23768,development,1,0.668351039832713
23769,development,1,0.852582977362988
23770,development,0,0.08508353662521304
23771,development,1,0.09884363462557175
23772,development,0,0.0959937425211783
23773,development,0,0.2009989238104783
23774,development,1,0.28789741094485527
23775,development,0,0.08028440723712559
23776,holdout,1,0.36001641261590206
23777,holdout,0,0.08136385901945802
23778,development,0,0.11871267459761604
23779,development,0,0.12941191380555653
23780,development,0,0.06702598980988664
23781,development,0,0.13876799312943683
23782,development,0,0.1189127334454219
23783,holdout,0,0.18774269605887967
23784,development,1,0.8901847417301785
23785,development,1,0.18436378557976993
23786,development,1,0.5750179383029759
23787,holdout,0,0.09015723029353524
23788,development,0,0.15936972272028116
23789,development,0,0.186763791285269
23790,development,0,0.31267632896300657
23791,development,0,0.08747991066859605
23792,development,0,0.3082415963445805
23793,development,0,0.49249979691872114
23794,development,0,0.4614113193831118
23795,development,0,0.1410344451499398
23796,development,0,0.31163144290117173
23797,holdout,0,0.49112650657544227
23798,development,1,0.08130332614837821
23799,development,0,0.1080102261681563
23800,development,0,0.12972075481178866
23801,development,0,0.20453348565892399
23802,development,0,0.32356845901444653
23803,development,0,0.31346057798502247
23804,development,0,0.18826175260239186
23805,development,0,0.18677339239728571
23806,development,1,0.8709405400342605
23807,development,1,0.5922711408014735
23808,development,0,0.11281068803205299
23809,holdout,0,0.11388264504307521
23810,development,0,0.17168486491434767
23811,holdout,0,0.11170095321494478
23812,holdout,0,0.37465845916762325
23813,development,0,0.13943642983624557
23814,development,0,0.10100514945008231
23815,development,0,0.4122590747315961
23816,development,0,0.17959087693729595
23817,development,1,0.5010257710046733
23818,holdout,0,0.1427143373200497
23819,development,0,0.4314888845902187
23820,holdout,0,0.13751976852808706
23821,holdout,0,0.0774418907448743
23822,development,1,0.18294367706520606
23823,development,0,0.07616666617262352
23824,development,0,0.13865074555370233
23825,development,0,0.14217200140466682
23826,holdout,0,0.24266140146650525
23827,development,1,0.8939990671883314
23828,development,0,0.1222721532852081
23829,development,0,0.6737097367106786
23830,development,0,0.17975793715172406
23831,development,0,0.14041127220529728
23832,development,0,0.16655279080368313
23833,development,1,0.12870363367997056
23834,holdout,1,0.5707854237664984
23835,development,0,0.11333264135685149
23836,holdout,0,0.05019304144303804
23837,development,0,0.1329173801958581
23838,development,0,0.09380807029306179
23839,development,0,0.8615980483835873
23840,holdout,0,0.12206949862541087
23841,development,0,0.5815938366865624
23842,development,0,0.17949590814594607
23843,development,1,0.19364380391357
23844,holdout,0,0.2259962600474556
23845,development,0,0.1553390325432579
23846,development,1,0.3145131278869349
23847,development,1,0.7802568001497303
23848,development,0,0.1853432707915194
23849,development,0,0.14619250226814703
23850,development,1,0.3165335812559319
23851,holdout,1,0.3587485268146165
23852,development,0,0.14020153607323532
23853,development,1,0.2765839513908633
23854,holdout,0,0.19588433347320866
23855,holdout,0,0.17994474385371315
23856,holdout,0,0.12405667484659345
23857,development,0,0.022645797895390056
23858,holdout,0,0.10240150800697569
23859,development,1,0.13521798371443136
23860,development,0,0.03569982390915483
23861,holdout,1,0.6952672410010835
23862,development,0,0.1271275616165767
23863,development,0,0.11736162964999901
23864,holdout,1,0.6242164493068281
23865,development,0,0.1271088506748982
23866,development,0,0.03367534415587562
23867,holdout,1,0.7492874528116653
23868,development,0,0.16458063104071582
23869,development,0,0.11595638909770704
23870,development,1,0.3150660509430195
23871,holdout,0,0.07826977426919574
23872,holdout,0,0.4237305258160618
23873,holdout,0,0.10820084628371014
23874,holdout,0,0.25226681751528357
23875,development,1,0.14337215108703905
23876,development,0,0.11579432939452182
23877,development,0,0.07351184288208062
23878,development,1,0.2070730777660793
23879,holdout,0,0.1573434042809271
23880,development,0,0.15042727259513847
23881,development,1,0.24810182355232702
23882,holdout,0,0.2897203415977381
23883,holdout,1,0.21497806406089903
23884,development,0,0.10639188843241344
23885,development,0,0.1316309759554889
23886,holdout,0,0.14385839394001534
23887,holdout,1,0.1404599817452939
23888,development,0,0.08358092422776942
23889,development,0,0.08036644445634394
23890,development,1,0.10301576266559986
23891,holdout,0,0.12374277381949803
23892,holdout,1,0.1382557501296913
23893,holdout,0,0.11193635225295703
23894,development,0,0.10672805664905971
23895,development,1,0.1540886846325928
23896,development,0,0.11341179658268839
23897,development,0,0.13732407597435417
23898,development,0,0.1301696466907928
23899,development,0,0.11371815102867584
23900,development,0,0.13746687638996546
23901,development,0,0.14216516844612925
23902,holdout,0,0.3135950270105334
23903,development,0,0.08913979703666587
23904,holdout,1,0.13777747730392445
23905,development,0,0.09540913377355444
23906,development,1,0.7433639023299935
23907,development,1,0.13765209031290432
23908,development,0,0.4290392063257066
23909,development,1,0.1258859515387567
23910,development,1,0.1754978363055551
23911,development,0,0.37131787713491127
23912,development,0,0.12292995221175289
23913,development,0,0.11980229733900623
23914,holdout,1,0.13887642062735614
23915,development,1,0.4160277457164066
23916,development,0,0.16546619345931363
23917,holdout,1,0.2765082994236256
23918,development,0,0.0742685727487091
23919,holdout,0,0.07806838529758131
23920,development,1,0.1228383571438603
23921,holdout,0,0.08807400082715706
23922,development,0,0.09724555523278439
23923,development,0,0.10581958125519222
23924,holdout,0,0.4634544089109537
23925,development,0,0.10951385428953546
23926,holdout,1,0.280605647984295
23927,development,0,0.12068565948520873
23928,holdout,1,0.2608998299790969
23929,development,1,0.1378087835026867
23930,development,1,0.1037109058232078
23931,development,0,0.32670340029173134
23932,holdout,0,0.11008867598406817
23933,development,0,0.1701801614401435
23934,holdout,0,0.1327731114363689
23935,holdout,0,0.6308358419432275
23936,holdout,0,0.12335401962127242
23937,development,0,0.29515677698388715
23938,development,1,0.13035469619493265
23939,development,0,0.6819899630054548
23940,development,0,0.17328371629224987
23941,development,1,0.30906005710802176
23942,development,0,0.22302623116526618
23943,development,0,0.08907414413227131
23944,holdout,1,0.22138708813857816
23945,development,0,0.12905110512877185
23946,development,0,0.65461586956452
23947,development,0,0.15170685961933184
23948,development,0,0.47416365631433666
23949,development,0,0.2571665752478147
23950,development,1,0.1353729452167666
23951,development,0,0.12194696638215886
23952,holdout,1,0.5383966132751443
23953,holdout,0,0.19007900582685686
23954,development,0,0.08801726110192885
23955,development,0,0.09904273791048698
23956,development,0,0.11967971487239898
23957,holdout,0,0.16164351355924622
23958,holdout,0,0.12213533371802576
23959,development,0,0.11741640773342296
23960,development,0,0.1512778506130418
23961,development,0,0.1467460897176472
23962,development,0,0.11659935249558477
23963,development,0,0.1364239867373422
23964,development,0,0.11337505423553183
23965,development,0,0.219025817381104
23966,development,0,0.08000316357937275
23967,holdout,0,0.46785955986854677
23968,development,0,0.19071948770726826
23969,development,0,0.0884096152625726
23970,development,0,0.1339046739465248
23971,holdout,1,0.09472746553476373
23972,holdout,0,0.2529153903046753
23973,holdout,0,0.208873060757228
23974,holdout,0,0.1227330431139096
23975,holdout,0,0.10362479627011448
23976,holdout,0,0.13712345711657078
23977,development,0,0.165915249063433
23978,holdout,1,0.5502171551803109
23979,holdout,0,0.15187026616541016
23980,development,1,0.8053181937402825
23981,holdout,0,0.10262453980570843
23982,development,0,0.08531438365406174
23983,development,0,0.1617955151351713
23984,holdout,0,0.5589084555630232
23985,development,1,0.14849972809939344
23986,holdout,0,0.15118277065895827
23987,development,0,0.07912714214981967
23988,holdout,0,0.07108210737628953
23989,development,0,0.14493520762535236
23990,holdout,0,0.11888123308580721
23991,development,0,0.11694562478607258
23992,development,0,0.14236177816885445
23993,holdout,0,0.21026409782425973
23994,development,0,0.1639798643045796
23995,development,1,0.742095308374317
23996,holdout,0,0.12108084878565474
23997,development,1,0.7811915786672602
23998,holdout,1,0.3028108825934528
23999,development,1,0.17902226555287318
