row,sample
0,development
1,development
2,development
3,holdout
4,development
5,development
6,development
7,holdout
8,development
9,development
10,holdout
11,development
12,holdout
13,holdout
14,development
15,holdout
16,development
17,development
18,development
19,holdout
20,holdout
21,development
22,development
23,holdout
24,development
25,development
26,development
27,development
28,development
29,development
30,holdout
31,holdout
32,development
33,holdout
34,development
35,development
36,development
37,development
38,development
39,development
40,development
41,development
42,development
43,development
44,development
45,development
46,development
47,development
48,development
49,development
50,development
51,holdout
52,development
53,development
54,development
55,development
56,development
57,development
58,holdout
59,development
60,development
61,development
62,development
63,development
64,development
65,development
66,holdout
67,development
68,development
69,development
70,holdout
71,holdout
72,holdout
73,development
74,holdout
75,development
76,development
77,development
78,development
79,holdout
80,development
81,holdout
82,development
83,development
84,development
85,development
86,development
87,holdout
88,development
89,development
90,development
91,holdout
92,development
93,development
94,development
95,holdout
96,development
97,development
98,development
99,development
100,holdout
101,development
102,development
103,development
104,development
105,development
106,holdout
107,development
108,development
109,holdout
110,development
111,development
112,holdout
113,development
114,development
115,development
116,holdout
117,holdout
118,development
119,development
120,development
121,development
122,development
123,development
124,holdout
125,development
126,development
127,development
128,development
129,development
130,development
131,development
132,holdout
133,development
134,development
135,development
136,development
137,development
138,holdout
139,development
140,holdout
141,development
142,development
143,holdout
144,development
145,holdout
146,development
147,development
148,development
149,development
150,development
151,development
152,development
153,development
154,holdout
155,development
156,holdout
157,holdout
158,holdout
159,holdout
160,development
161,development
162,holdout
163,development
164,development
165,development
166,development
167,development
168,development
169,development
170,development
171,development
172,holdout
173,development
174,development
175,holdout
176,holdout
177,holdout
178,holdout
179,holdout
180,development
181,development
182,development
183,holdout
184,holdout
185,development
186,development
187,holdout
188,development
189,development
190,development
191,holdout
192,development
193,holdout
194,development
195,holdout
196,development
197,development
198,development
199,holdout
200,holdout
201,holdout
202,holdout
203,holdout
204,holdout
205,development
206,holdout
207,holdout
208,development
209,holdout
210,development
211,development
212,development
213,development
214,development
215,development
216,holdout
217,holdout
218,development
219,development
220,holdout
221,development
222,development
223,development
224,development
225,development
226,development
227,development
228,holdout
229,holdout
230,development
231,development
232,holdout
233,holdout
234,development
235,development
236,development
237,development
238,holdout
239,development
240,holdout
241,holdout
242,holdout
243,holdout
244,development
245,holdout
246,holdout
247,development
248,holdout
249,development
250,development
251,development
252,holdout
253,holdout
254,holdout
255,holdout
256,holdout
257,holdout
258,holdout
259,holdout
260,development
261,development
262,development
263,development
264,development
265,holdout
266,development
267,development
268,development
269,development
270,development
271,holdout
272,development
273,holdout
274,development
275,development
276,development
277,development
278,development
279,development
280,holdout
281,development
282,holdout
283,development
284,development
285,holdout
286,development
287,holdout
288,development
289,development
290,development
291,development
292,development
293,development
294,development
295,holdout
296,development
297,holdout
298,holdout
299,holdout
300,holdout
301,development
302,holdout
303,holdout
304,development
305,development
306,holdout
307,development
308,holdout
309,development
310,development
311,development
312,development
313,development
314,development
315,development
316,development
317,holdout
318,holdout
319,development
320,development
321,development
322,development
323,development
324,development
325,holdout
326,development
327,development
328,development
329,holdout
330,development
331,development
332,development
333,development
334,holdout
335,development
336,development
337,development
338,development
339,holdout
340,development
341,holdout
342,development
343,development
344,holdout
345,development
346,holdout
347,holdout
348,holdout
349,development
350,development
351,development
352,development
353,development
354,development
355,holdout
356,holdout
357,holdout
358,development
359,holdout
360,development
361,holdout
362,holdout
363,development
364,development
365,holdout
366,development
367,development
368,development
369,development
370,holdout
371,development
372,development
373,holdout
374,development
375,development
376,development
377,holdout
378,development
379,development
380,development
381,development
382,development
383,development
384,development
385,holdout
386,holdout
387,development
388,development
389,development
390,development
391,development
392,holdout
393,development
394,development
395,development
396,development
397,holdout
398,development
399,development
400,development
401,holdout
402,development
403,development
404,holdout
405,development
406,development
407,development
408,development
409,development
410,development
411,development
412,holdout
413,development
414,development
415,development
416,development
417,development
418,development
419,development
420,development
421,holdout
422,holdout
423,development
424,development
425,development
426,development
427,holdout
428,development
429,development
430,development
431,holdout
432,development
433,holdout
434,development
435,holdout
436,development
437,development
438,development
439,development
440,development
441,development
442,development
443,holdout
444,holdout
445,development
446,holdout
447,development
448,development
449,development
450,holdout
451,development
452,development
453,development
454,development
455,development
456,holdout
457,holdout
458,development
459,development
460,development
461,holdout
462,development
463,development
464,holdout
465,development
466,holdout
467,development
468,development
469,development
470,holdout
471,holdout
472,development
473,holdout
474,holdout
475,development
476,development
477,holdout
478,development
479,development
480,development
481,development
482,development
483,development
484,development
485,development
486,development
487,holdout
488,holdout
489,holdout
490,development
491,holdout
492,holdout
493,development
494,development
495,holdout
496,development
497,holdout
498,holdout
499,development
500,development
501,development
502,development
503,development
504,development
505,development
506,development
507,development
508,development
509,development
510,holdout
511,holdout
512,holdout
513,development
514,development
515,development
516,development
517,development
518,holdout
519,development
520,development
521,development
522,holdout
523,development
524,development
525,holdout
526,development
527,holdout
528,development
529,development
530,development
531,development
532,holdout
533,holdout
534,holdout
535,development
536,development
537,development
538,development
539,development
540,development
541,development
542,development
543,development
544,development
545,holdout
546,holdout
547,development
548,holdout
549,development
550,development
551,development
552,development
553,development
554,holdout
555,development
556,development
557,development
558,development
559,development
560,holdout
561,holdout
562,development
563,development
564,development
565,holdout
566,development
567,development
568,development
569,development
570,holdout
571,development
572,development
573,development
574,development
575,development
576,development
577,development
578,holdout
579,development
580,development
581,development
582,development
583,development
584,development
585,holdout
586,development
587,development
588,development
589,development
590,development
591,development
592,development
593,holdout
594,development
595,development
596,development
597,development
598,holdout
599,development
600,development
601,development
602,development
603,development
604,development
605,development
606,holdout
607,development
608,holdout
609,holdout
610,development
611,development
612,development
613,development
614,development
615,development
616,development
617,development
618,holdout
619,holdout
620,development
621,development
622,holdout
623,development
624,development
625,development
626,development
627,holdout
628,development
629,development
630,development
631,development
632,development
633,holdout
634,development
635,development
636,holdout
637,development
638,holdout
639,development
640,development
641,development
642,holdout
643,development
644,development
645,development
646,development
647,development
648,holdout
649,development
650,development
651,development
652,development
653,holdout
654,development
655,development
656,development
657,development
658,holdout
659,development
660,development
661,development
662,holdout
663,holdout
664,development
665,development
666,development
667,holdout
668,holdout
669,development
670,holdout
671,development
672,development
673,development
674,development
675,development
676,development
677,holdout
678,development
679,development
680,holdout
681,holdout
682,development
683,holdout
684,development
685,development
686,development
687,holdout
688,holdout
689,development
690,development
691,development
692,development
693,development
694,development
695,development
696,holdout
697,development
698,development
699,development
700,development
701,development
702,holdout
703,development
704,development
705,holdout
706,development
707,development
708,development
709,development
710,development
711,development
712,development
713,development
714,development
715,holdout
716,holdout
717,holdout
718,holdout
719,development
720,development
721,development
722,development
723,development
724,holdout
725,development
726,development
727,development
728,development
729,holdout
730,holdout
731,development
732,development
733,development
734,holdout
735,development
736,development
737,holdout
738,development
739,holdout
740,development
741,development
742,development
743,development
744,holdout
745,development
746,development
747,development
748,development
749,holdout
750,holdout
751,development
752,development
753,development
754,development
755,development
756,holdout
757,holdout
758,development
759,development
760,development
761,development
762,holdout
763,development
764,development
765,development
766,development
767,development
768,holdout
769,development
770,development
771,holdout
772,holdout
773,development
774,holdout
775,development
776,development
777,development
778,holdout
779,development
780,development
781,development
782,development
783,holdout
784,development
785,development
786,development
787,development
788,holdout
789,holdout
790,development
791,holdout
792,holdout
793,development
794,holdout
795,holdout
796,development
797,development
798,holdout
799,development
800,holdout
801,development
802,development
803,development
804,development
805,development
806,development
807,development
808,holdout
809,development
810,development
811,development
812,development
813,development
814,development
815,development
816,holdout
817,holdout
818,development
819,development
820,development
821,holdout
822,holdout
823,development
824,development
825,holdout
826,development
827,development
828,development
829,development
830,development
831,development
832,holdout
833,development
834,holdout
835,holdout
836,development
837,development
838,holdout
839,development
840,development
841,development
842,holdout
843,holdout
844,holdout
845,development
846,development
847,holdout
848,holdout
849,development
850,holdout
851,holdout
852,development
853,development
854,holdout
855,development
856,development
857,development
858,development
859,holdout
860,development
861,development
862,holdout
863,development
864,development
865,development
866,development
867,development
868,development
869,holdout
870,development
871,development
872,holdout
873,development
874,holdout
875,holdout
876,holdout
877,holdout
878,development
879,development
880,holdout
881,development
882,development
883,holdout
884,development
885,holdout
886,holdout
887,development
888,development
889,development
890,development
891,holdout
892,development
893,development
894,development
895,holdout
896,holdout
897,development
898,development
899,development
900,development
901,development
902,development
903,development
904,development
905,development
906,development
907,development
908,holdout
909,development
910,development
911,holdout
912,development
913,holdout
914,development
915,holdout
916,development
917,development
918,development
919,holdout
920,holdout
921,holdout
922,holdout
923,development
924,development
925,development
926,development
927,development
928,development
929,development
930,development
931,development
932,development
933,development
934,development
935,development
936,development
937,development
938,development
939,development
940,development
941,development
942,development
943,development
944,development
945,development
946,development
947,development
948,development
949,development
950,development
951,development
952,development
953,development
954,development
955,development
956,holdout
957,development
958,development
959,development
960,development
961,development
962,development
963,development
964,development
965,development
966,development
967,development
968,development
969,holdout
970,holdout
971,holdout
972,holdout
973,holdout
974,development
975,development
976,development
977,development
978,development
979,development
980,holdout
981,development
982,holdout
983,development
984,holdout
985,holdout
986,holdout
987,development
988,development
989,development
990,holdout
991,holdout
992,holdout
993,development
994,development
995,development
996,development
997,development
998,development
999,development
1000,holdout
1001,development
1002,development
1003,development
1004,development
1005,development
1006,development
1007,development
1008,development
1009,holdout
1010,development
1011,development
1012,holdout
1013,development
1014,development
1015,development
1016,holdout
1017,development
1018,holdout
1019,holdout
1020,holdout
1021,holdout
1022,development
1023,development
1024,development
1025,development
1026,development
1027,development
1028,holdout
1029,holdout
1030,development
1031,holdout
1032,development
1033,development
1034,development
1035,development
1036,development
1037,development
1038,holdout
1039,development
1040,holdout
1041,holdout
1042,development
1043,development
1044,holdout
1045,development
1046,development
1047,holdout
1048,development
1049,development
1050,development
1051,development
1052,development
1053,development
1054,development
1055,holdout
1056,development
1057,holdout
1058,development
1059,development
1060,development
1061,development
1062,development
1063,development
1064,development
1065,development
1066,holdout
1067,holdout
1068,holdout
1069,development
1070,development
1071,development
1072,development
1073,development
1074,holdout
1075,development
1076,holdout
1077,holdout
1078,holdout
1079,development
1080,holdout
1081,development
1082,holdout
1083,holdout
1084,holdout
1085,holdout
1086,development
1087,development
1088,development
1089,development
1090,development
1091,development
1092,development
1093,development
1094,development
1095,development
1096,holdout
1097,holdout
1098,holdout
1099,development
1100,development
1101,development
1102,development
1103,development
1104,development
1105,development
1106,holdout
1107,development
1108,development
1109,development
1110,development
1111,development
1112,development
1113,holdout
1114,development
1115,development
1116,development
1117,holdout
1118,holdout
1119,development
1120,development
1121,holdout
1122,development
1123,holdout
1124,development
1125,holdout
1126,development
1127,holdout
1128,holdout
1129,holdout
1130,development
1131,holdout
1132,development
1133,development
1134,development
1135,development
1136,development
1137,development
1138,holdout
1139,development
1140,development
1141,development
1142,development
1143,development
1144,development
1145,development
1146,holdout
1147,development
1148,development
1149,holdout
1150,development
1151,development
1152,development
1153,holdout
1154,development
1155,holdout
1156,development
1157,development
1158,holdout
1159,holdout
1160,holdout
1161,development
1162,development
1163,holdout
1164,development
1165,development
1166,holdout
1167,development
1168,development
1169,holdout
1170,development
1171,holdout
1172,development
1173,development
1174,holdout
1175,development
1176,holdout
1177,development
1178,development
1179,development
1180,development
1181,holdout
1182,development
1183,development
1184,development
1185,development
1186,development
1187,development
1188,holdout
1189,development
1190,development
1191,development
1192,holdout
1193,development
1194,development
1195,development
1196,development
1197,development
1198,development
1199,holdout
1200,development
1201,development
1202,holdout
1203,development
1204,holdout
1205,holdout
1206,development
1207,development
1208,development
1209,development
1210,development
1211,development
1212,development
1213,holdout
1214,development
1215,development
1216,development
1217,development
1218,development
1219,development
1220,holdout
1221,holdout
1222,holdout
1223,development
1224,development
1225,development
1226,holdout
1227,development
1228,development
1229,holdout
1230,holdout
1231,development
1232,holdout
1233,development
1234,development
1235,holdout
1236,development
1237,development
1238,development
1239,development
1240,development
1241,development
1242,holdout
1243,development
1244,holdout
1245,holdout
1246,holdout
1247,holdout
1248,development
1249,development
1250,holdout
1251,holdout
1252,development
1253,development
1254,development
1255,holdout
1256,development
1257,development
1258,development
1259,development
1260,development
1261,holdout
1262,development
1263,holdout
1264,holdout
1265,development
1266,holdout
1267,development
1268,development
1269,development
1270,development
1271,development
1272,holdout
1273,holdout
1274,development
1275,development
1276,development
1277,holdout
1278,holdout
1279,holdout
1280,holdout
1281,holdout
1282,development
1283,development
1284,holdout
1285,development
1286,holdout
1287,development
1288,development
1289,development
1290,development
1291,development
1292,development
1293,development
1294,development
1295,holdout
1296,development
1297,development
1298,development
1299,holdout
1300,development
1301,development
1302,development
1303,development
1304,development
1305,development
1306,holdout
1307,development
1308,holdout
1309,development
1310,development
1311,development
1312,holdout
1313,development
1314,development
1315,development
1316,development
1317,development
1318,development
1319,development
1320,development
1321,holdout
1322,holdout
1323,development
1324,development
1325,development
1326,development
1327,development
1328,holdout
1329,development
1330,development
1331,holdout
1332,development
1333,development
1334,holdout
1335,development
1336,development
1337,holdout
1338,holdout
1339,holdout
1340,development
1341,holdout
1342,development
1343,development
1344,development
1345,development
1346,development
1347,development
1348,development
1349,development
1350,development
1351,development
1352,development
1353,holdout
1354,holdout
1355,development
1356,development
1357,development
1358,development
1359,development
1360,development
1361,holdout
1362,holdout
1363,development
1364,development
1365,development
1366,development
1367,development
1368,development
1369,development
1370,holdout
1371,development
1372,holdout
1373,development
1374,development
1375,development
1376,development
1377,holdout
1378,holdout
1379,holdout
1380,development
1381,development
1382,holdout
1383,development
1384,holdout
1385,holdout
1386,development
1387,development
1388,development
1389,development
1390,holdout
1391,development
1392,holdout
1393,development
1394,holdout
1395,holdout
1396,holdout
1397,development
1398,development
1399,development
1400,development
1401,development
1402,development
1403,development
1404,holdout
1405,development
1406,holdout
1407,development
1408,development
1409,development
1410,holdout
1411,holdout
1412,development
1413,development
1414,holdout
1415,development
1416,holdout
1417,development
1418,development
1419,holdout
1420,holdout
1421,development
1422,development
1423,development
1424,development
1425,holdout
1426,development
1427,holdout
1428,holdout
1429,development
1430,holdout
1431,development
1432,holdout
1433,holdout
1434,holdout
1435,development
1436,development
1437,development
1438,development
1439,holdout
1440,holdout
1441,development
1442,development
1443,development
1444,holdout
1445,holdout
1446,development
1447,development
1448,development
1449,development
1450,development
1451,development
1452,holdout
1453,holdout
1454,development
1455,development
1456,development
1457,holdout
1458,development
1459,holdout
1460,development
1461,development
1462,development
1463,holdout
1464,development
1465,development
1466,development
1467,development
1468,development
1469,development
1470,holdout
1471,development
1472,holdout
1473,holdout
1474,development
1475,holdout
1476,holdout
1477,development
1478,holdout
1479,development
1480,development
1481,development
1482,development
1483,development
1484,development
1485,holdout
1486,development
1487,development
1488,development
1489,development
1490,development
1491,development
1492,development
1493,development
1494,development
1495,holdout
1496,development
1497,development
1498,development
1499,holdout
1500,holdout
1501,holdout
1502,development
1503,development
1504,development
1505,development
1506,development
1507,development
1508,development
1509,development
1510,holdout
1511,development
1512,development
1513,holdout
1514,development
1515,development
1516,development
1517,development
1518,holdout
1519,development
1520,development
1521,development
1522,development
1523,development
1524,development
1525,holdout
1526,development
1527,holdout
1528,development
1529,holdout
1530,development
1531,development
1532,development
1533,development
1534,development
1535,development
1536,holdout
1537,development
1538,holdout
1539,development
1540,holdout
1541,development
1542,development
1543,development
1544,development
1545,development
1546,development
1547,development
1548,development
1549,development
1550,holdout
1551,holdout
1552,development
1553,holdout
1554,development
1555,holdout
1556,development
1557,development
1558,development
1559,holdout
1560,development
1561,development
1562,development
1563,development
1564,development
1565,holdout
1566,development
1567,holdout
1568,holdout
1569,holdout
1570,development
1571,development
1572,development
1573,development
1574,development
1575,development
1576,development
1577,development
1578,development
1579,holdout
1580,holdout
1581,development
1582,development
1583,holdout
1584,holdout
1585,holdout
1586,development
1587,development
1588,holdout
1589,development
1590,development
1591,holdout
1592,holdout
1593,development
1594,development
1595,holdout
1596,holdout
1597,development
1598,holdout
1599,development
1600,development
1601,holdout
1602,development
1603,development
1604,development
1605,holdout
1606,holdout
1607,development
1608,development
1609,development
1610,holdout
1611,development
1612,holdout
1613,development
1614,holdout
1615,development
1616,development
1617,development
1618,development
1619,development
1620,development
1621,holdout
1622,development
1623,development
1624,development
1625,development
1626,holdout
1627,development
1628,holdout
1629,development
1630,development
1631,development
1632,development
1633,holdout
1634,development
1635,development
1636,development
1637,holdout
1638,development
1639,development
1640,development
1641,development
1642,development
1643,holdout
1644,development
1645,development
1646,holdout
1647,development
1648,development
1649,development
1650,development
1651,development
1652,holdout
1653,development
1654,development
1655,development
1656,holdout
1657,development
1658,development
1659,holdout
1660,holdout
1661,development
1662,development
1663,development
1664,development
1665,holdout
1666,development
1667,holdout
1668,development
1669,development
1670,development
1671,holdout
1672,development
1673,development
1674,development
1675,holdout
1676,development
1677,development
1678,development
1679,development
1680,holdout
1681,development
1682,holdout
1683,development
1684,development
1685,development
1686,development
1687,development
1688,development
1689,development
1690,development
1691,development
1692,development
1693,development
1694,development
1695,development
1696,holdout
1697,development
1698,holdout
1699,holdout
1700,development
1701,development
1702,development
1703,holdout
1704,development
1705,development
1706,development
1707,development
1708,holdout
1709,development
1710,development
1711,development
1712,development
1713,development
1714,development
1715,holdout
1716,development
1717,development
1718,development
1719,development
1720,development
1721,development
1722,development
1723,holdout
1724,development
1725,development
1726,development
1727,development
1728,holdout
1729,development
1730,development
1731,development
1732,development
1733,holdout
1734,development
1735,holdout
1736,development
1737,holdout
1738,holdout
1739,development
1740,development
1741,holdout
1742,development
1743,development
1744,development
1745,development
1746,development
1747,development
1748,development
1749,development
1750,development
1751,holdout
1752,development
1753,holdout
1754,development
1755,holdout
1756,holdout
1757,holdout
1758,development
1759,development
1760,development
1761,development
1762,holdout
1763,development
1764,development
1765,development
1766,holdout
1767,development
1768,development
1769,development
1770,development
1771,development
1772,development
1773,development
1774,development
1775,development
1776,development
1777,development
1778,development
1779,development
1780,holdout
1781,development
1782,holdout
1783,holdout
1784,holdout
1785,development
1786,holdout
1787,development
1788,development
1789,development
1790,development
1791,development
1792,development
1793,holdout
1794,development
1795,development
1796,holdout
1797,development
1798,development
1799,development
1800,development
1801,development
1802,development
1803,development
1804,development
1805,development
1806,development
1807,development
1808,development
1809,development
1810,development
1811,holdout
1812,development
1813,holdout
1814,development
1815,development
1816,development
1817,development
1818,holdout
1819,holdout
1820,development
1821,development
1822,holdout
1823,holdout
1824,development
1825,development
1826,development
1827,development
1828,holdout
1829,development
1830,development
1831,development
1832,holdout
1833,development
1834,holdout
1835,development
1836,holdout
1837,development
1838,development
1839,holdout
1840,development
1841,development
1842,holdout
1843,holdout
1844,holdout
1845,development
1846,development
1847,development
1848,holdout
1849,development
1850,development
1851,development
1852,development
1853,development
1854,holdout
1855,development
1856,holdout
1857,development
1858,development
1859,development
1860,development
1861,holdout
1862,holdout
1863,development
1864,development
1865,development
1866,development
1867,development
1868,development
1869,development
1870,development
1871,development
1872,development
1873,development
1874,development
1875,development
1876,holdout
1877,development
1878,holdout
1879,development
1880,holdout
1881,holdout
1882,development
1883,development
1884,development
1885,holdout
1886,development
1887,development
1888,development
1889,development
1890,development
1891,development
1892,development
1893,development
1894,development
1895,development
1896,development
1897,development
1898,holdout
1899,development
1900,development
1901,development
1902,development
1903,development
1904,holdout
1905,development
1906,development
1907,holdout
1908,development
1909,holdout
1910,development
1911,development
1912,development
1913,holdout
1914,holdout
1915,development
1916,development
1917,development
1918,development
1919,development
1920,holdout
1921,development
1922,development
1923,development
1924,development
1925,development
1926,development
1927,development
1928,development
1929,development
1930,holdout
1931,holdout
1932,holdout
1933,development
1934,development
1935,holdout
1936,development
1937,development
1938,holdout
1939,development
1940,holdout
1941,development
1942,development
1943,holdout
1944,development
1945,holdout
1946,development
1947,development
1948,development
1949,holdout
1950,development
1951,development
1952,development
1953,development
1954,holdout
1955,development
1956,holdout
1957,development
1958,development
1959,development
1960,development
1961,holdout
1962,holdout
1963,development
1964,development
1965,development
1966,holdout
1967,holdout
1968,development
1969,development
1970,holdout
1971,holdout
1972,holdout
1973,development
1974,holdout
1975,development
1976,development
1977,holdout
1978,development
1979,development
1980,development
1981,development
1982,development
1983,holdout
1984,development
1985,development
1986,development
1987,holdout
1988,development
1989,development
1990,development
1991,development
1992,holdout
1993,development
1994,development
1995,development
1996,holdout
1997,development
1998,development
1999,holdout
2000,development
2001,holdout
2002,development
2003,development
2004,development
2005,development
2006,development
2007,holdout
2008,development
2009,development
2010,development
2011,holdout
2012,development
2013,development
2014,development
2015,development
2016,development
2017,development
2018,development
2019,development
2020,holdout
2021,holdout
2022,development
2023,development
2024,holdout
2025,development
2026,development
2027,holdout
2028,holdout
2029,development
2030,development
2031,development
2032,holdout
2033,development
2034,development
2035,holdout
2036,holdout
2037,holdout
2038,development
2039,holdout
2040,development
2041,development
2042,development
2043,development
2044,development
2045,development
2046,development
2047,development
2048,development
2049,development
2050,development
2051,holdout
2052,holdout
2053,development
2054,development
2055,holdout
2056,development
2057,holdout
2058,development
2059,holdout
2060,development
2061,holdout
2062,development
2063,holdout
2064,development
2065,development
2066,development
2067,development
2068,development
2069,development
2070,development
2071,development
2072,development
2073,development
2074,development
2075,development
2076,holdout
2077,holdout
2078,development
2079,holdout
2080,development
2081,development
2082,holdout
2083,development
2084,holdout
2085,holdout
2086,holdout
2087,holdout
2088,holdout
2089,development
2090,development
2091,development
2092,development
2093,holdout
2094,development
2095,development
2096,holdout
2097,holdout
2098,holdout
2099,holdout
2100,development
2101,holdout
2102,development
2103,holdout
2104,development
2105,development
2106,development
2107,development
2108,holdout
2109,development
2110,holdout
2111,holdout
2112,holdout
2113,development
2114,development
2115,development
2116,development
2117,development
2118,holdout
2119,holdout
2120,development
2121,development
2122,development
2123,development
2124,development
2125,holdout
2126,development
2127,development
2128,development
2129,development
2130,holdout
2131,development
2132,development
2133,development
2134,development
2135,development
2136,holdout
2137,development
2138,holdout
2139,development
2140,holdout
2141,holdout
2142,development
2143,development
2144,development
2145,development
2146,development
2147,development
2148,development
2149,development
2150,development
2151,development
2152,holdout
2153,holdout
2154,development
2155,development
2156,development
2157,holdout
2158,development
2159,holdout
2160,holdout
2161,holdout
2162,development
2163,development
2164,development
2165,holdout
2166,development
2167,development
2168,holdout
2169,development
2170,development
2171,development
2172,holdout
2173,development
2174,holdout
2175,development
2176,development
2177,development
2178,development
2179,development
2180,holdout
2181,holdout
2182,development
2183,development
2184,development
2185,holdout
2186,development
2187,development
2188,development
2189,development
2190,development
2191,development
2192,development
2193,holdout
2194,development
2195,development
2196,development
2197,development
2198,development
2199,development
2200,development
2201,holdout
2202,development
2203,holdout
2204,development
2205,holdout
2206,development
2207,development
2208,development
2209,development
2210,development
2211,holdout
2212,development
2213,development
2214,development
2215,holdout
2216,development
2217,development
2218,development
2219,development
2220,holdout
2221,development
2222,holdout
2223,development
2224,holdout
2225,holdout
2226,development
2227,development
2228,holdout
2229,development
2230,development
2231,development
2232,development
2233,development
2234,development
2235,development
2236,holdout
2237,development
2238,development
2239,development
2240,development
2241,development
2242,development
2243,development
2244,development
2245,development
2246,development
2247,development
2248,holdout
2249,development
2250,holdout
2251,holdout
2252,development
2253,development
2254,development
2255,holdout
2256,development
2257,development
2258,development
2259,holdout
2260,holdout
2261,development
2262,development
2263,development
2264,holdout
2265,development
2266,holdout
2267,holdout
2268,holdout
2269,holdout
2270,development
2271,development
2272,development
2273,development
2274,development
2275,development
2276,development
2277,holdout
2278,development
2279,development
2280,development
2281,holdout
2282,development
2283,development
2284,holdout
2285,development
2286,holdout
2287,development
2288,holdout
2289,development
2290,holdout
2291,development
2292,development
2293,development
2294,development
2295,development
2296,development
2297,development
2298,development
2299,holdout
2300,holdout
2301,development
2302,development
2303,holdout
2304,development
2305,development
2306,holdout
2307,development
2308,development
2309,development
2310,development
2311,development
2312,development
2313,development
2314,holdout
2315,development
2316,holdout
2317,development
2318,holdout
2319,development
2320,development
2321,development
2322,holdout
2323,development
2324,development
2325,holdout
2326,holdout
2327,development
2328,holdout
2329,holdout
2330,holdout
2331,holdout
2332,holdout
2333,development
2334,holdout
2335,holdout
2336,development
2337,development
2338,development
2339,development
2340,holdout
2341,development
2342,holdout
2343,development
2344,holdout
2345,development
2346,holdout
2347,holdout
2348,development
2349,development
2350,holdout
2351,development
2352,development
2353,development
2354,development
2355,development
2356,development
2357,development
2358,development
2359,holdout
2360,development
2361,development
2362,development
2363,development
2364,development
2365,development
2366,holdout
2367,development
2368,development
2369,development
2370,development
2371,holdout
2372,development
2373,holdout
2374,holdout
2375,development
2376,development
2377,holdout
2378,development
2379,holdout
2380,holdout
2381,development
2382,holdout
2383,holdout
2384,development
2385,holdout
2386,holdout
2387,development
2388,holdout
2389,development
2390,development
2391,development
2392,development
2393,holdout
2394,holdout
2395,development
2396,development
2397,development
2398,development
2399,holdout
2400,development
2401,development
2402,development
2403,development
2404,development
2405,holdout
2406,holdout
2407,holdout
2408,development
2409,development
2410,development
2411,holdout
2412,development
2413,development
2414,holdout
2415,development
2416,development
2417,development
2418,development
2419,development
2420,development
2421,development
2422,holdout
2423,development
2424,development
2425,development
2426,holdout
2427,development
2428,development
2429,development
2430,development
2431,development
2432,holdout
2433,development
2434,development
2435,development
2436,development
2437,holdout
2438,holdout
2439,development
2440,development
2441,development
2442,holdout
2443,holdout
2444,holdout
2445,development
2446,holdout
2447,holdout
2448,development
2449,development
2450,holdout
2451,holdout
2452,holdout
2453,holdout
2454,holdout
2455,development
2456,development
2457,development
2458,holdout
2459,holdout
2460,development
2461,development
2462,holdout
2463,development
2464,development
2465,development
2466,holdout
2467,development
2468,development
2469,development
2470,development
2471,development
2472,development
2473,holdout
2474,holdout
2475,development
2476,development
2477,development
2478,development
2479,development
2480,development
2481,development
2482,holdout
2483,holdout
2484,holdout
2485,holdout
2486,development
2487,development
2488,holdout
2489,development
2490,development
2491,holdout
2492,development
2493,development
2494,holdout
2495,holdout
2496,development
2497,development
2498,development
2499,holdout
2500,development
2501,development
2502,holdout
2503,development
2504,development
2505,development
2506,development
2507,development
2508,development
2509,development
2510,development
2511,holdout
2512,development
2513,holdout
2514,development
2515,holdout
2516,holdout
2517,development
2518,development
2519,development
2520,development
2521,development
2522,holdout
2523,holdout
2524,holdout
2525,holdout
2526,development
2527,development
2528,development
2529,development
2530,holdout
2531,development
2532,development
2533,development
2534,development
2535,development
2536,development
2537,development
2538,holdout
2539,development
2540,development
2541,development
2542,development
2543,holdout
2544,development
2545,development
2546,holdout
2547,holdout
2548,holdout
2549,holdout
2550,development
2551,holdout
2552,holdout
2553,development
2554,development
2555,holdout
2556,holdout
2557,development
2558,holdout
2559,development
2560,holdout
2561,development
2562,development
2563,holdout
2564,development
2565,development
2566,development
2567,development
2568,development
2569,development
2570,holdout
2571,development
2572,holdout
2573,development
2574,development
2575,development
2576,development
2577,holdout
2578,development
2579,development
2580,holdout
2581,development
2582,development
2583,holdout
2584,holdout
2585,holdout
2586,holdout
2587,development
2588,development
2589,development
2590,development
2591,development
2592,development
2593,development
2594,holdout
2595,development
2596,development
2597,development
2598,holdout
2599,holdout
2600,development
2601,holdout
2602,development
2603,development
2604,holdout
2605,holdout
2606,development
2607,holdout
2608,development
2609,development
2610,development
2611,development
2612,development
2613,development
2614,development
2615,holdout
2616,development
2617,development
2618,development
2619,holdout
2620,development
2621,development
2622,development
2623,holdout
2624,development
2625,holdout
2626,holdout
2627,holdout
2628,development
2629,holdout
2630,holdout
2631,development
2632,holdout
2633,development
2634,development
2635,development
2636,development
2637,development
2638,holdout
2639,development
2640,development
2641,development
2642,development
2643,development
2644,holdout
2645,holdout
2646,development
2647,development
2648,development
2649,holdout
2650,development
2651,holdout
2652,development
2653,holdout
2654,holdout
2655,development
2656,development
2657,development
2658,development
2659,holdout
2660,holdout
2661,development
2662,development
2663,development
2664,development
2665,holdout
2666,development
2667,development
2668,holdout
2669,development
2670,development
2671,holdout
2672,holdout
2673,development
2674,development
2675,development
2676,development
2677,development
2678,development
2679,development
2680,development
2681,development
2682,development
2683,holdout
2684,development
2685,holdout
2686,development
2687,development
2688,holdout
2689,holdout
2690,development
2691,development
2692,development
2693,holdout
2694,holdout
2695,development
2696,development
2697,holdout
2698,holdout
2699,holdout
2700,development
2701,holdout
2702,holdout
2703,development
2704,holdout
2705,development
2706,development
2707,development
2708,development
2709,holdout
2710,development
2711,development
2712,development
2713,holdout
2714,development
2715,development
2716,holdout
2717,development
2718,holdout
2719,development
2720,development
2721,development
2722,development
2723,development
2724,development
2725,holdout
2726,development
2727,development
2728,development
2729,holdout
2730,development
2731,holdout
2732,development
2733,development
2734,development
2735,development
2736,holdout
2737,development
2738,development
2739,development
2740,development
2741,development
2742,development
2743,development
2744,development
2745,development
2746,holdout
2747,development
2748,holdout
2749,development
2750,development
2751,development
2752,development
2753,holdout
2754,holdout
2755,development
2756,development
2757,development
2758,development
2759,holdout
2760,holdout
2761,development
2762,development
2763,development
2764,holdout
2765,development
2766,holdout
2767,development
2768,development
2769,development
2770,development
2771,development
2772,holdout
2773,holdout
2774,holdout
2775,development
2776,holdout
2777,development
2778,development
2779,development
2780,development
2781,development
2782,development
2783,development
2784,development
2785,development
2786,holdout
2787,holdout
2788,development
2789,development
2790,holdout
2791,holdout
2792,development
2793,development
2794,development
2795,holdout
2796,development
2797,development
2798,development
2799,development
2800,holdout
2801,development
2802,development
2803,development
2804,development
2805,development
2806,development
2807,development
2808,holdout
2809,holdout
2810,holdout
2811,development
2812,development
2813,holdout
2814,development
2815,development
2816,holdout
2817,holdout
2818,development
2819,development
2820,holdout
2821,development
2822,development
2823,holdout
2824,holdout
2825,holdout
2826,development
2827,development
2828,holdout
2829,development
2830,development
2831,development
2832,development
2833,holdout
2834,development
2835,development
2836,development
2837,holdout
2838,development
2839,development
2840,development
2841,development
2842,development
2843,holdout
2844,development
2845,development
2846,development
2847,development
2848,development
2849,holdout
2850,development
2851,holdout
2852,development
2853,development
2854,holdout
2855,development
2856,holdout
2857,development
2858,development
2859,holdout
2860,development
2861,development
2862,development
2863,development
2864,holdout
2865,holdout
2866,development
2867,development
2868,development
2869,development
2870,development
2871,holdout
2872,development
2873,development
2874,development
2875,development
2876,holdout
2877,development
2878,holdout
2879,holdout
2880,holdout
2881,development
2882,development
2883,holdout
2884,development
2885,development
2886,development
2887,development
2888,development
2889,development
2890,development
2891,development
2892,development
2893,development
2894,development
2895,development
2896,development
2897,development
2898,development
2899,holdout
2900,development
2901,holdout
2902,holdout
2903,holdout
2904,holdout
2905,holdout
2906,holdout
2907,development
2908,holdout
2909,development
2910,holdout
2911,development
2912,development
2913,development
2914,development
2915,development
2916,development
2917,development
2918,development
2919,development
2920,development
2921,development
2922,development
2923,development
2924,development
2925,development
2926,development
2927,holdout
2928,development
2929,holdout
2930,holdout
2931,development
2932,development
2933,development
2934,development
2935,holdout
2936,development
2937,development
2938,holdout
2939,holdout
2940,development
2941,development
2942,holdout
2943,development
2944,holdout
2945,development
2946,development
2947,holdout
2948,development
2949,holdout
2950,holdout
2951,development
2952,development
2953,development
2954,development
2955,development
2956,development
2957,development
2958,development
2959,development
2960,holdout
2961,development
2962,holdout
2963,development
2964,holdout
2965,development
2966,development
2967,development
2968,development
2969,development
2970,development
2971,development
2972,development
2973,development
2974,development
2975,holdout
2976,development
2977,development
2978,development
2979,development
2980,development
2981,development
2982,development
2983,holdout
2984,development
2985,holdout
2986,development
2987,development
2988,holdout
2989,development
2990,development
2991,development
2992,holdout
2993,development
2994,development
2995,development
2996,holdout
2997,development
2998,development
2999,holdout
3000,development
3001,development
3002,development
3003,development
3004,development
3005,holdout
3006,holdout
3007,development
3008,holdout
3009,development
3010,holdout
3011,holdout
3012,development
3013,development
3014,development
3015,development
3016,development
3017,development
3018,holdout
3019,holdout
3020,development
3021,development
3022,development
3023,holdout
3024,development
3025,development
3026,development
3027,development
3028,development
3029,development
3030,development
3031,development
3032,development
3033,holdout
3034,development
3035,holdout
3036,development
3037,development
3038,holdout
3039,holdout
3040,holdout
3041,development
3042,development
3043,development
3044,development
3045,development
3046,development
3047,holdout
3048,development
3049,development
3050,holdout
3051,development
3052,development
3053,development
3054,holdout
3055,development
3056,development
3057,holdout
3058,holdout
3059,holdout
3060,development
3061,holdout
3062,development
3063,development
3064,development
3065,development
3066,development
3067,development
3068,holdout
3069,development
3070,development
3071,holdout
3072,development
3073,holdout
3074,development
3075,development
3076,development
3077,development
3078,development
3079,holdout
3080,development
3081,development
3082,development
3083,development
3084,development
3085,development
3086,development
3087,development
3088,holdout
3089,development
3090,holdout
3091,holdout
3092,development
3093,development
3094,development
3095,development
3096,development
3097,holdout
3098,development
3099,holdout
3100,development
3101,holdout
3102,development
3103,development
3104,holdout
3105,development
3106,development
3107,development
3108,development
3109,development
3110,holdout
3111,development
3112,holdout
3113,holdout
3114,holdout
3115,holdout
3116,holdout
3117,development
3118,development
3119,development
3120,holdout
3121,development
3122,holdout
3123,holdout
3124,development
3125,holdout
3126,development
3127,development
3128,development
3129,development
3130,holdout
3131,holdout
3132,development
3133,holdout
3134,development
3135,holdout
3136,development
3137,holdout
3138,development
3139,development
3140,development
3141,development
3142,development
3143,development
3144,development
3145,development
3146,holdout
3147,development
3148,development
3149,holdout
3150,development
3151,holdout
3152,development
3153,development
3154,holdout
3155,development
3156,development
3157,development
3158,development
3159,development
3160,holdout
3161,holdout
3162,holdout
3163,development
3164,development
3165,development
3166,holdout
3167,development
3168,holdout
3169,holdout
3170,development
3171,development
3172,development
3173,holdout
3174,development
3175,development
3176,holdout
3177,development
3178,development
3179,development
3180,development
3181,development
3182,holdout
3183,development
3184,development
3185,holdout
3186,development
3187,development
3188,development
3189,development
3190,development
3191,development
3192,development
3193,holdout
3194,holdout
3195,holdout
3196,holdout
3197,development
3198,development
3199,holdout
3200,development
3201,development
3202,holdout
3203,development
3204,development
3205,holdout
3206,development
3207,development
3208,holdout
3209,development
3210,development
3211,development
3212,holdout
3213,development
3214,development
3215,holdout
3216,development
3217,development
3218,development
3219,holdout
3220,holdout
3221,holdout
3222,development
3223,development
3224,development
3225,development
3226,development
3227,development
3228,holdout
3229,development
3230,development
3231,development
3232,development
3233,development
3234,development
3235,development
3236,development
3237,development
3238,development
3239,holdout
3240,holdout
3241,development
3242,development
3243,development
3244,holdout
3245,development
3246,development
3247,development
3248,development
3249,development
3250,holdout
3251,development
3252,development
3253,development
3254,development
3255,development
3256,holdout
3257,development
3258,development
3259,development
3260,development
3261,holdout
3262,holdout
3263,development
3264,holdout
3265,development
3266,development
3267,development
3268,development
3269,holdout
3270,development
3271,development
3272,holdout
3273,development
3274,holdout
3275,development
3276,development
3277,development
3278,development
3279,holdout
3280,development
3281,development
3282,development
3283,development
3284,holdout
3285,development
3286,holdout
3287,development
3288,development
3289,development
3290,development
3291,development
3292,development
3293,holdout
3294,development
3295,holdout
3296,development
3297,development
3298,holdout
3299,development
3300,development
3301,holdout
3302,holdout
3303,holdout
3304,holdout
3305,development
3306,development
3307,development
3308,development
3309,holdout
3310,development
3311,holdout
3312,development
3313,development
3314,holdout
3315,development
3316,development
3317,development
3318,development
3319,holdout
3320,development
3321,development
3322,development
3323,holdout
3324,development
3325,development
3326,development
3327,development
3328,holdout
3329,development
3330,development
3331,holdout
3332,development
3333,development
3334,holdout
3335,holdout
3336,development
3337,development
3338,holdout
3339,development
3340,development
3341,holdout
3342,development
3343,holdout
3344,development
3345,holdout
3346,holdout
3347,holdout
3348,development
3349,development
3350,development
3351,development
3352,development
3353,holdout
3354,holdout
3355,development
3356,holdout
3357,holdout
3358,development
3359,development
3360,holdout
3361,development
3362,development
3363,holdout
3364,development
3365,development
3366,development
3367,development
3368,holdout
3369,development
3370,development
3371,holdout
3372,development
3373,holdout
3374,development
3375,development
3376,development
3377,development
3378,development
3379,holdout
3380,development
3381,development
3382,development
3383,development
3384,development
3385,development
3386,development
3387,holdout
3388,development
3389,development
3390,development
3391,development
3392,development
3393,development
3394,holdout
3395,development
3396,development
3397,development
3398,development
3399,development
3400,development
3401,holdout
3402,development
3403,holdout
3404,development
3405,holdout
3406,development
3407,development
3408,development
3409,development
3410,development
3411,development
3412,development
3413,development
3414,development
3415,development
3416,development
3417,development
3418,development
3419,holdout
3420,holdout
3421,holdout
3422,holdout
3423,holdout
3424,development
3425,development
3426,development
3427,development
3428,holdout
3429,holdout
3430,development
3431,holdout
3432,holdout
3433,development
3434,holdout
3435,development
3436,development
3437,development
3438,holdout
3439,development
3440,holdout
3441,holdout
3442,development
3443,holdout
3444,development
3445,development
3446,development
3447,development
3448,development
3449,holdout
3450,development
3451,development
3452,development
3453,holdout
3454,development
3455,development
3456,development
3457,development
3458,holdout
3459,development
3460,development
3461,holdout
3462,development
3463,development
3464,holdout
3465,development
3466,holdout
3467,holdout
3468,development
3469,development
3470,holdout
3471,development
3472,holdout
3473,development
3474,holdout
3475,development
3476,development
3477,development
3478,development
3479,development
3480,development
3481,holdout
3482,development
3483,holdout
3484,holdout
3485,development
3486,development
3487,development
3488,development
3489,development
3490,holdout
3491,development
3492,holdout
3493,holdout
3494,holdout
3495,development
3496,development
3497,holdout
3498,development
3499,holdout
3500,development
3501,development
3502,development
3503,development
3504,development
3505,development
3506,development
3507,development
3508,development
3509,development
3510,development
3511,development
3512,development
3513,holdout
3514,holdout
3515,development
3516,development
3517,development
3518,holdout
3519,development
3520,development
3521,development
3522,development
3523,development
3524,holdout
3525,holdout
3526,development
3527,holdout
3528,development
3529,holdout
3530,development
3531,holdout
3532,development
3533,development
3534,development
3535,development
3536,development
3537,development
3538,development
3539,development
3540,holdout
3541,development
3542,development
3543,development
3544,holdout
3545,development
3546,holdout
3547,development
3548,holdout
3549,holdout
3550,development
3551,holdout
3552,development
3553,development
3554,development
3555,development
3556,development
3557,holdout
3558,development
3559,holdout
3560,development
3561,development
3562,development
3563,development
3564,holdout
3565,holdout
3566,development
3567,holdout
3568,holdout
3569,development
3570,holdout
3571,holdout
3572,holdout
3573,holdout
3574,development
3575,holdout
3576,holdout
3577,development
3578,development
3579,holdout
3580,development
3581,development
3582,development
3583,development
3584,development
3585,development
3586,development
3587,development
3588,holdout
3589,development
3590,development
3591,holdout
3592,development
3593,development
3594,holdout
3595,development
3596,holdout
3597,development
3598,development
3599,holdout
3600,development
3601,development
3602,development
3603,development
3604,development
3605,development
3606,development
3607,holdout
3608,holdout
3609,development
3610,development
3611,holdout
3612,development
3613,holdout
3614,development
3615,development
3616,development
3617,development
3618,development
3619,development
3620,holdout
3621,holdout
3622,development
3623,development
3624,development
3625,holdout
3626,development
3627,holdout
3628,development
3629,development
3630,development
3631,development
3632,development
3633,development
3634,holdout
3635,holdout
3636,development
3637,holdout
3638,holdout
3639,development
3640,holdout
3641,holdout
3642,holdout
3643,development
3644,development
3645,development
3646,holdout
3647,holdout
3648,holdout
3649,holdout
3650,holdout
3651,development
3652,development
3653,holdout
3654,holdout
3655,development
3656,development
3657,development
3658,development
3659,development
3660,holdout
3661,development
3662,development
3663,development
3664,development
3665,development
3666,development
3667,development
3668,holdout
3669,development
3670,holdout
3671,development
3672,holdout
3673,holdout
3674,development
3675,development
3676,holdout
3677,holdout
3678,development
3679,development
3680,holdout
3681,development
3682,development
3683,development
3684,development
3685,development
3686,development
3687,holdout
3688,development
3689,development
3690,development
3691,development
3692,development
3693,development
3694,development
3695,development
3696,development
3697,development
3698,development
3699,holdout
3700,development
3701,development
3702,development
3703,development
3704,holdout
3705,holdout
3706,development
3707,development
3708,development
3709,holdout
3710,development
3711,holdout
3712,development
3713,development
3714,development
3715,development
3716,development
3717,development
3718,development
3719,development
3720,development
3721,holdout
3722,holdout
3723,development
3724,development
3725,development
3726,development
3727,development
3728,development
3729,development
3730,holdout
3731,holdout
3732,development
3733,holdout
3734,holdout
3735,development
3736,development
3737,development
3738,development
3739,holdout
3740,development
3741,development
3742,development
3743,development
3744,development
3745,development
3746,holdout
3747,development
3748,development
3749,holdout
3750,development
3751,development
3752,development
3753,holdout
3754,development
3755,development
3756,development
3757,development
3758,development
3759,development
3760,development
3761,development
3762,development
3763,development
3764,development
3765,development
3766,development
3767,development
3768,development
3769,development
3770,holdout
3771,holdout
3772,development
3773,development
3774,development
3775,development
3776,holdout
3777,development
3778,development
3779,development
3780,holdout
3781,development
3782,holdout
3783,development
3784,holdout
3785,development
3786,holdout
3787,development
3788,development
3789,development
3790,development
3791,development
3792,development
3793,development
3794,development
3795,holdout
3796,holdout
3797,development
3798,holdout
3799,holdout
3800,development
3801,holdout
3802,development
3803,holdout
3804,development
3805,holdout
3806,holdout
3807,development
3808,development
3809,development
3810,holdout
3811,development
3812,development
3813,development
3814,development
3815,holdout
3816,development
3817,development
3818,development
3819,development
3820,holdout
3821,development
3822,holdout
3823,development
3824,holdout
3825,development
3826,development
3827,holdout
3828,holdout
3829,development
3830,development
3831,holdout
3832,development
3833,holdout
3834,development
3835,development
3836,development
3837,development
3838,development
3839,development
3840,development
3841,development
3842,development
3843,development
3844,holdout
3845,development
3846,holdout
3847,holdout
3848,holdout
3849,development
3850,development
3851,holdout
3852,development
3853,holdout
3854,holdout
3855,development
3856,development
3857,development
3858,development
3859,development
3860,development
3861,development
3862,development
3863,development
3864,development
3865,holdout
3866,development
3867,development
3868,development
3869,development
3870,development
3871,development
3872,development
3873,development
3874,holdout
3875,holdout
3876,development
3877,holdout
3878,development
3879,development
3880,development
3881,development
3882,development
3883,development
3884,development
3885,development
3886,development
3887,development
3888,holdout
3889,development
3890,development
3891,development
3892,development
3893,development
3894,holdout
3895,development
3896,holdout
3897,holdout
3898,development
3899,development
3900,holdout
3901,development
3902,holdout
3903,development
3904,development
3905,holdout
3906,development
3907,development
3908,development
3909,development
3910,development
3911,holdout
3912,holdout
3913,holdout
3914,holdout
3915,development
3916,holdout
3917,development
3918,development
3919,development
3920,development
3921,holdout
3922,development
3923,development
3924,holdout
3925,development
3926,development
3927,development
3928,development
3929,development
3930,development
3931,development
3932,development
3933,development
3934,holdout
3935,development
3936,development
3937,development
3938,development
3939,holdout
3940,development
3941,holdout
3942,holdout
3943,holdout
3944,development
3945,development
3946,development
3947,development
3948,development
3949,development
3950,holdout
3951,development
3952,development
3953,holdout
3954,development
3955,development
3956,holdout
3957,development
3958,development
3959,development
3960,development
3961,development
3962,holdout
3963,holdout
3964,development
3965,development
3966,development
3967,development
3968,holdout
3969,development
3970,development
3971,development
3972,development
3973,development
3974,development
3975,development
3976,development
3977,development
3978,development
3979,holdout
3980,holdout
3981,development
3982,development
3983,development
3984,development
3985,development
3986,holdout
3987,development
3988,development
3989,holdout
3990,holdout
3991,development
3992,development
3993,development
3994,development
3995,development
3996,holdout
3997,holdout
3998,development
3999,holdout
4000,holdout
4001,development
4002,development
4003,development
4004,development
4005,development
4006,development
4007,development
4008,development
4009,development
4010,holdout
4011,development
4012,development
4013,development
4014,development
4015,development
4016,holdout
4017,holdout
4018,holdout
4019,holdout
4020,development
4021,holdout
4022,development
4023,development
4024,holdout
4025,development
4026,development
4027,development
4028,development
4029,development
4030,development
4031,development
4032,development
4033,development
4034,development
4035,holdout
4036,development
4037,development
4038,development
4039,development
4040,development
4041,holdout
4042,holdout
4043,development
4044,development
4045,development
4046,development
4047,development
4048,development
4049,development
4050,development
4051,development
4052,development
4053,holdout
4054,holdout
4055,holdout
4056,development
4057,development
4058,development
4059,holdout
4060,holdout
4061,development
4062,development
4063,holdout
4064,development
4065,holdout
4066,development
4067,development
4068,development
4069,holdout
4070,development
4071,holdout
4072,holdout
4073,development
4074,holdout
4075,holdout
4076,holdout
4077,development
4078,development
4079,holdout
4080,holdout
4081,development
4082,development
4083,holdout
4084,development
4085,development
4086,holdout
4087,development
4088,development
4089,development
4090,development
4091,development
4092,development
4093,development
4094,holdout
4095,development
4096,development
4097,development
4098,development
4099,development
4100,holdout
4101,development
4102,holdout
4103,development
4104,holdout
4105,holdout
4106,holdout
4107,development
4108,development
4109,development
4110,development
4111,development
4112,development
4113,development
4114,development
4115,development
4116,development
4117,development
4118,development
4119,development
4120,development
4121,holdout
4122,holdout
4123,development
4124,development
4125,development
4126,development
4127,holdout
4128,holdout
4129,development
4130,development
4131,holdout
4132,development
4133,development
4134,development
4135,development
4136,development
4137,holdout
4138,holdout
4139,development
4140,development
4141,holdout
4142,holdout
4143,development
4144,holdout
4145,holdout
4146,development
4147,holdout
4148,development
4149,development
4150,development
4151,development
4152,development
4153,development
4154,development
4155,holdout
4156,development
4157,development
4158,holdout
4159,holdout
4160,development
4161,development
4162,development
4163,development
4164,development
4165,holdout
4166,development
4167,development
4168,development
4169,holdout
4170,development
4171,development
4172,holdout
4173,development
4174,development
4175,holdout
4176,development
4177,holdout
4178,development
4179,development
4180,holdout
4181,holdout
4182,holdout
4183,development
4184,holdout
4185,development
4186,development
4187,holdout
4188,holdout
4189,development
4190,development
4191,holdout
4192,development
4193,development
4194,development
4195,holdout
4196,holdout
4197,development
4198,holdout
4199,holdout
4200,development
4201,development
4202,development
4203,development
4204,development
4205,holdout
4206,development
4207,development
4208,development
4209,holdout
4210,holdout
4211,holdout
4212,development
4213,development
4214,development
4215,development
4216,development
4217,development
4218,development
4219,development
4220,holdout
4221,development
4222,development
4223,development
4224,holdout
4225,development
4226,development
4227,development
4228,holdout
4229,holdout
4230,development
4231,holdout
4232,development
4233,development
4234,development
4235,development
4236,development
4237,holdout
4238,holdout
4239,development
4240,development
4241,development
4242,holdout
4243,holdout
4244,holdout
4245,development
4246,holdout
4247,development
4248,development
4249,development
4250,holdout
4251,development
4252,development
4253,holdout
4254,development
4255,holdout
4256,holdout
4257,development
4258,development
4259,development
4260,development
4261,holdout
4262,development
4263,development
4264,development
4265,holdout
4266,development
4267,development
4268,development
4269,development
4270,holdout
4271,holdout
4272,development
4273,holdout
4274,development
4275,development
4276,holdout
4277,development
4278,development
4279,development
4280,development
4281,development
4282,development
4283,development
4284,development
4285,development
4286,holdout
4287,development
4288,development
4289,holdout
4290,holdout
4291,holdout
4292,holdout
4293,development
4294,development
4295,development
4296,development
4297,holdout
4298,development
4299,development
4300,holdout
4301,development
4302,development
4303,development
4304,development
4305,development
4306,holdout
4307,development
4308,holdout
4309,holdout
4310,holdout
4311,development
4312,holdout
4313,holdout
4314,holdout
4315,development
4316,development
4317,holdout
4318,development
4319,development
4320,development
4321,development
4322,development
4323,holdout
4324,development
4325,development
4326,development
4327,holdout
4328,holdout
4329,development
4330,development
4331,development
4332,development
4333,holdout
4334,holdout
4335,development
4336,development
4337,development
4338,development
4339,development
4340,development
4341,development
4342,holdout
4343,development
4344,development
4345,development
4346,holdout
4347,development
4348,development
4349,development
4350,development
4351,holdout
4352,holdout
4353,holdout
4354,development
4355,holdout
4356,development
4357,development
4358,development
4359,development
4360,development
4361,development
4362,development
4363,development
4364,development
4365,development
4366,development
4367,development
4368,development
4369,development
4370,development
4371,development
4372,holdout
4373,development
4374,holdout
4375,development
4376,development
4377,development
4378,development
4379,development
4380,development
4381,holdout
4382,holdout
4383,holdout
4384,holdout
4385,development
4386,development
4387,holdout
4388,development
4389,holdout
4390,development
4391,development
4392,holdout
4393,development
4394,development
4395,holdout
4396,development
4397,development
4398,development
4399,development
4400,development
4401,holdout
4402,development
4403,development
4404,development
4405,development
4406,development
4407,holdout
4408,development
4409,holdout
4410,development
4411,development
4412,holdout
4413,holdout
4414,development
4415,development
4416,development
4417,holdout
4418,development
4419,development
4420,development
4421,development
4422,development
4423,holdout
4424,holdout
4425,holdout
4426,holdout
4427,development
4428,development
4429,holdout
4430,holdout
4431,development
4432,development
4433,development
4434,development
4435,development
4436,development
4437,development
4438,development
4439,development
4440,development
4441,development
4442,development
4443,development
4444,development
4445,development
4446,holdout
4447,holdout
4448,development
4449,development
4450,development
4451,development
4452,holdout
4453,development
4454,development
4455,development
4456,development
4457,development
4458,development
4459,holdout
4460,development
4461,development
4462,development
4463,development
4464,holdout
4465,development
4466,development
4467,development
4468,holdout
4469,development
4470,holdout
4471,development
4472,development
4473,development
4474,development
4475,development
4476,development
4477,development
4478,holdout
4479,development
4480,development
4481,development
4482,development
4483,holdout
4484,development
4485,development
4486,development
4487,development
4488,holdout
4489,holdout
4490,holdout
4491,development
4492,development
4493,development
4494,development
4495,development
4496,development
4497,development
4498,development
4499,development
4500,development
4501,development
4502,development
4503,holdout
4504,development
4505,development
4506,development
4507,development
4508,development
4509,holdout
4510,development
4511,development
4512,development
4513,development
4514,development
4515,development
4516,development
4517,development
4518,holdout
4519,development
4520,development
4521,development
4522,development
4523,development
4524,development
4525,development
4526,holdout
4527,development
4528,development
4529,holdout
4530,development
4531,development
4532,development
4533,development
4534,development
4535,development
4536,holdout
4537,development
4538,development
4539,development
4540,development
4541,development
4542,development
4543,holdout
4544,holdout
4545,holdout
4546,holdout
4547,holdout
4548,development
4549,development
4550,holdout
4551,development
4552,holdout
4553,development
4554,holdout
4555,holdout
4556,development
4557,development
4558,holdout
4559,holdout
4560,holdout
4561,development
4562,development
4563,development
4564,development
4565,holdout
4566,development
4567,development
4568,development
4569,development
4570,development
4571,development
4572,development
4573,development
4574,holdout
4575,development
4576,development
4577,development
4578,development
4579,holdout
4580,holdout
4581,development
4582,development
4583,development
4584,development
4585,holdout
4586,holdout
4587,development
4588,development
4589,holdout
4590,holdout
4591,development
4592,development
4593,development
4594,holdout
4595,development
4596,development
4597,development
4598,holdout
4599,development
4600,development
4601,development
4602,development
4603,holdout
4604,development
4605,development
4606,development
4607,development
4608,development
4609,holdout
4610,development
4611,development
4612,development
4613,development
4614,development
4615,development
4616,holdout
4617,development
4618,holdout
4619,holdout
4620,development
4621,development
4622,development
4623,holdout
4624,holdout
4625,development
4626,holdout
4627,development
4628,development
4629,development
4630,development
4631,development
4632,development
4633,development
4634,development
4635,development
4636,development
4637,holdout
4638,development
4639,development
4640,development
4641,development
4642,development
4643,development
4644,development
4645,development
4646,holdout
4647,holdout
4648,holdout
4649,holdout
4650,holdout
4651,development
4652,development
4653,development
4654,development
4655,development
4656,holdout
4657,holdout
4658,holdout
4659,development
4660,holdout
4661,holdout
4662,holdout
4663,development
4664,holdout
4665,holdout
4666,development
4667,development
4668,holdout
4669,holdout
4670,development
4671,development
4672,development
4673,development
4674,development
4675,development
4676,holdout
4677,holdout
4678,development
4679,development
4680,development
4681,development
4682,development
4683,development
4684,development
4685,development
4686,development
4687,development
4688,holdout
4689,holdout
4690,holdout
4691,development
4692,development
4693,holdout
4694,development
4695,development
4696,development
4697,development
4698,development
4699,development
4700,holdout
4701,development
4702,holdout
4703,development
4704,development
4705,holdout
4706,development
4707,development
4708,development
4709,development
4710,development
4711,development
4712,development
4713,holdout
4714,development
4715,development
4716,development
4717,holdout
4718,development
4719,development
4720,development
4721,development
4722,development
4723,holdout
4724,development
4725,development
4726,development
4727,development
4728,development
4729,holdout
4730,development
4731,development
4732,holdout
4733,development
4734,holdout
4735,holdout
4736,development
4737,development
4738,development
4739,development
4740,development
4741,development
4742,development
4743,development
4744,holdout
4745,development
4746,development
4747,development
4748,holdout
4749,holdout
4750,development
4751,development
4752,development
4753,holdout
4754,development
4755,holdout
4756,holdout
4757,holdout
4758,development
4759,development
4760,holdout
4761,development
4762,development
4763,development
4764,development
4765,holdout
4766,development
4767,holdout
4768,development
4769,development
4770,development
4771,holdout
4772,holdout
4773,development
4774,development
4775,development
4776,holdout
4777,holdout
4778,development
4779,holdout
4780,development
4781,holdout
4782,holdout
4783,development
4784,development
4785,holdout
4786,development
4787,holdout
4788,development
4789,development
4790,holdout
4791,holdout
4792,development
4793,holdout
4794,development
4795,development
4796,development
4797,holdout
4798,development
4799,holdout
4800,development
4801,holdout
4802,development
4803,development
4804,development
4805,holdout
4806,holdout
4807,development
4808,holdout
4809,development
4810,holdout
4811,development
4812,development
4813,holdout
4814,development
4815,development
4816,development
4817,development
4818,development
4819,development
4820,development
4821,development
4822,development
4823,development
4824,development
4825,development
4826,development
4827,development
4828,development
4829,development
4830,development
4831,development
4832,development
4833,development
4834,development
4835,holdout
4836,development
4837,development
4838,holdout
4839,development
4840,holdout
4841,development
4842,development
4843,development
4844,development
4845,development
4846,holdout
4847,development
4848,holdout
4849,development
4850,development
4851,development
4852,development
4853,development
4854,holdout
4855,holdout
4856,development
4857,development
4858,development
4859,development
4860,development
4861,holdout
4862,holdout
4863,development
4864,development
4865,development
4866,development
4867,development
4868,holdout
4869,holdout
4870,holdout
4871,holdout
4872,development
4873,holdout
4874,holdout
4875,holdout
4876,development
4877,holdout
4878,development
4879,holdout
4880,development
4881,holdout
4882,development
4883,development
4884,development
4885,development
4886,development
4887,holdout
4888,development
4889,development
4890,development
4891,holdout
4892,holdout
4893,development
4894,holdout
4895,holdout
4896,holdout
4897,holdout
4898,development
4899,development
4900,holdout
4901,development
4902,development
4903,development
4904,development
4905,holdout
4906,development
4907,holdout
4908,development
4909,development
4910,development
4911,development
4912,development
4913,holdout
4914,holdout
4915,development
4916,development
4917,development
4918,holdout
4919,development
4920,holdout
4921,development
4922,holdout
4923,holdout
4924,development
4925,development
4926,development
4927,development
4928,development
4929,development
4930,holdout
4931,holdout
4932,development
4933,development
4934,holdout
4935,holdout
4936,development
4937,holdout
4938,development
4939,development
4940,development
4941,holdout
4942,development
4943,holdout
4944,development
4945,development
4946,development
4947,development
4948,development
4949,development
4950,development
4951,development
4952,development
4953,development
4954,development
4955,development
4956,holdout
4957,holdout
4958,development
4959,development
4960,holdout
4961,holdout
4962,development
4963,holdout
4964,development
4965,development
4966,holdout
4967,development
4968,development
4969,holdout
4970,development
4971,development
4972,development
4973,holdout
4974,development
4975,development
4976,development
4977,development
4978,holdout
4979,development
4980,development
4981,development
4982,development
4983,development
4984,development
4985,development
4986,holdout
4987,development
4988,development
4989,development
4990,development
4991,development
4992,development
4993,development
4994,development
4995,development
4996,holdout
4997,development
4998,development
4999,holdout
5000,development
5001,development
5002,development
5003,development
5004,development
5005,development
5006,development
5007,holdout
5008,holdout
5009,development
5010,development
5011,holdout
5012,development
5013,development
5014,development
5015,holdout
5016,holdout
5017,development
5018,development
5019,development
5020,development
5021,development
5022,holdout
5023,development
5024,development
5025,holdout
5026,development
5027,holdout
5028,development
5029,development
5030,development
5031,development
5032,development
5033,development
5034,development
5035,holdout
5036,holdout
5037,holdout
5038,development
5039,development
5040,holdout
5041,development
5042,holdout
5043,development
5044,development
5045,development
5046,holdout
5047,development
5048,development
5049,development
5050,holdout
5051,development
5052,development
5053,development
5054,holdout
5055,holdout
5056,development
5057,development
5058,holdout
5059,development
5060,development
5061,development
5062,holdout
5063,holdout
5064,holdout
5065,development
5066,development
5067,development
5068,holdout
5069,development
5070,development
5071,development
5072,development
5073,development
5074,development
5075,development
5076,holdout
5077,development
5078,holdout
5079,development
5080,holdout
5081,holdout
5082,development
5083,development
5084,development
5085,development
5086,holdout
5087,holdout
5088,development
5089,holdout
5090,holdout
5091,holdout
5092,holdout
5093,development
5094,holdout
5095,development
5096,development
5097,holdout
5098,development
5099,development
5100,development
5101,holdout
5102,development
5103,development
5104,development
5105,development
5106,development
5107,development
5108,development
5109,development
5110,holdout
5111,holdout
5112,development
5113,development
5114,development
5115,development
5116,development
5117,holdout
5118,development
5119,development
5120,development
5121,development
5122,development
5123,development
5124,development
5125,development
5126,development
5127,development
5128,development
5129,development
5130,development
5131,holdout
5132,development
5133,holdout
5134,holdout
5135,development
5136,holdout
5137,development
5138,development
5139,development
5140,development
5141,development
5142,holdout
5143,development
5144,holdout
5145,development
5146,holdout
5147,holdout
5148,development
5149,development
5150,development
5151,development
5152,development
5153,holdout
5154,development
5155,development
5156,holdout
5157,development
5158,development
5159,holdout
5160,holdout
5161,development
5162,holdout
5163,development
5164,development
5165,development
5166,development
5167,development
5168,development
5169,development
5170,development
5171,holdout
5172,development
5173,holdout
5174,development
5175,development
5176,development
5177,development
5178,development
5179,development
5180,development
5181,holdout
5182,development
5183,development
5184,development
5185,development
5186,development
5187,development
5188,development
5189,development
5190,development
5191,development
5192,development
5193,development
5194,holdout
5195,development
5196,development
5197,development
5198,development
5199,development
5200,development
5201,holdout
5202,development
5203,development
5204,development
5205,development
5206,development
5207,development
5208,development
5209,holdout
5210,development
5211,development
5212,development
5213,holdout
5214,development
5215,development
5216,holdout
5217,development
5218,development
5219,holdout
5220,development
5221,development
5222,holdout
5223,development
5224,development
5225,holdout
5226,development
5227,development
5228,development
5229,development
5230,development
5231,development
5232,holdout
5233,development
5234,development
5235,holdout
5236,development
5237,holdout
5238,development
5239,development
5240,development
5241,development
5242,development
5243,holdout
5244,development
5245,holdout
5246,development
5247,holdout
5248,development
5249,development
5250,development
5251,development
5252,development
5253,development
5254,holdout
5255,development
5256,development
5257,development
5258,development
5259,development
5260,development
5261,development
5262,development
5263,development
5264,development
5265,development
5266,development
5267,development
5268,development
5269,holdout
5270,holdout
5271,holdout
5272,holdout
5273,holdout
5274,holdout
5275,development
5276,development
5277,development
5278,development
5279,development
5280,holdout
5281,development
5282,development
5283,holdout
5284,development
5285,development
5286,holdout
5287,development
5288,development
5289,development
5290,development
5291,development
5292,development
5293,development
5294,holdout
5295,holdout
5296,development
5297,development
5298,development
5299,development
5300,development
5301,development
5302,holdout
5303,development
5304,holdout
5305,holdout
5306,holdout
5307,development
5308,development
5309,holdout
5310,development
5311,development
5312,development
5313,holdout
5314,holdout
5315,development
5316,holdout
5317,holdout
5318,development
5319,development
5320,development
5321,development
5322,development
5323,holdout
5324,development
5325,development
5326,holdout
5327,development
5328,development
5329,development
5330,development
5331,holdout
5332,holdout
5333,holdout
5334,development
5335,development
5336,holdout
5337,development
5338,holdout
5339,development
5340,development
5341,holdout
5342,development
5343,development
5344,development
5345,development
5346,development
5347,development
5348,holdout
5349,holdout
5350,holdout
5351,development
5352,development
5353,development
5354,holdout
5355,holdout
5356,development
5357,development
5358,development
5359,development
5360,development
5361,holdout
5362,development
5363,holdout
5364,development
5365,development
5366,development
5367,development
5368,development
5369,holdout
5370,development
5371,development
5372,development
5373,development
5374,development
5375,development
5376,holdout
5377,development
5378,development
5379,holdout
5380,holdout
5381,holdout
5382,holdout
5383,development
5384,holdout
5385,development
5386,development
5387,holdout
5388,development
5389,holdout
5390,development
5391,development
5392,development
5393,holdout
5394,development
5395,development
5396,development
5397,holdout
5398,holdout
5399,holdout
5400,holdout
5401,development
5402,development
5403,development
5404,development
5405,development
5406,development
5407,development
5408,development
5409,development
5410,development
5411,development
5412,development
5413,development
5414,development
5415,development
5416,holdout
5417,development
5418,development
5419,development
5420,development
5421,holdout
5422,development
5423,holdout
5424,development
5425,holdout
5426,development
5427,development
5428,development
5429,development
5430,development
5431,development
5432,development
5433,development
5434,holdout
5435,development
5436,development
5437,development
5438,development
5439,development
5440,holdout
5441,development
5442,holdout
5443,holdout
5444,development
5445,development
5446,holdout
5447,development
5448,holdout
5449,development
5450,development
5451,development
5452,development
5453,holdout
5454,development
5455,development
5456,development
5457,holdout
5458,development
5459,development
5460,development
5461,development
5462,holdout
5463,holdout
5464,development
5465,development
5466,holdout
5467,development
5468,development
5469,development
5470,development
5471,development
5472,development
5473,development
5474,development
5475,development
5476,holdout
5477,development
5478,holdout
5479,development
5480,development
5481,development
5482,development
5483,development
5484,development
5485,development
5486,holdout
5487,development
5488,development
5489,holdout
5490,development
5491,holdout
5492,development
5493,development
5494,development
5495,development
5496,development
5497,development
5498,holdout
5499,development
5500,development
5501,holdout
5502,development
5503,development
5504,development
5505,development
5506,development
5507,holdout
5508,holdout
5509,development
5510,holdout
5511,development
5512,development
5513,development
5514,development
5515,development
5516,holdout
5517,development
5518,development
5519,development
5520,holdout
5521,development
5522,development
5523,development
5524,development
5525,development
5526,holdout
5527,development
5528,development
5529,development
5530,holdout
5531,development
5532,holdout
5533,development
5534,development
5535,holdout
5536,development
5537,development
5538,holdout
5539,development
5540,holdout
5541,development
5542,development
5543,development
5544,development
5545,development
5546,development
5547,holdout
5548,holdout
5549,development
5550,holdout
5551,development
5552,development
5553,holdout
5554,development
5555,holdout
5556,development
5557,development
5558,development
5559,development
5560,development
5561,holdout
5562,development
5563,holdout
5564,development
5565,development
5566,development
5567,development
5568,development
5569,development
5570,development
5571,development
5572,holdout
5573,development
5574,development
5575,development
5576,development
5577,development
5578,development
5579,development
5580,development
5581,development
5582,development
5583,development
5584,development
5585,holdout
5586,holdout
5587,development
5588,development
5589,holdout
5590,holdout
5591,development
5592,development
5593,holdout
5594,development
5595,development
5596,holdout
5597,development
5598,development
5599,development
5600,development
5601,development
5602,development
5603,development
5604,holdout
5605,holdout
5606,holdout
5607,development
5608,development
5609,development
5610,development
5611,development
5612,development
5613,development
5614,development
5615,holdout
5616,development
5617,holdout
5618,development
5619,development
5620,holdout
5621,holdout
5622,holdout
5623,holdout
5624,development
5625,development
5626,development
5627,development
5628,development
5629,holdout
5630,holdout
5631,development
5632,development
5633,development
5634,development
5635,development
5636,holdout
5637,development
5638,development
5639,development
5640,development
5641,development
5642,holdout
5643,development
5644,development
5645,holdout
5646,holdout
5647,development
5648,holdout
5649,holdout
5650,development
5651,development
5652,holdout
5653,development
5654,development
5655,development
5656,development
5657,development
5658,development
5659,development
5660,development
5661,development
5662,development
5663,development
5664,development
5665,holdout
5666,development
5667,holdout
5668,holdout
5669,holdout
5670,development
5671,development
5672,holdout
5673,development
5674,holdout
5675,development
5676,development
5677,development
5678,development
5679,holdout
5680,holdout
5681,holdout
5682,development
5683,holdout
5684,holdout
5685,development
5686,development
5687,holdout
5688,holdout
5689,development
5690,development
5691,development
5692,holdout
5693,development
5694,development
5695,development
5696,holdout
5697,holdout
5698,holdout
5699,development
5700,development
5701,development
5702,development
5703,development
5704,holdout
5705,development
5706,development
5707,development
5708,development
5709,holdout
5710,holdout
5711,development
5712,development
5713,development
5714,holdout
5715,development
5716,holdout
5717,development
5718,holdout
5719,development
5720,development
5721,development
5722,development
5723,holdout
5724,development
5725,development
5726,holdout
5727,development
5728,development
5729,holdout
5730,development
5731,development
5732,holdout
5733,development
5734,development
5735,development
5736,development
5737,development
5738,development
5739,development
5740,holdout
5741,holdout
5742,development
5743,development
5744,holdout
5745,holdout
5746,holdout
5747,development
5748,development
5749,development
5750,holdout
5751,development
5752,development
5753,development
5754,development
5755,development
5756,holdout
5757,holdout
5758,holdout
5759,development
5760,development
5761,holdout
5762,holdout
5763,holdout
5764,development
5765,holdout
5766,development
5767,holdout
5768,holdout
5769,holdout
5770,development
5771,development
5772,development
5773,development
5774,development
5775,development
5776,development
5777,holdout
5778,development
5779,development
5780,development
5781,development
5782,holdout
5783,holdout
5784,holdout
5785,development
5786,development
5787,development
5788,development
5789,development
5790,holdout
5791,development
5792,development
5793,development
5794,development
5795,development
5796,holdout
5797,holdout
5798,holdout
5799,development
5800,development
5801,development
5802,development
5803,development
5804,development
5805,development
5806,development
5807,holdout
5808,development
5809,holdout
5810,development
5811,development
5812,development
5813,development
5814,development
5815,development
5816,development
5817,development
5818,holdout
5819,development
5820,development
5821,development
5822,development
5823,development
5824,development
5825,development
5826,development
5827,development
5828,holdout
5829,holdout
5830,development
5831,holdout
5832,holdout
5833,development
5834,development
5835,development
5836,development
5837,development
5838,development
5839,development
5840,holdout
5841,development
5842,development
5843,holdout
5844,development
5845,development
5846,development
5847,holdout
5848,development
5849,development
5850,holdout
5851,holdout
5852,development
5853,development
5854,development
5855,holdout
5856,development
5857,development
5858,development
5859,holdout
5860,holdout
5861,development
5862,development
5863,holdout
5864,development
5865,development
5866,development
5867,holdout
5868,development
5869,development
5870,development
5871,holdout
5872,holdout
5873,holdout
5874,development
5875,development
5876,development
5877,holdout
5878,development
5879,development
5880,holdout
5881,development
5882,development
5883,development
5884,holdout
5885,holdout
5886,development
5887,development
5888,development
5889,holdout
5890,development
5891,development
5892,development
5893,holdout
5894,holdout
5895,holdout
5896,holdout
5897,holdout
5898,development
5899,development
5900,development
5901,development
5902,development
5903,holdout
5904,development
5905,development
5906,development
5907,development
5908,development
5909,development
5910,development
5911,development
5912,development
5913,development
5914,development
5915,development
5916,development
5917,development
5918,holdout
5919,holdout
5920,development
5921,development
5922,holdout
5923,holdout
5924,development
5925,development
5926,development
5927,holdout
5928,development
5929,holdout
5930,development
5931,development
5932,development
5933,holdout
5934,development
5935,development
5936,holdout
5937,development
5938,holdout
5939,development
5940,holdout
5941,development
5942,development
5943,holdout
5944,development
5945,development
5946,development
5947,holdout
5948,holdout
5949,development
5950,development
5951,development
5952,holdout
5953,development
5954,development
5955,holdout
5956,development
5957,development
5958,development
5959,development
5960,development
5961,holdout
5962,development
5963,development
5964,holdout
5965,development
5966,development
5967,holdout
5968,holdout
5969,development
5970,holdout
5971,development
5972,holdout
5973,holdout
5974,development
5975,development
5976,development
5977,holdout
5978,development
5979,development
5980,development
5981,development
5982,holdout
5983,development
5984,holdout
5985,development
5986,development
5987,development
5988,holdout
5989,holdout
5990,development
5991,development
5992,development
5993,development
5994,development
5995,holdout
5996,development
5997,holdout
5998,holdout
5999,holdout
6000,development
6001,holdout
6002,development
6003,development
6004,holdout
6005,development
6006,holdout
6007,development
6008,holdout
6009,development
6010,development
6011,holdout
6012,development
6013,development
6014,development
6015,development
6016,development
6017,development
6018,development
6019,development
6020,development
6021,holdout
6022,development
6023,development
6024,development
6025,holdout
6026,development
6027,development
6028,development
6029,development
6030,development
6031,development
6032,holdout
6033,development
6034,development
6035,development
6036,holdout
6037,development
6038,holdout
6039,development
6040,development
6041,development
6042,development
6043,holdout
6044,development
6045,development
6046,development
6047,development
6048,development
6049,development
6050,development
6051,development
6052,holdout
6053,development
6054,development
6055,holdout
6056,development
6057,development
6058,development
6059,development
6060,development
6061,development
6062,development
6063,development
6064,holdout
6065,development
6066,development
6067,development
6068,development
6069,development
6070,development
6071,holdout
6072,development
6073,holdout
6074,holdout
6075,development
6076,holdout
6077,development
6078,development
6079,development
6080,holdout
6081,development
6082,holdout
6083,development
6084,holdout
6085,holdout
6086,development
6087,holdout
6088,development
6089,holdout
6090,development
6091,holdout
6092,development
6093,development
6094,development
6095,development
6096,holdout
6097,development
6098,development
6099,development
6100,holdout
6101,holdout
6102,development
6103,development
6104,development
6105,development
6106,development
6107,development
6108,development
6109,development
6110,holdout
6111,development
6112,development
6113,development
6114,holdout
6115,holdout
6116,development
6117,holdout
6118,development
6119,holdout
6120,holdout
6121,development
6122,development
6123,development
6124,holdout
6125,development
6126,development
6127,holdout
6128,development
6129,development
6130,development
6131,holdout
6132,development
6133,holdout
6134,holdout
6135,holdout
6136,holdout
6137,development
6138,holdout
6139,development
6140,holdout
6141,development
6142,development
6143,development
6144,holdout
6145,development
6146,development
6147,development
6148,development
6149,development
6150,holdout
6151,development
6152,development
6153,holdout
6154,development
6155,development
6156,development
6157,development
6158,development
6159,holdout
6160,holdout
6161,development
6162,holdout
6163,development
6164,holdout
6165,development
6166,development
6167,development
6168,development
6169,development
6170,development
6171,development
6172,holdout
6173,holdout
6174,holdout
6175,development
6176,development
6177,development
6178,holdout
6179,development
6180,development
6181,development
6182,development
6183,development
6184,development
6185,development
6186,holdout
6187,development
6188,development
6189,development
6190,development
6191,development
6192,holdout
6193,holdout
6194,development
6195,development
6196,development
6197,development
6198,development
6199,development
6200,holdout
6201,development
6202,development
6203,development
6204,development
6205,development
6206,holdout
6207,development
6208,development
6209,development
6210,holdout
6211,holdout
6212,development
6213,development
6214,development
6215,holdout
6216,development
6217,holdout
6218,development
6219,development
6220,development
6221,holdout
6222,development
6223,development
6224,development
6225,development
6226,development
6227,development
6228,holdout
6229,development
6230,development
6231,development
6232,development
6233,development
6234,development
6235,development
6236,development
6237,holdout
6238,holdout
6239,development
6240,holdout
6241,development
6242,holdout
6243,holdout
6244,development
6245,development
6246,development
6247,development
6248,development
6249,development
6250,development
6251,development
6252,holdout
6253,development
6254,holdout
6255,holdout
6256,development
6257,development
6258,holdout
6259,development
6260,development
6261,development
6262,development
6263,development
6264,development
6265,development
6266,development
6267,holdout
6268,holdout
6269,development
6270,holdout
6271,holdout
6272,development
6273,development
6274,development
6275,development
6276,development
6277,development
6278,holdout
6279,development
6280,development
6281,development
6282,holdout
6283,development
6284,holdout
6285,holdout
6286,development
6287,development
6288,holdout
6289,holdout
6290,development
6291,development
6292,development
6293,development
6294,holdout
6295,development
6296,holdout
6297,development
6298,development
6299,development
6300,development
6301,development
6302,development
6303,development
6304,development
6305,development
6306,holdout
6307,development
6308,holdout
6309,development
6310,holdout
6311,development
6312,development
6313,holdout
6314,development
6315,holdout
6316,development
6317,holdout
6318,development
6319,development
6320,holdout
6321,holdout
6322,development
6323,development
6324,holdout
6325,development
6326,holdout
6327,development
6328,development
6329,development
6330,holdout
6331,development
6332,holdout
6333,holdout
6334,development
6335,development
6336,development
6337,development
6338,holdout
6339,development
6340,development
6341,holdout
6342,development
6343,development
6344,development
6345,holdout
6346,development
6347,holdout
6348,holdout
6349,development
6350,development
6351,development
6352,development
6353,development
6354,development
6355,holdout
6356,holdout
6357,holdout
6358,holdout
6359,development
6360,development
6361,development
6362,development
6363,development
6364,holdout
6365,development
6366,development
6367,development
6368,development
6369,development
6370,development
6371,development
6372,holdout
6373,development
6374,holdout
6375,holdout
6376,development
6377,development
6378,development
6379,development
6380,development
6381,development
6382,development
6383,holdout
6384,development
6385,development
6386,holdout
6387,holdout
6388,holdout
6389,holdout
6390,development
6391,holdout
6392,holdout
6393,development
6394,development
6395,development
6396,development
6397,holdout
6398,development
6399,development
6400,holdout
6401,development
6402,development
6403,development
6404,development
6405,development
6406,development
6407,holdout
6408,holdout
6409,holdout
6410,holdout
6411,development
6412,development
6413,development
6414,holdout
6415,development
6416,development
6417,holdout
6418,development
6419,holdout
6420,holdout
6421,development
6422,holdout
6423,development
6424,development
6425,development
6426,development
6427,holdout
6428,development
6429,holdout
6430,development
6431,development
6432,holdout
6433,development
6434,development
6435,development
6436,development
6437,development
6438,holdout
6439,development
6440,development
6441,development
6442,development
6443,holdout
6444,development
6445,development
6446,development
6447,holdout
6448,holdout
6449,development
6450,development
6451,development
6452,holdout
6453,holdout
6454,development
6455,development
6456,development
6457,development
6458,holdout
6459,development
6460,development
6461,development
6462,development
6463,development
6464,development
6465,holdout
6466,development
6467,development
6468,development
6469,development
6470,development
6471,development
6472,development
6473,development
6474,holdout
6475,holdout
6476,development
6477,holdout
6478,development
6479,holdout
6480,development
6481,holdout
6482,development
6483,development
6484,holdout
6485,development
6486,holdout
6487,holdout
6488,holdout
6489,development
6490,development
6491,development
6492,holdout
6493,holdout
6494,development
6495,development
6496,holdout
6497,holdout
6498,holdout
6499,development
6500,holdout
6501,holdout
6502,development
6503,holdout
6504,development
6505,development
6506,development
6507,development
6508,development
6509,development
6510,holdout
6511,development
6512,development
6513,development
6514,holdout
6515,holdout
6516,development
6517,development
6518,development
6519,development
6520,holdout
6521,development
6522,development
6523,development
6524,holdout
6525,holdout
6526,holdout
6527,development
6528,development
6529,development
6530,holdout
6531,development
6532,development
6533,development
6534,development
6535,development
6536,development
6537,holdout
6538,holdout
6539,development
6540,development
6541,holdout
6542,development
6543,development
6544,development
6545,development
6546,development
6547,development
6548,development
6549,development
6550,holdout
6551,development
6552,development
6553,development
6554,holdout
6555,development
6556,development
6557,development
6558,holdout
6559,development
6560,development
6561,holdout
6562,holdout
6563,holdout
6564,development
6565,holdout
6566,holdout
6567,holdout
6568,development
6569,development
6570,development
6571,development
6572,development
6573,holdout
6574,holdout
6575,development
6576,holdout
6577,holdout
6578,development
6579,development
6580,development
6581,development
6582,development
6583,development
6584,development
6585,development
6586,holdout
6587,development
6588,development
6589,holdout
6590,holdout
6591,development
6592,holdout
6593,development
6594,holdout
6595,development
6596,development
6597,development
6598,development
6599,development
6600,holdout
6601,development
6602,development
6603,holdout
6604,holdout
6605,development
6606,development
6607,development
6608,development
6609,holdout
6610,development
6611,development
6612,development
6613,development
6614,development
6615,development
6616,holdout
6617,development
6618,development
6619,development
6620,development
6621,holdout
6622,development
6623,development
6624,development
6625,development
6626,development
6627,development
6628,development
6629,development
6630,development
6631,development
6632,development
6633,holdout
6634,holdout
6635,development
6636,development
6637,development
6638,development
6639,development
6640,holdout
6641,development
6642,development
6643,holdout
6644,development
6645,holdout
6646,development
6647,holdout
6648,development
6649,holdout
6650,holdout
6651,development
6652,development
6653,development
6654,development
6655,development
6656,development
6657,holdout
6658,development
6659,development
6660,development
6661,development
6662,development
6663,development
6664,holdout
6665,holdout
6666,holdout
6667,holdout
6668,development
6669,development
6670,development
6671,development
6672,holdout
6673,holdout
6674,holdout
6675,development
6676,development
6677,development
6678,development
6679,development
6680,holdout
6681,development
6682,development
6683,development
6684,development
6685,development
6686,development
6687,development
6688,development
6689,development
6690,development
6691,development
6692,development
6693,holdout
6694,holdout
6695,development
6696,development
6697,development
6698,development
6699,development
6700,development
6701,development
6702,holdout
6703,development
6704,development
6705,development
6706,development
6707,holdout
6708,development
6709,holdout
6710,development
6711,development
6712,development
6713,development
6714,development
6715,development
6716,development
6717,development
6718,development
6719,development
6720,development
6721,holdout
6722,development
6723,development
6724,development
6725,development
6726,development
6727,development
6728,development
6729,development
6730,development
6731,development
6732,development
6733,development
6734,holdout
6735,holdout
6736,development
6737,development
6738,development
6739,holdout
6740,holdout
6741,development
6742,holdout
6743,holdout
6744,holdout
6745,holdout
6746,holdout
6747,holdout
6748,development
6749,development
6750,development
6751,development
6752,development
6753,holdout
6754,development
6755,holdout
6756,development
6757,development
6758,development
6759,holdout
6760,holdout
6761,development
6762,holdout
6763,development
6764,holdout
6765,development
6766,development
6767,development
6768,development
6769,development
6770,development
6771,development
6772,development
6773,development
6774,development
6775,development
6776,development
6777,development
6778,development
6779,holdout
6780,development
6781,development
6782,development
6783,development
6784,holdout
6785,development
6786,development
6787,development
6788,development
6789,development
6790,development
6791,holdout
6792,development
6793,development
6794,development
6795,holdout
6796,development
6797,holdout
6798,development
6799,holdout
6800,development
6801,development
6802,development
6803,development
6804,development
6805,development
6806,development
6807,holdout
6808,development
6809,development
6810,development
6811,development
6812,development
6813,holdout
6814,development
6815,holdout
6816,development
6817,development
6818,development
6819,holdout
6820,development
6821,holdout
6822,development
6823,development
6824,development
6825,holdout
6826,holdout
6827,development
6828,holdout
6829,holdout
6830,development
6831,holdout
6832,development
6833,development
6834,development
6835,holdout
6836,holdout
6837,holdout
6838,development
6839,development
6840,development
6841,development
6842,development
6843,development
6844,development
6845,development
6846,development
6847,development
6848,holdout
6849,holdout
6850,development
6851,development
6852,development
6853,development
6854,holdout
6855,development
6856,holdout
6857,development
6858,development
6859,holdout
6860,development
6861,development
6862,development
6863,development
6864,development
6865,holdout
6866,development
6867,holdout
6868,development
6869,development
6870,development
6871,holdout
6872,development
6873,holdout
6874,development
6875,development
6876,development
6877,development
6878,development
6879,development
6880,development
6881,development
6882,development
6883,development
6884,holdout
6885,development
6886,development
6887,development
6888,development
6889,development
6890,development
6891,development
6892,holdout
6893,development
6894,development
6895,development
6896,development
6897,development
6898,holdout
6899,holdout
6900,development
6901,holdout
6902,development
6903,holdout
6904,development
6905,development
6906,holdout
6907,holdout
6908,holdout
6909,development
6910,development
6911,development
6912,development
6913,development
6914,development
6915,development
6916,development
6917,development
6918,development
6919,development
6920,development
6921,development
6922,development
6923,holdout
6924,holdout
6925,development
6926,holdout
6927,development
6928,development
6929,development
6930,holdout
6931,holdout
6932,development
6933,development
6934,development
6935,development
6936,development
6937,holdout
6938,development
6939,development
6940,development
6941,development
6942,development
6943,development
6944,development
6945,development
6946,development
6947,holdout
6948,holdout
6949,holdout
6950,holdout
6951,development
6952,development
6953,development
6954,development
6955,development
6956,holdout
6957,development
6958,development
6959,development
6960,development
6961,development
6962,development
6963,development
6964,development
6965,holdout
6966,development
6967,development
6968,development
6969,development
6970,development
6971,holdout
6972,development
6973,development
6974,holdout
6975,holdout
6976,development
6977,holdout
6978,holdout
6979,holdout
6980,development
6981,development
6982,development
6983,holdout
6984,development
6985,development
6986,development
6987,holdout
6988,holdout
6989,development
6990,holdout
6991,development
6992,development
6993,holdout
6994,development
6995,holdout
6996,development
6997,holdout
6998,holdout
6999,development
7000,development
7001,development
7002,holdout
7003,holdout
7004,development
7005,holdout
7006,holdout
7007,development
7008,development
7009,development
7010,development
7011,holdout
7012,development
7013,holdout
7014,development
7015,development
7016,development
7017,development
7018,development
7019,development
7020,holdout
7021,development
7022,development
7023,development
7024,development
7025,development
7026,development
7027,development
7028,holdout
7029,holdout
7030,holdout
7031,development
7032,development
7033,development
7034,development
7035,development
7036,development
7037,holdout
7038,development
7039,development
7040,holdout
7041,holdout
7042,holdout
7043,development
7044,holdout
7045,development
7046,holdout
7047,holdout
7048,development
7049,development
7050,holdout
7051,development
7052,development
7053,development
7054,development
7055,development
7056,holdout
7057,development
7058,development
7059,development
7060,development
7061,holdout
7062,development
7063,holdout
7064,development
7065,development
7066,development
7067,development
7068,development
7069,development
7070,development
7071,holdout
7072,development
7073,development
7074,development
7075,development
7076,development
7077,development
7078,development
7079,holdout
7080,holdout
7081,development
7082,development
7083,development
7084,development
7085,development
7086,development
7087,development
7088,holdout
7089,development
7090,holdout
7091,development
7092,development
7093,development
7094,development
7095,development
7096,holdout
7097,development
7098,development
7099,development
7100,development
7101,development
7102,development
7103,development
7104,development
7105,development
7106,holdout
7107,holdout
7108,holdout
7109,development
7110,holdout
7111,development
7112,development
7113,development
7114,development
7115,development
7116,holdout
7117,development
7118,development
7119,development
7120,holdout
7121,development
7122,development
7123,development
7124,holdout
7125,development
7126,holdout
7127,development
7128,development
7129,development
7130,holdout
7131,development
7132,development
7133,development
7134,development
7135,development
7136,development
7137,holdout
7138,development
7139,development
7140,development
7141,holdout
7142,development
7143,development
7144,holdout
7145,development
7146,holdout
7147,development
7148,development
7149,development
7150,development
7151,holdout
7152,holdout
7153,development
7154,development
7155,development
7156,development
7157,development
7158,development
7159,holdout
7160,holdout
7161,holdout
7162,development
7163,development
7164,holdout
7165,holdout
7166,development
7167,development
7168,development
7169,development
7170,holdout
7171,development
7172,development
7173,development
7174,development
7175,holdout
7176,development
7177,development
7178,development
7179,holdout
7180,development
7181,development
7182,holdout
7183,development
7184,holdout
7185,development
7186,holdout
7187,development
7188,holdout
7189,development
7190,development
7191,development
7192,development
7193,development
7194,development
7195,development
7196,development
7197,development
7198,development
7199,development
7200,holdout
7201,development
7202,development
7203,development
7204,development
7205,development
7206,development
7207,development
7208,development
7209,development
7210,development
7211,development
7212,development
7213,holdout
7214,development
7215,development
7216,development
7217,development
7218,development
7219,development
7220,holdout
7221,development
7222,development
7223,development
7224,development
7225,holdout
7226,holdout
7227,holdout
7228,development
7229,holdout
7230,holdout
7231,holdout
7232,development
7233,holdout
7234,development
7235,holdout
7236,development
7237,holdout
7238,development
7239,holdout
7240,development
7241,development
7242,holdout
7243,development
7244,holdout
7245,development
7246,development
7247,development
7248,holdout
7249,development
7250,development
7251,development
7252,development
7253,development
7254,development
7255,development
7256,holdout
7257,holdout
7258,development
7259,holdout
7260,holdout
7261,development
7262,development
7263,development
7264,holdout
7265,development
7266,development
7267,development
7268,development
7269,development
7270,development
7271,holdout
7272,development
7273,holdout
7274,development
7275,development
7276,development
7277,holdout
7278,holdout
7279,development
7280,development
7281,development
7282,development
7283,development
7284,development
7285,development
7286,holdout
7287,development
7288,development
7289,development
7290,holdout
7291,holdout
7292,holdout
7293,development
7294,holdout
7295,holdout
7296,development
7297,holdout
7298,development
7299,development
7300,development
7301,holdout
7302,development
7303,development
7304,holdout
7305,holdout
7306,development
7307,holdout
7308,development
7309,development
7310,development
7311,holdout
7312,development
7313,development
7314,development
7315,holdout
7316,holdout
7317,development
7318,development
7319,development
7320,holdout
7321,development
7322,development
7323,development
7324,holdout
7325,development
7326,development
7327,holdout
7328,holdout
7329,holdout
7330,holdout
7331,development
7332,development
7333,holdout
7334,holdout
7335,development
7336,development
7337,development
7338,development
7339,holdout
7340,development
7341,development
7342,development
7343,holdout
7344,development
7345,development
7346,development
7347,development
7348,development
7349,holdout
7350,development
7351,development
7352,development
7353,holdout
7354,development
7355,development
7356,development
7357,holdout
7358,development
7359,development
7360,development
7361,development
7362,development
7363,development
7364,development
7365,holdout
7366,holdout
7367,development
7368,development
7369,development
7370,holdout
7371,holdout
7372,holdout
7373,development
7374,holdout
7375,development
7376,development
7377,development
7378,development
7379,development
7380,development
7381,holdout
7382,development
7383,development
7384,development
7385,development
7386,development
7387,development
7388,development
7389,development
7390,holdout
7391,holdout
7392,development
7393,development
7394,development
7395,holdout
7396,holdout
7397,development
7398,development
7399,holdout
7400,holdout
7401,development
7402,development
7403,development
7404,development
7405,holdout
7406,development
7407,development
7408,holdout
7409,development
7410,holdout
7411,development
7412,development
7413,holdout
7414,development
7415,holdout
7416,development
7417,development
7418,holdout
7419,development
7420,development
7421,development
7422,development
7423,development
7424,development
7425,development
7426,development
7427,development
7428,development
7429,development
7430,development
7431,holdout
7432,development
7433,development
7434,holdout
7435,development
7436,holdout
7437,holdout
7438,holdout
7439,development
7440,holdout
7441,holdout
7442,holdout
7443,development
7444,development
7445,development
7446,holdout
7447,development
7448,holdout
7449,development
7450,development
7451,development
7452,development
7453,development
7454,development
7455,development
7456,development
7457,holdout
7458,holdout
7459,holdout
7460,development
7461,development
7462,holdout
7463,development
7464,development
7465,holdout
7466,holdout
7467,development
7468,development
7469,development
7470,holdout
7471,development
7472,development
7473,development
7474,holdout
7475,development
7476,development
7477,development
7478,development
7479,holdout
7480,development
7481,development
7482,development
7483,holdout
7484,development
7485,development
7486,development
7487,holdout
7488,development
7489,development
7490,development
7491,development
7492,development
7493,development
7494,development
7495,holdout
7496,development
7497,development
7498,holdout
7499,development
7500,development
7501,holdout
7502,development
7503,development
7504,development
7505,development
7506,development
7507,holdout
7508,development
7509,development
7510,development
7511,development
7512,development
7513,holdout
7514,holdout
7515,development
7516,development
7517,development
7518,holdout
7519,development
7520,development
7521,development
7522,development
7523,development
7524,development
7525,development
7526,development
7527,holdout
7528,development
7529,development
7530,development
7531,holdout
7532,development
7533,development
7534,development
7535,development
7536,development
7537,holdout
7538,development
7539,development
7540,development
7541,development
7542,holdout
7543,development
7544,development
7545,development
7546,development
7547,development
7548,development
7549,holdout
7550,development
7551,development
7552,development
7553,development
7554,development
7555,development
7556,development
7557,holdout
7558,holdout
7559,development
7560,holdout
7561,holdout
7562,holdout
7563,development
7564,holdout
7565,development
7566,development
7567,development
7568,holdout
7569,development
7570,holdout
7571,holdout
7572,development
7573,holdout
7574,holdout
7575,holdout
7576,development
7577,development
7578,development
7579,holdout
7580,development
7581,development
7582,development
7583,development
7584,holdout
7585,development
7586,development
7587,holdout
7588,holdout
7589,development
7590,development
7591,development
7592,holdout
7593,development
7594,holdout
7595,holdout
7596,holdout
7597,development
7598,development
7599,development
7600,development
7601,development
7602,holdout
7603,development
7604,development
7605,holdout
7606,development
7607,development
7608,holdout
7609,development
7610,development
7611,holdout
7612,development
7613,holdout
7614,holdout
7615,development
7616,development
7617,development
7618,development
7619,holdout
7620,development
7621,development
7622,development
7623,development
7624,development
7625,development
7626,development
7627,holdout
7628,holdout
7629,development
7630,development
7631,development
7632,holdout
7633,development
7634,development
7635,development
7636,development
7637,development
7638,development
7639,development
7640,holdout
7641,development
7642,development
7643,holdout
7644,development
7645,development
7646,development
7647,development
7648,holdout
7649,holdout
7650,holdout
7651,development
7652,development
7653,development
7654,development
7655,development
7656,holdout
7657,holdout
7658,development
7659,holdout
7660,development
7661,development
7662,holdout
7663,development
7664,holdout
7665,development
7666,development
7667,development
7668,holdout
7669,development
7670,holdout
7671,development
7672,holdout
7673,development
7674,holdout
7675,development
7676,development
7677,development
7678,development
7679,development
7680,holdout
7681,development
7682,development
7683,development
7684,holdout
7685,development
7686,development
7687,development
7688,development
7689,holdout
7690,development
7691,development
7692,development
7693,development
7694,development
7695,development
7696,development
7697,development
7698,development
7699,development
7700,development
7701,holdout
7702,development
7703,development
7704,development
7705,development
7706,development
7707,holdout
7708,development
7709,development
7710,development
7711,development
7712,development
7713,development
7714,holdout
7715,holdout
7716,development
7717,holdout
7718,development
7719,holdout
7720,holdout
7721,development
7722,holdout
7723,holdout
7724,development
7725,development
7726,development
7727,development
7728,development
7729,holdout
7730,development
7731,development
7732,development
7733,holdout
7734,holdout
7735,development
7736,development
7737,development
7738,development
7739,holdout
7740,holdout
7741,development
7742,development
7743,development
7744,development
7745,development
7746,holdout
7747,holdout
7748,development
7749,development
7750,holdout
7751,development
7752,development
7753,development
7754,development
7755,development
7756,development
7757,development
7758,holdout
7759,development
7760,development
7761,development
7762,holdout
7763,development
7764,development
7765,development
7766,development
7767,development
7768,holdout
7769,development
7770,holdout
7771,development
7772,development
7773,holdout
7774,development
7775,holdout
7776,development
7777,holdout
7778,holdout
7779,development
7780,development
7781,development
7782,holdout
7783,holdout
7784,holdout
7785,development
7786,development
7787,development
7788,holdout
7789,holdout
7790,holdout
7791,development
7792,development
7793,development
7794,holdout
7795,holdout
7796,holdout
7797,holdout
7798,holdout
7799,development
7800,development
7801,development
7802,development
7803,development
7804,holdout
7805,holdout
7806,development
7807,development
7808,holdout
7809,development
7810,development
7811,development
7812,development
7813,development
7814,holdout
7815,holdout
7816,development
7817,development
7818,development
7819,holdout
7820,development
7821,development
7822,development
7823,development
7824,development
7825,development
7826,development
7827,development
7828,development
7829,development
7830,development
7831,holdout
7832,holdout
7833,holdout
7834,development
7835,development
7836,development
7837,holdout
7838,development
7839,development
7840,development
7841,development
7842,development
7843,development
7844,development
7845,development
7846,development
7847,development
7848,holdout
7849,holdout
7850,development
7851,holdout
7852,holdout
7853,development
7854,development
7855,holdout
7856,development
7857,development
7858,holdout
7859,holdout
7860,development
7861,holdout
7862,development
7863,development
7864,development
7865,development
7866,holdout
7867,development
7868,development
7869,holdout
7870,development
7871,holdout
7872,development
7873,development
7874,holdout
7875,development
7876,development
7877,development
7878,development
7879,development
7880,holdout
7881,development
7882,development
7883,development
7884,holdout
7885,development
7886,development
7887,development
7888,development
7889,development
7890,development
7891,holdout
7892,holdout
7893,development
7894,holdout
7895,development
7896,holdout
7897,development
7898,development
7899,development
7900,holdout
7901,development
7902,development
7903,holdout
7904,holdout
7905,development
7906,development
7907,development
7908,holdout
7909,development
7910,development
7911,holdout
7912,holdout
7913,holdout
7914,development
7915,holdout
7916,development
7917,development
7918,holdout
7919,development
7920,development
7921,development
7922,development
7923,development
7924,development
7925,development
7926,holdout
7927,development
7928,development
7929,development
7930,holdout
7931,holdout
7932,development
7933,development
7934,development
7935,development
7936,development
7937,holdout
7938,development
7939,development
7940,holdout
7941,holdout
7942,development
7943,development
7944,holdout
7945,development
7946,holdout
7947,development
7948,development
7949,holdout
7950,holdout
7951,holdout
7952,development
7953,holdout
7954,holdout
7955,development
7956,holdout
7957,development
7958,development
7959,development
7960,development
7961,development
7962,development
7963,holdout
7964,development
7965,development
7966,development
7967,development
7968,development
7969,development
7970,holdout
7971,holdout
7972,development
7973,holdout
7974,holdout
7975,development
7976,development
7977,development
7978,development
7979,holdout
7980,development
7981,development
7982,development
7983,development
7984,development
7985,development
7986,development
7987,holdout
7988,holdout
7989,development
7990,development
7991,development
7992,holdout
7993,development
7994,development
7995,development
7996,development
7997,development
7998,holdout
7999,development
8000,development
8001,development
8002,holdout
8003,development
8004,development
8005,development
8006,development
8007,development
8008,development
8009,development
8010,development
8011,development
8012,development
8013,holdout
8014,holdout
8015,holdout
8016,holdout
8017,development
8018,holdout
8019,development
8020,development
8021,development
8022,development
8023,development
8024,development
8025,development
8026,development
8027,holdout
8028,development
8029,development
8030,development
8031,holdout
8032,development
8033,holdout
8034,holdout
8035,development
8036,holdout
8037,development
8038,development
8039,holdout
8040,holdout
8041,development
8042,holdout
8043,holdout
8044,development
8045,holdout
8046,holdout
8047,development
8048,development
8049,development
8050,development
8051,development
8052,holdout
8053,development
8054,development
8055,development
8056,development
8057,development
8058,holdout
8059,development
8060,development
8061,holdout
8062,development
8063,development
8064,holdout
8065,development
8066,development
8067,development
8068,development
8069,development
8070,development
8071,holdout
8072,holdout
8073,holdout
8074,holdout
8075,development
8076,holdout
8077,development
8078,development
8079,development
8080,development
8081,development
8082,holdout
8083,holdout
8084,development
8085,development
8086,development
8087,holdout
8088,development
8089,development
8090,development
8091,development
8092,holdout
8093,holdout
8094,holdout
8095,development
8096,development
8097,development
8098,development
8099,development
8100,development
8101,development
8102,holdout
8103,development
8104,development
8105,development
8106,development
8107,development
8108,holdout
8109,holdout
8110,development
8111,holdout
8112,development
8113,development
8114,development
8115,development
8116,development
8117,holdout
8118,holdout
8119,holdout
8120,development
8121,holdout
8122,holdout
8123,holdout
8124,development
8125,development
8126,development
8127,development
8128,development
8129,development
8130,holdout
8131,holdout
8132,development
8133,holdout
8134,development
8135,development
8136,holdout
8137,holdout
8138,development
8139,development
8140,development
8141,holdout
8142,holdout
8143,development
8144,development
8145,holdout
8146,holdout
8147,development
8148,holdout
8149,development
8150,development
8151,holdout
8152,development
8153,development
8154,holdout
8155,development
8156,development
8157,holdout
8158,development
8159,development
8160,holdout
8161,holdout
8162,development
8163,development
8164,development
8165,holdout
8166,development
8167,development
8168,development
8169,development
8170,development
8171,holdout
8172,holdout
8173,development
8174,development
8175,holdout
8176,development
8177,holdout
8178,development
8179,holdout
8180,holdout
8181,development
8182,development
8183,development
8184,development
8185,development
8186,development
8187,development
8188,development
8189,holdout
8190,holdout
8191,development
8192,development
8193,development
8194,development
8195,development
8196,holdout
8197,holdout
8198,development
8199,development
8200,holdout
8201,development
8202,development
8203,holdout
8204,development
8205,development
8206,development
8207,holdout
8208,development
8209,holdout
8210,holdout
8211,development
8212,development
8213,holdout
8214,development
8215,holdout
8216,development
8217,development
8218,development
8219,development
8220,development
8221,holdout
8222,holdout
8223,development
8224,development
8225,development
8226,development
8227,development
8228,development
8229,development
8230,development
8231,development
8232,development
8233,development
8234,development
8235,development
8236,development
8237,holdout
8238,holdout
8239,development
8240,development
8241,development
8242,holdout
8243,development
8244,development
8245,holdout
8246,development
8247,development
8248,development
8249,development
8250,holdout
8251,development
8252,development
8253,holdout
8254,development
8255,holdout
8256,holdout
8257,holdout
8258,development
8259,holdout
8260,development
8261,development
8262,development
8263,development
8264,holdout
8265,holdout
8266,development
8267,development
8268,holdout
8269,holdout
8270,development
8271,holdout
8272,development
8273,development
8274,development
8275,development
8276,development
8277,development
8278,development
8279,holdout
8280,development
8281,holdout
8282,development
8283,development
8284,holdout
8285,development
8286,development
8287,holdout
8288,holdout
8289,development
8290,development
8291,development
8292,development
8293,development
8294,development
8295,holdout
8296,development
8297,development
8298,holdout
8299,development
8300,development
8301,development
8302,holdout
8303,holdout
8304,development
8305,development
8306,holdout
8307,development
8308,holdout
8309,development
8310,development
8311,development
8312,holdout
8313,development
8314,development
8315,development
8316,development
8317,development
8318,development
8319,development
8320,development
8321,holdout
8322,holdout
8323,development
8324,development
8325,holdout
8326,development
8327,development
8328,holdout
8329,development
8330,development
8331,holdout
8332,development
8333,development
8334,development
8335,holdout
8336,holdout
8337,development
8338,holdout
8339,development
8340,development
8341,development
8342,development
8343,holdout
8344,development
8345,holdout
8346,holdout
8347,development
8348,development
8349,development
8350,development
8351,holdout
8352,development
8353,holdout
8354,development
8355,development
8356,development
8357,development
8358,holdout
8359,development
8360,development
8361,development
8362,development
8363,holdout
8364,development
8365,development
8366,development
8367,development
8368,development
8369,development
8370,development
8371,development
8372,development
8373,development
8374,development
8375,development
8376,development
8377,development
8378,development
8379,development
8380,development
8381,development
8382,holdout
8383,development
8384,holdout
8385,development
8386,development
8387,holdout
8388,holdout
8389,development
8390,development
8391,development
8392,holdout
8393,holdout
8394,development
8395,development
8396,holdout
8397,development
8398,development
8399,development
8400,development
8401,holdout
8402,holdout
8403,development
8404,development
8405,development
8406,development
8407,development
8408,holdout
8409,holdout
8410,development
8411,development
8412,development
8413,holdout
8414,holdout
8415,development
8416,development
8417,development
8418,holdout
8419,development
8420,development
8421,holdout
8422,holdout
8423,holdout
8424,development
8425,development
8426,holdout
8427,holdout
8428,development
8429,development
8430,holdout
8431,holdout
8432,holdout
8433,development
8434,holdout
8435,development
8436,development
8437,development
8438,development
8439,development
8440,development
8441,holdout
8442,development
8443,development
8444,development
8445,development
8446,development
8447,development
8448,development
8449,development
8450,holdout
8451,holdout
8452,holdout
8453,holdout
8454,development
8455,development
8456,development
8457,development
8458,development
8459,holdout
8460,development
8461,development
8462,development
8463,development
8464,development
8465,holdout
8466,holdout
8467,holdout
8468,development
8469,development
8470,development
8471,development
8472,holdout
8473,development
8474,holdout
8475,holdout
8476,holdout
8477,development
8478,holdout
8479,development
8480,holdout
8481,holdout
8482,holdout
8483,holdout
8484,development
8485,development
8486,holdout
8487,development
8488,holdout
8489,development
8490,development
8491,development
8492,development
8493,development
8494,development
8495,development
8496,holdout
8497,development
8498,development
8499,development
8500,holdout
8501,development
8502,development
8503,development
8504,development
8505,development
8506,development
8507,development
8508,development
8509,holdout
8510,development
8511,development
8512,development
8513,development
8514,holdout
8515,holdout
8516,holdout
8517,holdout
8518,development
8519,development
8520,development
8521,development
8522,development
8523,development
8524,holdout
8525,holdout
8526,development
8527,development
8528,development
8529,holdout
8530,development
8531,holdout
8532,holdout
8533,development
8534,development
8535,development
8536,holdout
8537,development
8538,development
8539,development
8540,development
8541,development
8542,holdout
8543,development
8544,holdout
8545,development
8546,holdout
8547,development
8548,holdout
8549,holdout
8550,development
8551,holdout
8552,holdout
8553,holdout
8554,development
8555,development
8556,development
8557,development
8558,development
8559,development
8560,development
8561,holdout
8562,holdout
8563,holdout
8564,development
8565,holdout
8566,development
8567,development
8568,holdout
8569,development
8570,development
8571,development
8572,development
8573,development
8574,development
8575,development
8576,holdout
8577,development
8578,development
8579,development
8580,development
8581,development
8582,development
8583,holdout
8584,development
8585,development
8586,development
8587,development
8588,development
8589,development
8590,development
8591,development
8592,development
8593,development
8594,development
8595,holdout
8596,development
8597,development
8598,development
8599,development
8600,development
8601,development
8602,development
8603,holdout
8604,development
8605,development
8606,development
8607,holdout
8608,development
8609,development
8610,holdout
8611,holdout
8612,development
8613,holdout
8614,development
8615,development
8616,development
8617,development
8618,development
8619,development
8620,holdout
8621,development
8622,development
8623,development
8624,development
8625,development
8626,development
8627,holdout
8628,development
8629,development
8630,holdout
8631,development
8632,development
8633,development
8634,holdout
8635,development
8636,holdout
8637,holdout
8638,development
8639,holdout
8640,holdout
8641,development
8642,holdout
8643,development
8644,development
8645,development
8646,development
8647,holdout
8648,holdout
8649,development
8650,holdout
8651,development
8652,holdout
8653,development
8654,development
8655,holdout
8656,holdout
8657,development
8658,development
8659,development
8660,holdout
8661,holdout
8662,development
8663,development
8664,holdout
8665,development
8666,development
8667,development
8668,holdout
8669,development
8670,development
8671,development
8672,development
8673,development
8674,development
8675,holdout
8676,holdout
8677,holdout
8678,holdout
8679,development
8680,development
8681,development
8682,development
8683,development
8684,development
8685,development
8686,holdout
8687,development
8688,development
8689,development
8690,development
8691,development
8692,development
8693,holdout
8694,development
8695,development
8696,holdout
8697,development
8698,development
8699,development
8700,holdout
8701,development
8702,development
8703,development
8704,development
8705,development
8706,development
8707,development
8708,development
8709,development
8710,holdout
8711,holdout
8712,development
8713,development
8714,development
8715,holdout
8716,holdout
8717,development
8718,development
8719,development
8720,holdout
8721,holdout
8722,development
8723,development
8724,holdout
8725,holdout
8726,development
8727,development
8728,holdout
8729,development
8730,development
8731,holdout
8732,development
8733,development
8734,holdout
8735,holdout
8736,development
8737,holdout
8738,development
8739,development
8740,holdout
8741,holdout
8742,holdout
8743,development
8744,development
8745,development
8746,holdout
8747,development
8748,development
8749,holdout
8750,holdout
8751,development
8752,holdout
8753,development
8754,development
8755,development
8756,development
8757,development
8758,holdout
8759,holdout
8760,development
8761,holdout
8762,development
8763,development
8764,holdout
8765,holdout
8766,development
8767,development
8768,development
8769,development
8770,development
8771,holdout
8772,development
8773,development
8774,holdout
8775,development
8776,holdout
8777,development
8778,development
8779,development
8780,development
8781,holdout
8782,holdout
8783,development
8784,development
8785,holdout
8786,development
8787,development
8788,development
8789,development
8790,holdout
8791,development
8792,development
8793,development
8794,development
8795,holdout
8796,development
8797,development
8798,development
8799,development
8800,development
8801,holdout
8802,development
8803,development
8804,development
8805,development
8806,development
8807,development
8808,development
8809,development
8810,development
8811,holdout
8812,development
8813,development
8814,holdout
8815,holdout
8816,development
8817,development
8818,development
8819,development
8820,development
8821,development
8822,development
8823,development
8824,holdout
8825,holdout
8826,development
8827,development
8828,holdout
8829,development
8830,development
8831,holdout
8832,development
8833,development
8834,development
8835,holdout
8836,development
8837,development
8838,holdout
8839,development
8840,development
8841,development
8842,development
8843,development
8844,holdout
8845,development
8846,development
8847,holdout
8848,development
8849,development
8850,development
8851,development
8852,holdout
8853,development
8854,development
8855,development
8856,development
8857,development
8858,development
8859,development
8860,holdout
8861,development
8862,development
8863,holdout
8864,development
8865,development
8866,development
8867,development
8868,holdout
8869,development
8870,development
8871,development
8872,holdout
8873,holdout
8874,development
8875,development
8876,development
8877,development
8878,development
8879,development
8880,development
8881,development
8882,development
8883,development
8884,development
8885,holdout
8886,holdout
8887,holdout
8888,development
8889,development
8890,development
8891,development
8892,holdout
8893,holdout
8894,development
8895,development
8896,holdout
8897,development
8898,development
8899,development
8900,holdout
8901,development
8902,development
8903,development
8904,development
8905,holdout
8906,development
8907,development
8908,holdout
8909,development
8910,development
8911,development
8912,holdout
8913,development
8914,holdout
8915,development
8916,holdout
8917,development
8918,development
8919,development
8920,development
8921,holdout
8922,development
8923,development
8924,development
8925,development
8926,holdout
8927,development
8928,development
8929,development
8930,development
8931,development
8932,development
8933,development
8934,development
8935,development
8936,development
8937,holdout
8938,development
8939,holdout
8940,development
8941,holdout
8942,development
8943,holdout
8944,development
8945,development
8946,development
8947,development
8948,development
8949,holdout
8950,development
8951,development
8952,development
8953,holdout
8954,development
8955,development
8956,development
8957,development
8958,development
8959,development
8960,development
8961,development
8962,holdout
8963,holdout
8964,development
8965,development
8966,holdout
8967,holdout
8968,development
8969,development
8970,holdout
8971,development
8972,development
8973,holdout
8974,development
8975,holdout
8976,holdout
8977,holdout
8978,development
8979,development
8980,holdout
8981,development
8982,holdout
8983,development
8984,development
8985,holdout
8986,holdout
8987,development
8988,holdout
8989,holdout
8990,development
8991,holdout
8992,development
8993,development
8994,development
8995,development
8996,development
8997,development
8998,holdout
8999,holdout
9000,holdout
9001,development
9002,holdout
9003,development
9004,holdout
9005,development
9006,holdout
9007,development
9008,holdout
9009,development
9010,development
9011,holdout
9012,development
9013,development
9014,holdout
9015,development
9016,holdout
9017,holdout
9018,development
9019,development
9020,development
9021,holdout
9022,development
9023,holdout
9024,development
9025,holdout
9026,development
9027,development
9028,development
9029,holdout
9030,development
9031,holdout
9032,development
9033,holdout
9034,development
9035,holdout
9036,development
9037,development
9038,development
9039,development
9040,development
9041,holdout
9042,development
9043,development
9044,development
9045,development
9046,holdout
9047,development
9048,development
9049,holdout
9050,holdout
9051,holdout
9052,development
9053,development
9054,development
9055,development
9056,development
9057,development
9058,holdout
9059,development
9060,development
9061,holdout
9062,holdout
9063,holdout
9064,development
9065,development
9066,development
9067,holdout
9068,development
9069,development
9070,development
9071,development
9072,holdout
9073,holdout
9074,development
9075,development
9076,holdout
9077,development
9078,development
9079,development
9080,development
9081,development
9082,development
9083,development
9084,development
9085,development
9086,development
9087,holdout
9088,development
9089,development
9090,development
9091,holdout
9092,holdout
9093,development
9094,development
9095,development
9096,holdout
9097,development
9098,development
9099,development
9100,development
9101,development
9102,development
9103,holdout
9104,development
9105,development
9106,development
9107,development
9108,holdout
9109,development
9110,holdout
9111,development
9112,development
9113,development
9114,development
9115,development
9116,development
9117,development
9118,holdout
9119,development
9120,holdout
9121,development
9122,development
9123,holdout
9124,holdout
9125,holdout
9126,holdout
9127,development
9128,holdout
9129,holdout
9130,holdout
9131,development
9132,holdout
9133,development
9134,development
9135,development
9136,development
9137,development
9138,holdout
9139,development
9140,development
9141,development
9142,development
9143,holdout
9144,development
9145,holdout
9146,development
9147,development
9148,development
9149,holdout
9150,development
9151,development
9152,development
9153,development
9154,development
9155,holdout
9156,development
9157,development
9158,holdout
9159,development
9160,holdout
9161,holdout
9162,development
9163,development
9164,development
9165,development
9166,development
9167,development
9168,development
9169,development
9170,development
9171,holdout
9172,development
9173,development
9174,holdout
9175,holdout
9176,development
9177,holdout
9178,development
9179,development
9180,holdout
9181,holdout
9182,holdout
9183,development
9184,development
9185,development
9186,development
9187,holdout
9188,holdout
9189,development
9190,development
9191,development
9192,holdout
9193,development
9194,development
9195,development
9196,holdout
9197,development
9198,development
9199,development
9200,development
9201,development
9202,development
9203,development
9204,holdout
9205,development
9206,development
9207,development
9208,holdout
9209,development
9210,development
9211,development
9212,holdout
9213,development
9214,development
9215,development
9216,development
9217,holdout
9218,holdout
9219,holdout
9220,development
9221,development
9222,holdout
9223,development
9224,development
9225,holdout
9226,holdout
9227,holdout
9228,development
9229,development
9230,development
9231,holdout
9232,holdout
9233,holdout
9234,development
9235,development
9236,development
9237,holdout
9238,development
9239,development
9240,development
9241,development
9242,development
9243,holdout
9244,development
9245,development
9246,development
9247,development
9248,holdout
9249,holdout
9250,holdout
9251,development
9252,development
9253,development
9254,development
9255,development
9256,holdout
9257,holdout
9258,holdout
9259,holdout
9260,development
9261,development
9262,development
9263,holdout
9264,development
9265,development
9266,holdout
9267,holdout
9268,development
9269,development
9270,holdout
9271,development
9272,development
9273,development
9274,development
9275,development
9276,development
9277,development
9278,holdout
9279,development
9280,development
9281,development
9282,development
9283,development
9284,holdout
9285,development
9286,holdout
9287,development
9288,development
9289,development
9290,holdout
9291,development
9292,development
9293,holdout
9294,holdout
9295,development
9296,development
9297,development
9298,development
9299,holdout
9300,development
9301,development
9302,development
9303,development
9304,development
9305,development
9306,development
9307,development
9308,development
9309,development
9310,holdout
9311,development
9312,development
9313,holdout
9314,development
9315,development
9316,development
9317,development
9318,holdout
9319,development
9320,development
9321,development
9322,development
9323,development
9324,development
9325,holdout
9326,development
9327,development
9328,holdout
9329,holdout
9330,holdout
9331,development
9332,development
9333,holdout
9334,development
9335,development
9336,development
9337,development
9338,development
9339,development
9340,development
9341,development
9342,development
9343,development
9344,development
9345,holdout
9346,development
9347,development
9348,holdout
9349,development
9350,development
9351,development
9352,development
9353,development
9354,development
9355,development
9356,development
9357,development
9358,holdout
9359,development
9360,holdout
9361,holdout
9362,development
9363,development
9364,development
9365,development
9366,holdout
9367,development
9368,development
9369,holdout
9370,development
9371,development
9372,development
9373,holdout
9374,development
9375,development
9376,development
9377,holdout
9378,development
9379,holdout
9380,development
9381,development
9382,development
9383,development
9384,development
9385,holdout
9386,development
9387,development
9388,holdout
9389,development
9390,holdout
9391,development
9392,development
9393,development
9394,development
9395,holdout
9396,development
9397,development
9398,development
9399,holdout
9400,development
9401,holdout
9402,development
9403,holdout
9404,holdout
9405,holdout
9406,holdout
9407,development
9408,development
9409,holdout
9410,development
9411,development
9412,development
9413,development
9414,development
9415,holdout
9416,development
9417,development
9418,development
9419,holdout
9420,development
9421,holdout
9422,development
9423,development
9424,development
9425,holdout
9426,holdout
9427,holdout
9428,development
9429,holdout
9430,development
9431,development
9432,development
9433,development
9434,development
9435,development
9436,development
9437,development
9438,development
9439,development
9440,holdout
9441,development
9442,development
9443,development
9444,development
9445,development
9446,development
9447,holdout
9448,development
9449,development
9450,development
9451,holdout
9452,development
9453,development
9454,development
9455,development
9456,development
9457,development
9458,development
9459,development
9460,development
9461,holdout
9462,development
9463,development
9464,holdout
9465,holdout
9466,development
9467,holdout
9468,development
9469,holdout
9470,development
9471,development
9472,holdout
9473,holdout
9474,development
9475,holdout
9476,development
9477,development
9478,holdout
9479,development
9480,development
9481,holdout
9482,development
9483,development
9484,development
9485,holdout
9486,development
9487,development
9488,development
9489,holdout
9490,development
9491,development
9492,holdout
9493,development
9494,development
9495,development
9496,development
9497,holdout
9498,holdout
9499,development
9500,development
9501,development
9502,development
9503,development
9504,development
9505,holdout
9506,holdout
9507,holdout
9508,development
9509,development
9510,development
9511,holdout
9512,development
9513,development
9514,development
9515,development
9516,development
9517,holdout
9518,holdout
9519,development
9520,holdout
9521,development
9522,holdout
9523,holdout
9524,development
9525,development
9526,holdout
9527,development
9528,holdout
9529,development
9530,development
9531,development
9532,holdout
9533,development
9534,development
9535,development
9536,holdout
9537,development
9538,holdout
9539,development
9540,holdout
9541,development
9542,development
9543,development
9544,development
9545,holdout
9546,development
9547,holdout
9548,development
9549,development
9550,holdout
9551,development
9552,development
9553,development
9554,holdout
9555,development
9556,holdout
9557,holdout
9558,development
9559,holdout
9560,holdout
9561,development
9562,development
9563,development
9564,development
9565,holdout
9566,holdout
9567,development
9568,holdout
9569,holdout
9570,holdout
9571,development
9572,holdout
9573,holdout
9574,development
9575,development
9576,development
9577,development
9578,development
9579,development
9580,development
9581,development
9582,development
9583,development
9584,development
9585,development
9586,development
9587,holdout
9588,development
9589,development
9590,development
9591,development
9592,holdout
9593,holdout
9594,holdout
9595,development
9596,development
9597,holdout
9598,development
9599,development
9600,development
9601,development
9602,development
9603,development
9604,development
9605,development
9606,holdout
9607,development
9608,development
9609,development
9610,development
9611,development
9612,development
9613,development
9614,development
9615,holdout
9616,development
9617,holdout
9618,development
9619,development
9620,development
9621,development
9622,development
9623,holdout
9624,development
9625,holdout
9626,development
9627,development
9628,development
9629,development
9630,development
9631,holdout
9632,holdout
9633,development
9634,development
9635,holdout
9636,development
9637,holdout
9638,development
9639,development
9640,holdout
9641,development
9642,holdout
9643,development
9644,development
9645,development
9646,holdout
9647,development
9648,development
9649,development
9650,development
9651,development
9652,holdout
9653,development
9654,development
9655,holdout
9656,development
9657,holdout
9658,holdout
9659,holdout
9660,development
9661,development
9662,development
9663,development
9664,development
9665,development
9666,development
9667,development
9668,holdout
9669,development
9670,development
9671,development
9672,development
9673,development
9674,development
9675,development
9676,development
9677,development
9678,development
9679,development
9680,development
9681,development
9682,development
9683,development
9684,holdout
9685,development
9686,holdout
9687,holdout
9688,development
9689,development
9690,development
9691,development
9692,development
9693,holdout
9694,development
9695,development
9696,development
9697,development
9698,development
9699,development
9700,holdout
9701,development
9702,development
9703,development
9704,development
9705,development
9706,development
9707,holdout
9708,holdout
9709,holdout
9710,development
9711,development
9712,development
9713,holdout
9714,holdout
9715,holdout
9716,holdout
9717,development
9718,development
9719,development
9720,development
9721,holdout
9722,holdout
9723,development
9724,development
9725,holdout
9726,development
9727,development
9728,holdout
9729,development
9730,development
9731,development
9732,development
9733,development
9734,holdout
9735,holdout
9736,development
9737,development
9738,development
9739,holdout
9740,holdout
9741,development
9742,development
9743,holdout
9744,development
9745,development
9746,holdout
9747,holdout
9748,development
9749,development
9750,development
9751,development
9752,holdout
9753,holdout
9754,holdout
9755,development
9756,development
9757,development
9758,development
9759,holdout
9760,development
9761,development
9762,development
9763,holdout
9764,development
9765,holdout
9766,development
9767,development
9768,development
9769,development
9770,development
9771,development
9772,development
9773,development
9774,development
9775,development
9776,holdout
9777,holdout
9778,development
9779,development
9780,development
9781,development
9782,development
9783,development
9784,holdout
9785,holdout
9786,holdout
9787,development
9788,holdout
9789,development
9790,development
9791,holdout
9792,development
9793,development
9794,development
9795,development
9796,development
9797,development
9798,development
9799,holdout
9800,holdout
9801,development
9802,development
9803,development
9804,development
9805,holdout
9806,holdout
9807,holdout
9808,development
9809,development
9810,development
9811,development
9812,holdout
9813,holdout
9814,development
9815,holdout
9816,holdout
9817,development
9818,development
9819,development
9820,holdout
9821,development
9822,development
9823,development
9824,development
9825,holdout
9826,development
9827,development
9828,development
9829,development
9830,holdout
9831,development
9832,development
9833,development
9834,development
9835,development
9836,development
9837,development
9838,development
9839,development
9840,development
9841,development
9842,development
9843,development
9844,development
9845,development
9846,holdout
9847,development
9848,holdout
9849,holdout
9850,development
9851,development
9852,development
9853,holdout
9854,development
9855,development
9856,development
9857,development
9858,holdout
9859,development
9860,holdout
9861,development
9862,development
9863,development
9864,development
9865,holdout
9866,development
9867,holdout
9868,holdout
9869,development
9870,holdout
9871,development
9872,holdout
9873,development
9874,development
9875,development
9876,development
9877,development
9878,holdout
9879,development
9880,development
9881,development
9882,development
9883,development
9884,development
9885,development
9886,holdout
9887,development
9888,holdout
9889,development
9890,development
9891,development
9892,development
9893,holdout
9894,holdout
9895,development
9896,development
9897,development
9898,development
9899,holdout
9900,development
9901,development
9902,development
9903,development
9904,development
9905,development
9906,development
9907,development
9908,development
9909,development
9910,development
9911,development
9912,holdout
9913,holdout
9914,development
9915,development
9916,development
9917,development
9918,development
9919,holdout
9920,development
9921,holdout
9922,development
9923,development
9924,development
9925,holdout
9926,development
9927,holdout
9928,development
9929,development
9930,development
9931,development
9932,development
9933,development
9934,holdout
9935,development
9936,development
9937,development
9938,development
9939,development
9940,holdout
9941,development
9942,development
9943,development
9944,holdout
9945,development
9946,development
9947,development
9948,development
9949,development
9950,holdout
9951,development
9952,development
9953,development
9954,development
9955,development
9956,development
9957,development
9958,development
9959,development
9960,holdout
9961,development
9962,development
9963,development
9964,development
9965,development
9966,development
9967,holdout
9968,holdout
9969,development
9970,holdout
9971,development
9972,development
9973,holdout
9974,development
9975,development
9976,development
9977,development
9978,development
9979,development
9980,development
9981,holdout
9982,development
9983,holdout
9984,development
9985,development
9986,development
9987,development
9988,holdout
9989,holdout
9990,development
9991,development
9992,holdout
9993,development
9994,development
9995,holdout
9996,holdout
9997,development
9998,development
9999,holdout
10000,development
10001,development
10002,holdout
10003,development
10004,development
10005,development
10006,development
10007,development
10008,development
10009,development
10010,development
10011,development
10012,development
10013,development
10014,development
10015,development
10016,development
10017,development
10018,development
10019,holdout
10020,development
10021,development
10022,holdout
10023,holdout
10024,development
10025,development
10026,development
10027,development
10028,development
10029,holdout
10030,development
10031,holdout
10032,development
10033,holdout
10034,holdout
10035,development
10036,holdout
10037,holdout
10038,development
10039,development
10040,development
10041,holdout
10042,holdout
10043,development
10044,development
10045,holdout
10046,development
10047,development
10048,development
10049,development
10050,development
10051,development
10052,holdout
10053,development
10054,development
10055,development
10056,development
10057,development
10058,development
10059,holdout
10060,development
10061,holdout
10062,development
10063,development
10064,development
10065,development
10066,development
10067,development
10068,development
10069,development
10070,holdout
10071,holdout
10072,holdout
10073,development
10074,holdout
10075,holdout
10076,holdout
10077,holdout
10078,development
10079,holdout
10080,holdout
10081,development
10082,development
10083,development
10084,development
10085,holdout
10086,development
10087,development
10088,development
10089,holdout
10090,development
10091,development
10092,development
10093,development
10094,development
10095,development
10096,development
10097,development
10098,holdout
10099,development
10100,development
10101,development
10102,holdout
10103,holdout
10104,development
10105,holdout
10106,development
10107,development
10108,development
10109,development
10110,development
10111,development
10112,development
10113,development
10114,development
10115,holdout
10116,development
10117,holdout
10118,holdout
10119,development
10120,holdout
10121,holdout
10122,development
10123,holdout
10124,holdout
10125,development
10126,development
10127,development
10128,development
10129,development
10130,development
10131,holdout
10132,development
10133,development
10134,development
10135,development
10136,development
10137,development
10138,holdout
10139,development
10140,development
10141,holdout
10142,development
10143,development
10144,development
10145,holdout
10146,development
10147,development
10148,holdout
10149,development
10150,holdout
10151,development
10152,development
10153,development
10154,development
10155,holdout
10156,development
10157,development
10158,development
10159,development
10160,holdout
10161,development
10162,development
10163,development
10164,development
10165,development
10166,development
10167,development
10168,development
10169,development
10170,holdout
10171,development
10172,development
10173,development
10174,development
10175,development
10176,development
10177,development
10178,development
10179,development
10180,development
10181,holdout
10182,development
10183,development
10184,development
10185,development
10186,holdout
10187,development
10188,development
10189,development
10190,development
10191,development
10192,holdout
10193,holdout
10194,development
10195,development
10196,development
10197,holdout
10198,holdout
10199,development
10200,development
10201,development
10202,development
10203,holdout
10204,development
10205,development
10206,development
10207,development
10208,development
10209,development
10210,development
10211,development
10212,development
10213,holdout
10214,holdout
10215,development
10216,development
10217,development
10218,development
10219,development
10220,holdout
10221,development
10222,development
10223,development
10224,development
10225,development
10226,holdout
10227,holdout
10228,development
10229,development
10230,holdout
10231,holdout
10232,development
10233,development
10234,development
10235,development
10236,development
10237,development
10238,development
10239,development
10240,holdout
10241,holdout
10242,development
10243,development
10244,development
10245,holdout
10246,holdout
10247,development
10248,holdout
10249,development
10250,development
10251,holdout
10252,development
10253,development
10254,development
10255,development
10256,development
10257,development
10258,holdout
10259,holdout
10260,development
10261,development
10262,holdout
10263,holdout
10264,holdout
10265,development
10266,development
10267,holdout
10268,development
10269,development
10270,holdout
10271,development
10272,development
10273,development
10274,development
10275,holdout
10276,development
10277,development
10278,development
10279,development
10280,holdout
10281,development
10282,development
10283,holdout
10284,holdout
10285,development
10286,holdout
10287,holdout
10288,development
10289,development
10290,development
10291,development
10292,holdout
10293,development
10294,development
10295,development
10296,holdout
10297,holdout
10298,development
10299,holdout
10300,development
10301,development
10302,holdout
10303,development
10304,development
10305,holdout
10306,holdout
10307,holdout
10308,development
10309,holdout
10310,development
10311,development
10312,development
10313,holdout
10314,holdout
10315,holdout
10316,development
10317,development
10318,holdout
10319,development
10320,holdout
10321,holdout
10322,development
10323,holdout
10324,development
10325,development
10326,development
10327,development
10328,holdout
10329,holdout
10330,holdout
10331,holdout
10332,development
10333,development
10334,development
10335,holdout
10336,holdout
10337,development
10338,development
10339,holdout
10340,development
10341,development
10342,development
10343,development
10344,holdout
10345,development
10346,development
10347,holdout
10348,holdout
10349,development
10350,development
10351,development
10352,development
10353,development
10354,development
10355,holdout
10356,development
10357,development
10358,holdout
10359,development
10360,holdout
10361,development
10362,development
10363,development
10364,development
10365,development
10366,development
10367,holdout
10368,development
10369,development
10370,holdout
10371,holdout
10372,development
10373,development
10374,holdout
10375,development
10376,holdout
10377,development
10378,holdout
10379,holdout
10380,development
10381,holdout
10382,development
10383,holdout
10384,development
10385,development
10386,development
10387,development
10388,development
10389,development
10390,holdout
10391,development
10392,development
10393,development
10394,development
10395,development
10396,development
10397,holdout
10398,development
10399,development
10400,development
10401,development
10402,holdout
10403,development
10404,development
10405,development
10406,development
10407,development
10408,development
10409,development
10410,development
10411,development
10412,development
10413,development
10414,development
10415,development
10416,holdout
10417,holdout
10418,holdout
10419,development
10420,development
10421,holdout
10422,holdout
10423,development
10424,holdout
10425,development
10426,development
10427,development
10428,development
10429,development
10430,holdout
10431,development
10432,development
10433,development
10434,holdout
10435,development
10436,development
10437,development
10438,development
10439,development
10440,development
10441,development
10442,development
10443,holdout
10444,holdout
10445,holdout
10446,development
10447,holdout
10448,development
10449,development
10450,development
10451,development
10452,holdout
10453,holdout
10454,development
10455,development
10456,development
10457,development
10458,development
10459,development
10460,development
10461,holdout
10462,development
10463,holdout
10464,development
10465,development
10466,development
10467,development
10468,development
10469,development
10470,development
10471,development
10472,holdout
10473,development
10474,holdout
10475,development
10476,development
10477,development
10478,development
10479,development
10480,development
10481,development
10482,development
10483,development
10484,holdout
10485,development
10486,development
10487,development
10488,development
10489,holdout
10490,development
10491,development
10492,development
10493,development
10494,holdout
10495,development
10496,development
10497,holdout
10498,development
10499,holdout
10500,holdout
10501,holdout
10502,development
10503,development
10504,development
10505,development
10506,holdout
10507,development
10508,development
10509,development
10510,holdout
10511,holdout
10512,holdout
10513,development
10514,development
10515,development
10516,development
10517,holdout
10518,holdout
10519,development
10520,development
10521,holdout
10522,development
10523,holdout
10524,development
10525,development
10526,development
10527,holdout
10528,development
10529,development
10530,development
10531,development
10532,development
10533,holdout
10534,holdout
10535,development
10536,holdout
10537,development
10538,development
10539,development
10540,development
10541,development
10542,development
10543,development
10544,development
10545,development
10546,development
10547,development
10548,development
10549,development
10550,holdout
10551,development
10552,holdout
10553,development
10554,holdout
10555,development
10556,holdout
10557,development
10558,development
10559,development
10560,holdout
10561,development
10562,holdout
10563,holdout
10564,holdout
10565,development
10566,development
10567,holdout
10568,development
10569,development
10570,development
10571,holdout
10572,development
10573,development
10574,development
10575,development
10576,development
10577,development
10578,development
10579,development
10580,development
10581,development
10582,development
10583,development
10584,development
10585,development
10586,holdout
10587,development
10588,development
10589,holdout
10590,development
10591,development
10592,development
10593,development
10594,development
10595,holdout
10596,development
10597,development
10598,holdout
10599,development
10600,development
10601,development
10602,development
10603,development
10604,development
10605,development
10606,development
10607,development
10608,development
10609,development
10610,development
10611,development
10612,development
10613,holdout
10614,development
10615,development
10616,holdout
10617,holdout
10618,development
10619,holdout
10620,development
10621,development
10622,holdout
10623,development
10624,development
10625,holdout
10626,development
10627,development
10628,development
10629,holdout
10630,holdout
10631,holdout
10632,development
10633,development
10634,development
10635,development
10636,development
10637,development
10638,development
10639,development
10640,development
10641,holdout
10642,development
10643,holdout
10644,development
10645,development
10646,development
10647,development
10648,development
10649,development
10650,development
10651,holdout
10652,development
10653,development
10654,development
10655,development
10656,development
10657,development
10658,development
10659,development
10660,holdout
10661,development
10662,holdout
10663,holdout
10664,development
10665,development
10666,development
10667,holdout
10668,development
10669,holdout
10670,development
10671,development
10672,development
10673,development
10674,development
10675,development
10676,development
10677,development
10678,development
10679,development
10680,holdout
10681,development
10682,holdout
10683,development
10684,development
10685,development
10686,development
10687,development
10688,holdout
10689,development
10690,development
10691,development
10692,development
10693,development
10694,holdout
10695,development
10696,development
10697,development
10698,development
10699,development
10700,development
10701,development
10702,development
10703,development
10704,development
10705,development
10706,development
10707,development
10708,development
10709,development
10710,development
10711,development
10712,development
10713,development
10714,development
10715,development
10716,holdout
10717,development
10718,holdout
10719,development
10720,development
10721,holdout
10722,holdout
10723,holdout
10724,development
10725,holdout
10726,holdout
10727,development
10728,holdout
10729,development
10730,development
10731,holdout
10732,holdout
10733,development
10734,development
10735,holdout
10736,development
10737,development
10738,holdout
10739,development
10740,holdout
10741,holdout
10742,development
10743,holdout
10744,holdout
10745,development
10746,development
10747,holdout
10748,holdout
10749,holdout
10750,development
10751,holdout
10752,holdout
10753,holdout
10754,development
10755,development
10756,development
10757,development
10758,holdout
10759,development
10760,holdout
10761,development
10762,development
10763,development
10764,holdout
10765,holdout
10766,development
10767,development
10768,development
10769,holdout
10770,development
10771,development
10772,holdout
10773,development
10774,holdout
10775,holdout
10776,development
10777,development
10778,holdout
10779,development
10780,development
10781,holdout
10782,development
10783,holdout
10784,holdout
10785,development
10786,development
10787,holdout
10788,holdout
10789,development
10790,development
10791,development
10792,development
10793,development
10794,development
10795,development
10796,development
10797,development
10798,holdout
10799,development
10800,development
10801,holdout
10802,development
10803,holdout
10804,development
10805,development
10806,holdout
10807,development
10808,development
10809,development
10810,development
10811,development
10812,development
10813,development
10814,development
10815,development
10816,holdout
10817,development
10818,holdout
10819,development
10820,development
10821,development
10822,holdout
10823,development
10824,holdout
10825,development
10826,holdout
10827,development
10828,development
10829,development
10830,holdout
10831,development
10832,development
10833,development
10834,development
10835,development
10836,holdout
10837,holdout
10838,development
10839,development
10840,development
10841,development
10842,holdout
10843,holdout
10844,development
10845,holdout
10846,holdout
10847,development
10848,development
10849,development
10850,development
10851,development
10852,development
10853,development
10854,development
10855,development
10856,development
10857,development
10858,development
10859,holdout
10860,development
10861,development
10862,development
10863,holdout
10864,development
10865,development
10866,holdout
10867,holdout
10868,development
10869,holdout
10870,development
10871,development
10872,development
10873,development
10874,development
10875,development
10876,development
10877,development
10878,holdout
10879,holdout
10880,holdout
10881,holdout
10882,holdout
10883,development
10884,holdout
10885,holdout
10886,holdout
10887,development
10888,development
10889,holdout
10890,development
10891,holdout
10892,development
10893,development
10894,holdout
10895,development
10896,holdout
10897,development
10898,development
10899,development
10900,holdout
10901,development
10902,holdout
10903,development
10904,holdout
10905,development
10906,development
10907,holdout
10908,development
10909,development
10910,holdout
10911,development
10912,development
10913,development
10914,development
10915,development
10916,development
10917,development
10918,holdout
10919,development
10920,development
10921,holdout
10922,development
10923,holdout
10924,holdout
10925,holdout
10926,development
10927,development
10928,holdout
10929,development
10930,holdout
10931,holdout
10932,development
10933,development
10934,holdout
10935,development
10936,development
10937,holdout
10938,holdout
10939,development
10940,development
10941,holdout
10942,development
10943,development
10944,development
10945,development
10946,development
10947,development
10948,development
10949,development
10950,holdout
10951,development
10952,development
10953,development
10954,development
10955,holdout
10956,development
10957,holdout
10958,development
10959,development
10960,development
10961,development
10962,development
10963,development
10964,holdout
10965,development
10966,development
10967,development
10968,development
10969,holdout
10970,holdout
10971,development
10972,development
10973,development
10974,development
10975,development
10976,development
10977,development
10978,development
10979,development
10980,development
10981,development
10982,development
10983,holdout
10984,development
10985,development
10986,development
10987,development
10988,holdout
10989,development
10990,development
10991,development
10992,holdout
10993,development
10994,development
10995,development
10996,development
10997,development
10998,development
10999,development
11000,development
11001,holdout
11002,development
11003,development
11004,holdout
11005,holdout
11006,development
11007,development
11008,holdout
11009,development
11010,development
11011,development
11012,holdout
11013,development
11014,holdout
11015,development
11016,holdout
11017,development
11018,development
11019,development
11020,development
11021,development
11022,development
11023,development
11024,development
11025,development
11026,development
11027,holdout
11028,development
11029,development
11030,holdout
11031,holdout
11032,holdout
11033,holdout
11034,development
11035,holdout
11036,development
11037,holdout
11038,development
11039,holdout
11040,development
11041,holdout
11042,development
11043,development
11044,development
11045,development
11046,holdout
11047,development
11048,development
11049,development
11050,development
11051,development
11052,development
11053,development
11054,development
11055,development
11056,holdout
11057,holdout
11058,development
11059,development
11060,development
11061,holdout
11062,development
11063,development
11064,development
11065,development
11066,development
11067,holdout
11068,development
11069,holdout
11070,holdout
11071,development
11072,holdout
11073,holdout
11074,development
11075,development
11076,development
11077,holdout
11078,development
11079,development
11080,development
11081,holdout
11082,development
11083,development
11084,holdout
11085,development
11086,development
11087,development
11088,development
11089,holdout
11090,development
11091,development
11092,holdout
11093,development
11094,holdout
11095,development
11096,development
11097,development
11098,holdout
11099,development
11100,holdout
11101,development
11102,development
11103,holdout
11104,development
11105,holdout
11106,holdout
11107,development
11108,development
11109,development
11110,development
11111,development
11112,development
11113,holdout
11114,development
11115,development
11116,development
11117,development
11118,holdout
11119,development
11120,holdout
11121,development
11122,development
11123,development
11124,development
11125,development
11126,development
11127,holdout
11128,development
11129,development
11130,development
11131,development
11132,development
11133,development
11134,development
11135,development
11136,development
11137,development
11138,development
11139,development
11140,holdout
11141,development
11142,development
11143,holdout
11144,development
11145,development
11146,development
11147,holdout
11148,development
11149,development
11150,holdout
11151,holdout
11152,development
11153,development
11154,holdout
11155,development
11156,development
11157,development
11158,development
11159,development
11160,development
11161,holdout
11162,development
11163,development
11164,development
11165,holdout
11166,development
11167,development
11168,holdout
11169,development
11170,development
11171,development
11172,development
11173,holdout
11174,development
11175,development
11176,development
11177,development
11178,holdout
11179,development
11180,development
11181,development
11182,development
11183,development
11184,development
11185,development
11186,development
11187,development
11188,development
11189,holdout
11190,development
11191,development
11192,development
11193,development
11194,development
11195,holdout
11196,holdout
11197,holdout
11198,holdout
11199,development
11200,development
11201,holdout
11202,holdout
11203,development
11204,development
11205,development
11206,development
11207,development
11208,development
11209,holdout
11210,holdout
11211,development
11212,development
11213,development
11214,development
11215,development
11216,development
11217,development
11218,development
11219,development
11220,development
11221,development
11222,development
11223,holdout
11224,development
11225,holdout
11226,development
11227,development
11228,holdout
11229,holdout
11230,holdout
11231,development
11232,development
11233,holdout
11234,holdout
11235,development
11236,development
11237,holdout
11238,holdout
11239,development
11240,development
11241,holdout
11242,development
11243,development
11244,holdout
11245,holdout
11246,development
11247,development
11248,development
11249,holdout
11250,development
11251,development
11252,development
11253,holdout
11254,development
11255,development
11256,development
11257,development
11258,holdout
11259,development
11260,development
11261,development
11262,development
11263,holdout
11264,holdout
11265,development
11266,holdout
11267,development
11268,development
11269,development
11270,development
11271,development
11272,development
11273,development
11274,development
11275,development
11276,development
11277,development
11278,holdout
11279,development
11280,development
11281,development
11282,development
11283,development
11284,holdout
11285,holdout
11286,development
11287,holdout
11288,development
11289,development
11290,holdout
11291,development
11292,holdout
11293,development
11294,development
11295,holdout
11296,development
11297,development
11298,development
11299,development
11300,development
11301,development
11302,development
11303,development
11304,development
11305,development
11306,development
11307,development
11308,holdout
11309,development
11310,development
11311,development
11312,development
11313,holdout
11314,development
11315,development
11316,development
11317,holdout
11318,development
11319,development
11320,development
11321,holdout
11322,development
11323,development
11324,development
11325,development
11326,development
11327,development
11328,holdout
11329,development
11330,holdout
11331,holdout
11332,development
11333,development
11334,development
11335,holdout
11336,holdout
11337,development
11338,development
11339,development
11340,holdout
11341,development
11342,holdout
11343,development
11344,holdout
11345,development
11346,holdout
11347,development
11348,development
11349,development
11350,development
11351,development
11352,development
11353,development
11354,holdout
11355,holdout
11356,holdout
11357,development
11358,development
11359,development
11360,development
11361,development
11362,holdout
11363,holdout
11364,development
11365,holdout
11366,development
11367,development
11368,development
11369,holdout
11370,development
11371,development
11372,development
11373,holdout
11374,development
11375,development
11376,development
11377,development
11378,development
11379,development
11380,development
11381,holdout
11382,development
11383,development
11384,development
11385,development
11386,development
11387,development
11388,development
11389,development
11390,development
11391,holdout
11392,development
11393,holdout
11394,development
11395,development
11396,development
11397,development
11398,development
11399,holdout
11400,development
11401,development
11402,development
11403,holdout
11404,development
11405,holdout
11406,holdout
11407,development
11408,holdout
11409,development
11410,holdout
11411,holdout
11412,development
11413,development
11414,development
11415,development
11416,development
11417,development
11418,development
11419,development
11420,holdout
11421,holdout
11422,holdout
11423,holdout
11424,development
11425,development
11426,holdout
11427,development
11428,holdout
11429,development
11430,holdout
11431,development
11432,development
11433,development
11434,development
11435,holdout
11436,holdout
11437,development
11438,development
11439,development
11440,development
11441,development
11442,development
11443,development
11444,holdout
11445,development
11446,development
11447,development
11448,development
11449,holdout
11450,development
11451,development
11452,development
11453,development
11454,development
11455,development
11456,development
11457,development
11458,development
11459,development
11460,development
11461,development
11462,development
11463,development
11464,development
11465,development
11466,development
11467,development
11468,development
11469,holdout
11470,development
11471,development
11472,holdout
11473,development
11474,development
11475,development
11476,development
11477,development
11478,development
11479,holdout
11480,development
11481,development
11482,development
11483,holdout
11484,development
11485,development
11486,development
11487,development
11488,development
11489,development
11490,holdout
11491,development
11492,development
11493,development
11494,holdout
11495,holdout
11496,development
11497,development
11498,development
11499,development
11500,development
11501,development
11502,holdout
11503,development
11504,development
11505,development
11506,development
11507,development
11508,development
11509,development
11510,development
11511,development
11512,development
11513,development
11514,holdout
11515,holdout
11516,development
11517,holdout
11518,holdout
11519,development
11520,development
11521,holdout
11522,development
11523,development
11524,development
11525,holdout
11526,development
11527,holdout
11528,development
11529,development
11530,development
11531,development
11532,development
11533,development
11534,development
11535,development
11536,development
11537,development
11538,holdout
11539,development
11540,holdout
11541,holdout
11542,holdout
11543,development
11544,development
11545,development
11546,development
11547,holdout
11548,development
11549,development
11550,development
11551,development
11552,development
11553,development
11554,development
11555,development
11556,development
11557,holdout
11558,development
11559,development
11560,development
11561,development
11562,development
11563,development
11564,holdout
11565,development
11566,development
11567,development
11568,holdout
11569,development
11570,development
11571,holdout
11572,development
11573,development
11574,holdout
11575,development
11576,development
11577,development
11578,development
11579,development
11580,holdout
11581,holdout
11582,development
11583,development
11584,development
11585,development
11586,development
11587,development
11588,development
11589,development
11590,development
11591,holdout
11592,development
11593,development
11594,holdout
11595,holdout
11596,development
11597,development
11598,development
11599,development
11600,development
11601,development
11602,development
11603,development
11604,holdout
11605,holdout
11606,holdout
11607,development
11608,development
11609,development
11610,holdout
11611,development
11612,development
11613,development
11614,development
11615,development
11616,development
11617,development
11618,development
11619,development
11620,development
11621,holdout
11622,holdout
11623,development
11624,holdout
11625,holdout
11626,holdout
11627,holdout
11628,holdout
11629,development
11630,holdout
11631,development
11632,holdout
11633,holdout
11634,development
11635,development
11636,holdout
11637,holdout
11638,development
11639,holdout
11640,development
11641,holdout
11642,development
11643,development
11644,holdout
11645,development
11646,development
11647,development
11648,holdout
11649,development
11650,development
11651,development
11652,development
11653,development
11654,development
11655,holdout
11656,development
11657,development
11658,holdout
11659,holdout
11660,development
11661,development
11662,development
11663,development
11664,development
11665,development
11666,development
11667,development
11668,holdout
11669,development
11670,development
11671,development
11672,development
11673,development
11674,holdout
11675,development
11676,development
11677,development
11678,development
11679,development
11680,development
11681,development
11682,development
11683,development
11684,development
11685,development
11686,development
11687,development
11688,development
11689,development
11690,development
11691,development
11692,development
11693,holdout
11694,holdout
11695,development
11696,holdout
11697,holdout
11698,development
11699,holdout
11700,development
11701,development
11702,development
11703,development
11704,development
11705,development
11706,development
11707,holdout
11708,development
11709,holdout
11710,holdout
11711,holdout
11712,development
11713,holdout
11714,development
11715,development
11716,development
11717,holdout
11718,development
11719,development
11720,development
11721,holdout
11722,holdout
11723,development
11724,development
11725,development
11726,development
11727,development
11728,development
11729,holdout
11730,holdout
11731,development
11732,development
11733,development
11734,development
11735,development
11736,development
11737,development
11738,development
11739,development
11740,holdout
11741,development
11742,development
11743,holdout
11744,holdout
11745,holdout
11746,holdout
11747,holdout
11748,holdout
11749,holdout
11750,development
11751,holdout
11752,holdout
11753,development
11754,development
11755,holdout
11756,development
11757,holdout
11758,development
11759,holdout
11760,development
11761,development
11762,holdout
11763,holdout
11764,development
11765,holdout
11766,development
11767,development
11768,development
11769,development
11770,development
11771,holdout
11772,development
11773,development
11774,holdout
11775,holdout
11776,development
11777,holdout
11778,holdout
11779,holdout
11780,holdout
11781,holdout
11782,holdout
11783,development
11784,development
11785,development
11786,development
11787,holdout
11788,development
11789,development
11790,development
11791,development
11792,development
11793,development
11794,development
11795,holdout
11796,development
11797,development
11798,development
11799,development
11800,holdout
11801,development
11802,development
11803,development
11804,development
11805,development
11806,development
11807,development
11808,holdout
11809,development
11810,development
11811,development
11812,holdout
11813,development
11814,development
11815,development
11816,development
11817,holdout
11818,development
11819,development
11820,development
11821,development
11822,development
11823,development
11824,development
11825,holdout
11826,development
11827,holdout
11828,development
11829,holdout
11830,holdout
11831,holdout
11832,holdout
11833,development
11834,development
11835,development
11836,development
11837,development
11838,holdout
11839,development
11840,holdout
11841,development
11842,development
11843,holdout
11844,development
11845,development
11846,development
11847,development
11848,holdout
11849,development
11850,holdout
11851,holdout
11852,holdout
11853,development
11854,holdout
11855,development
11856,development
11857,development
11858,development
11859,development
11860,holdout
11861,development
11862,development
11863,development
11864,development
11865,development
11866,development
11867,development
11868,development
11869,holdout
11870,holdout
11871,holdout
11872,development
11873,development
11874,holdout
11875,development
11876,development
11877,development
11878,holdout
11879,holdout
11880,holdout
11881,development
11882,holdout
11883,holdout
11884,holdout
11885,development
11886,development
11887,development
11888,holdout
11889,development
11890,development
11891,development
11892,development
11893,development
11894,development
11895,holdout
11896,development
11897,development
11898,holdout
11899,development
11900,development
11901,holdout
11902,holdout
11903,development
11904,holdout
11905,development
11906,development
11907,development
11908,holdout
11909,development
11910,development
11911,development
11912,holdout
11913,development
11914,development
11915,development
11916,development
11917,development
11918,development
11919,development
11920,holdout
11921,development
11922,development
11923,development
11924,development
11925,development
11926,development
11927,development
11928,holdout
11929,development
11930,development
11931,holdout
11932,development
11933,development
11934,development
11935,development
11936,development
11937,holdout
11938,holdout
11939,development
11940,development
11941,holdout
11942,development
11943,development
11944,development
11945,holdout
11946,development
11947,development
11948,holdout
11949,development
11950,development
11951,development
11952,development
11953,development
11954,development
11955,development
11956,development
11957,holdout
11958,holdout
11959,development
11960,development
11961,development
11962,development
11963,holdout
11964,development
11965,development
11966,development
11967,development
11968,development
11969,development
11970,development
11971,holdout
11972,development
11973,holdout
11974,holdout
11975,development
11976,holdout
11977,development
11978,development
11979,development
11980,holdout
11981,development
11982,development
11983,development
11984,development
11985,holdout
11986,development
11987,holdout
11988,holdout
11989,development
11990,development
11991,development
11992,development
11993,development
11994,development
11995,holdout
11996,development
11997,development
11998,development
11999,holdout
12000,development
12001,development
12002,development
12003,holdout
12004,development
12005,development
12006,holdout
12007,development
12008,development
12009,development
12010,holdout
12011,development
12012,holdout
12013,development
12014,development
12015,development
12016,development
12017,development
12018,holdout
12019,development
12020,development
12021,holdout
12022,development
12023,development
12024,holdout
12025,development
12026,development
12027,development
12028,development
12029,holdout
12030,holdout
12031,development
12032,holdout
12033,development
12034,holdout
12035,development
12036,development
12037,development
12038,development
12039,development
12040,development
12041,holdout
12042,development
12043,holdout
12044,development
12045,development
12046,development
12047,holdout
12048,development
12049,holdout
12050,development
12051,development
12052,holdout
12053,development
12054,holdout
12055,holdout
12056,development
12057,development
12058,holdout
12059,holdout
12060,development
12061,holdout
12062,development
12063,development
12064,development
12065,development
12066,development
12067,holdout
12068,development
12069,development
12070,development
12071,development
12072,development
12073,development
12074,holdout
12075,development
12076,development
12077,development
12078,holdout
12079,development
12080,holdout
12081,development
12082,development
12083,development
12084,development
12085,development
12086,development
12087,holdout
12088,holdout
12089,development
12090,development
12091,holdout
12092,development
12093,development
12094,holdout
12095,development
12096,development
12097,development
12098,development
12099,holdout
12100,development
12101,development
12102,holdout
12103,development
12104,holdout
12105,holdout
12106,development
12107,development
12108,development
12109,development
12110,development
12111,development
12112,development
12113,development
12114,development
12115,holdout
12116,development
12117,development
12118,development
12119,development
12120,development
12121,holdout
12122,development
12123,development
12124,development
12125,development
12126,development
12127,development
12128,development
12129,development
12130,development
12131,development
12132,development
12133,development
12134,development
12135,development
12136,holdout
12137,development
12138,development
12139,holdout
12140,development
12141,development
12142,development
12143,development
12144,development
12145,development
12146,development
12147,development
12148,development
12149,development
12150,development
12151,holdout
12152,development
12153,development
12154,development
12155,holdout
12156,development
12157,development
12158,holdout
12159,development
12160,development
12161,holdout
12162,development
12163,development
12164,holdout
12165,holdout
12166,development
12167,holdout
12168,development
12169,development
12170,holdout
12171,development
12172,development
12173,holdout
12174,development
12175,development
12176,development
12177,holdout
12178,development
12179,development
12180,development
12181,development
12182,development
12183,development
12184,holdout
12185,holdout
12186,holdout
12187,holdout
12188,development
12189,development
12190,development
12191,development
12192,holdout
12193,development
12194,holdout
12195,development
12196,development
12197,development
12198,development
12199,holdout
12200,holdout
12201,holdout
12202,development
12203,development
12204,development
12205,development
12206,development
12207,development
12208,holdout
12209,development
12210,development
12211,development
12212,holdout
12213,development
12214,holdout
12215,development
12216,holdout
12217,development
12218,holdout
12219,development
12220,development
12221,development
12222,development
12223,holdout
12224,development
12225,development
12226,development
12227,holdout
12228,development
12229,development
12230,development
12231,holdout
12232,development
12233,development
12234,development
12235,holdout
12236,development
12237,holdout
12238,development
12239,holdout
12240,holdout
12241,development
12242,holdout
12243,holdout
12244,holdout
12245,holdout
12246,development
12247,holdout
12248,development
12249,holdout
12250,development
12251,development
12252,holdout
12253,development
12254,development
12255,development
12256,development
12257,development
12258,development
12259,holdout
12260,holdout
12261,development
12262,development
12263,development
12264,development
12265,development
12266,holdout
12267,holdout
12268,holdout
12269,holdout
12270,development
12271,holdout
12272,development
12273,holdout
12274,holdout
12275,holdout
12276,development
12277,development
12278,development
12279,development
12280,holdout
12281,development
12282,development
12283,development
12284,development
12285,development
12286,holdout
12287,development
12288,development
12289,holdout
12290,development
12291,development
12292,development
12293,development
12294,holdout
12295,development
12296,holdout
12297,development
12298,development
12299,development
12300,development
12301,development
12302,development
12303,holdout
12304,holdout
12305,holdout
12306,development
12307,development
12308,development
12309,holdout
12310,development
12311,development
12312,holdout
12313,development
12314,development
12315,holdout
12316,holdout
12317,development
12318,development
12319,development
12320,development
12321,development
12322,development
12323,development
12324,development
12325,development
12326,development
12327,development
12328,development
12329,development
12330,holdout
12331,holdout
12332,development
12333,development
12334,development
12335,development
12336,development
12337,holdout
12338,development
12339,development
12340,holdout
12341,holdout
12342,development
12343,holdout
12344,development
12345,holdout
12346,development
12347,development
12348,development
12349,holdout
12350,development
12351,holdout
12352,holdout
12353,development
12354,development
12355,holdout
12356,holdout
12357,holdout
12358,development
12359,development
12360,development
12361,development
12362,development
12363,development
12364,development
12365,development
12366,holdout
12367,development
12368,development
12369,development
12370,development
12371,development
12372,holdout
12373,development
12374,development
12375,holdout
12376,development
12377,development
12378,development
12379,development
12380,holdout
12381,holdout
12382,development
12383,development
12384,development
12385,development
12386,development
12387,development
12388,development
12389,development
12390,development
12391,development
12392,development
12393,development
12394,development
12395,development
12396,development
12397,development
12398,development
12399,development
12400,development
12401,development
12402,development
12403,development
12404,development
12405,development
12406,development
12407,development
12408,development
12409,development
12410,development
12411,development
12412,development
12413,development
12414,development
12415,development
12416,development
12417,development
12418,development
12419,holdout
12420,development
12421,development
12422,development
12423,development
12424,development
12425,development
12426,development
12427,holdout
12428,development
12429,development
12430,holdout
12431,development
12432,development
12433,development
12434,development
12435,development
12436,holdout
12437,development
12438,holdout
12439,development
12440,development
12441,development
12442,holdout
12443,development
12444,holdout
12445,holdout
12446,development
12447,development
12448,development
12449,holdout
12450,development
12451,development
12452,development
12453,development
12454,holdout
12455,development
12456,development
12457,holdout
12458,development
12459,development
12460,holdout
12461,holdout
12462,development
12463,development
12464,development
12465,development
12466,development
12467,development
12468,holdout
12469,development
12470,development
12471,development
12472,holdout
12473,development
12474,development
12475,development
12476,development
12477,development
12478,development
12479,development
12480,development
12481,holdout
12482,holdout
12483,development
12484,development
12485,holdout
12486,development
12487,development
12488,holdout
12489,development
12490,development
12491,holdout
12492,holdout
12493,development
12494,development
12495,development
12496,development
12497,holdout
12498,development
12499,development
12500,development
12501,holdout
12502,holdout
12503,development
12504,development
12505,development
12506,development
12507,development
12508,development
12509,development
12510,development
12511,development
12512,development
12513,holdout
12514,development
12515,holdout
12516,development
12517,development
12518,holdout
12519,holdout
12520,development
12521,development
12522,holdout
12523,development
12524,development
12525,development
12526,development
12527,development
12528,development
12529,development
12530,development
12531,development
12532,development
12533,holdout
12534,development
12535,development
12536,development
12537,holdout
12538,development
12539,development
12540,development
12541,development
12542,development
12543,holdout
12544,development
12545,development
12546,development
12547,holdout
12548,development
12549,development
12550,development
12551,holdout
12552,development
12553,development
12554,development
12555,holdout
12556,holdout
12557,development
12558,development
12559,development
12560,holdout
12561,development
12562,development
12563,development
12564,development
12565,development
12566,development
12567,development
12568,development
12569,holdout
12570,development
12571,development
12572,holdout
12573,development
12574,development
12575,development
12576,development
12577,holdout
12578,development
12579,holdout
12580,holdout
12581,holdout
12582,holdout
12583,development
12584,holdout
12585,holdout
12586,development
12587,holdout
12588,development
12589,development
12590,development
12591,holdout
12592,development
12593,development
12594,development
12595,development
12596,development
12597,holdout
12598,holdout
12599,development
12600,holdout
12601,development
12602,development
12603,development
12604,holdout
12605,holdout
12606,development
12607,development
12608,development
12609,holdout
12610,holdout
12611,holdout
12612,development
12613,development
12614,development
12615,development
12616,holdout
12617,holdout
12618,holdout
12619,development
12620,development
12621,holdout
12622,development
12623,development
12624,development
12625,development
12626,development
12627,development
12628,holdout
12629,holdout
12630,holdout
12631,development
12632,development
12633,development
12634,development
12635,development
12636,development
12637,development
12638,development
12639,development
12640,development
12641,development
12642,development
12643,holdout
12644,development
12645,development
12646,development
12647,development
12648,holdout
12649,holdout
12650,development
12651,development
12652,development
12653,development
12654,development
12655,holdout
12656,development
12657,holdout
12658,development
12659,development
12660,holdout
12661,development
12662,development
12663,development
12664,holdout
12665,development
12666,development
12667,development
12668,holdout
12669,holdout
12670,development
12671,development
12672,development
12673,holdout
12674,development
12675,development
12676,development
12677,development
12678,development
12679,development
12680,development
12681,development
12682,holdout
12683,development
12684,development
12685,development
12686,development
12687,holdout
12688,development
12689,development
12690,development
12691,development
12692,development
12693,development
12694,holdout
12695,development
12696,development
12697,development
12698,development
12699,development
12700,development
12701,development
12702,development
12703,development
12704,development
12705,holdout
12706,development
12707,holdout
12708,development
12709,development
12710,development
12711,holdout
12712,holdout
12713,holdout
12714,holdout
12715,development
12716,development
12717,development
12718,development
12719,development
12720,development
12721,holdout
12722,holdout
12723,holdout
12724,development
12725,development
12726,development
12727,development
12728,holdout
12729,development
12730,holdout
12731,development
12732,development
12733,development
12734,holdout
12735,development
12736,development
12737,holdout
12738,holdout
12739,development
12740,development
12741,holdout
12742,development
12743,development
12744,development
12745,development
12746,development
12747,development
12748,development
12749,development
12750,holdout
12751,holdout
12752,development
12753,holdout
12754,development
12755,development
12756,development
12757,development
12758,development
12759,development
12760,development
12761,development
12762,holdout
12763,development
12764,development
12765,development
12766,holdout
12767,holdout
12768,development
12769,development
12770,development
12771,development
12772,holdout
12773,development
12774,development
12775,development
12776,holdout
12777,holdout
12778,holdout
12779,development
12780,holdout
12781,development
12782,development
12783,holdout
12784,holdout
12785,holdout
12786,holdout
12787,development
12788,development
12789,development
12790,development
12791,development
12792,holdout
12793,development
12794,holdout
12795,development
12796,development
12797,development
12798,development
12799,development
12800,development
12801,development
12802,holdout
12803,development
12804,development
12805,development
12806,development
12807,development
12808,development
12809,development
12810,development
12811,development
12812,development
12813,development
12814,development
12815,development
12816,holdout
12817,holdout
12818,holdout
12819,development
12820,development
12821,holdout
12822,development
12823,development
12824,development
12825,development
12826,holdout
12827,development
12828,holdout
12829,development
12830,development
12831,development
12832,development
12833,development
12834,holdout
12835,development
12836,development
12837,development
12838,holdout
12839,holdout
12840,development
12841,development
12842,holdout
12843,holdout
12844,development
12845,holdout
12846,development
12847,development
12848,development
12849,development
12850,development
12851,development
12852,development
12853,development
12854,development
12855,development
12856,development
12857,holdout
12858,development
12859,development
12860,development
12861,development
12862,development
12863,development
12864,development
12865,development
12866,development
12867,development
12868,development
12869,development
12870,development
12871,holdout
12872,development
12873,development
12874,development
12875,holdout
12876,development
12877,development
12878,development
12879,development
12880,development
12881,development
12882,holdout
12883,development
12884,development
12885,development
12886,development
12887,development
12888,development
12889,development
12890,holdout
12891,development
12892,holdout
12893,development
12894,holdout
12895,holdout
12896,development
12897,development
12898,holdout
12899,development
12900,holdout
12901,development
12902,development
12903,development
12904,development
12905,development
12906,development
12907,development
12908,development
12909,holdout
12910,development
12911,development
12912,holdout
12913,holdout
12914,holdout
12915,development
12916,development
12917,development
12918,development
12919,holdout
12920,development
12921,development
12922,development
12923,development
12924,holdout
12925,holdout
12926,holdout
12927,development
12928,development
12929,development
12930,holdout
12931,development
12932,holdout
12933,development
12934,holdout
12935,development
12936,development
12937,development
12938,development
12939,development
12940,development
12941,holdout
12942,holdout
12943,development
12944,development
12945,holdout
12946,development
12947,development
12948,development
12949,development
12950,development
12951,development
12952,holdout
12953,development
12954,development
12955,development
12956,holdout
12957,development
12958,holdout
12959,holdout
12960,development
12961,holdout
12962,development
12963,development
12964,development
12965,holdout
12966,development
12967,holdout
12968,holdout
12969,development
12970,development
12971,holdout
12972,development
12973,development
12974,development
12975,development
12976,development
12977,development
12978,holdout
12979,development
12980,holdout
12981,development
12982,development
12983,holdout
12984,holdout
12985,development
12986,holdout
12987,development
12988,development
12989,development
12990,development
12991,development
12992,development
12993,development
12994,development
12995,development
12996,holdout
12997,development
12998,development
12999,development
13000,development
13001,development
13002,holdout
13003,development
13004,development
13005,development
13006,development
13007,development
13008,holdout
13009,holdout
13010,development
13011,development
13012,development
13013,holdout
13014,holdout
13015,development
13016,development
13017,development
13018,development
13019,development
13020,development
13021,development
13022,development
13023,holdout
13024,development
13025,holdout
13026,development
13027,development
13028,development
13029,development
13030,development
13031,holdout
13032,development
13033,development
13034,holdout
13035,development
13036,development
13037,holdout
13038,development
13039,development
13040,development
13041,development
13042,holdout
13043,holdout
13044,development
13045,holdout
13046,development
13047,holdout
13048,holdout
13049,development
13050,development
13051,holdout
13052,development
13053,development
13054,development
13055,holdout
13056,holdout
13057,development
13058,development
13059,development
13060,holdout
13061,holdout
13062,development
13063,development
13064,holdout
13065,development
13066,development
13067,holdout
13068,development
13069,development
13070,development
13071,development
13072,development
13073,development
13074,development
13075,holdout
13076,development
13077,holdout
13078,development
13079,development
13080,development
13081,development
13082,holdout
13083,development
13084,holdout
13085,development
13086,development
13087,development
13088,development
13089,holdout
13090,holdout
13091,development
13092,development
13093,development
13094,development
13095,development
13096,development
13097,development
13098,holdout
13099,development
13100,development
13101,development
13102,holdout
13103,development
13104,holdout
13105,development
13106,holdout
13107,development
13108,development
13109,holdout
13110,development
13111,holdout
13112,development
13113,holdout
13114,development
13115,development
13116,development
13117,holdout
13118,development
13119,development
13120,development
13121,holdout
13122,development
13123,holdout
13124,development
13125,development
13126,holdout
13127,holdout
13128,holdout
13129,development
13130,development
13131,holdout
13132,development
13133,development
13134,development
13135,holdout
13136,development
13137,holdout
13138,holdout
13139,development
13140,development
13141,holdout
13142,development
13143,development
13144,holdout
13145,development
13146,holdout
13147,development
13148,development
13149,development
13150,holdout
13151,development
13152,holdout
13153,development
13154,holdout
13155,development
13156,holdout
13157,holdout
13158,holdout
13159,development
13160,development
13161,holdout
13162,development
13163,development
13164,holdout
13165,development
13166,development
13167,development
13168,development
13169,holdout
13170,development
13171,development
13172,development
13173,development
13174,holdout
13175,development
13176,holdout
13177,development
13178,development
13179,development
13180,holdout
13181,holdout
13182,development
13183,development
13184,development
13185,development
13186,holdout
13187,development
13188,development
13189,holdout
13190,development
13191,development
13192,development
13193,development
13194,development
13195,holdout
13196,holdout
13197,development
13198,holdout
13199,development
13200,holdout
13201,development
13202,development
13203,holdout
13204,development
13205,development
13206,development
13207,development
13208,development
13209,development
13210,holdout
13211,development
13212,development
13213,development
13214,holdout
13215,development
13216,development
13217,holdout
13218,development
13219,development
13220,development
13221,development
13222,holdout
13223,development
13224,development
13225,holdout
13226,holdout
13227,development
13228,holdout
13229,development
13230,holdout
13231,holdout
13232,development
13233,development
13234,development
13235,holdout
13236,holdout
13237,development
13238,development
13239,holdout
13240,development
13241,holdout
13242,development
13243,development
13244,holdout
13245,holdout
13246,development
13247,development
13248,holdout
13249,development
13250,holdout
13251,holdout
13252,development
13253,development
13254,development
13255,development
13256,holdout
13257,development
13258,development
13259,development
13260,development
13261,development
13262,development
13263,development
13264,development
13265,development
13266,development
13267,holdout
13268,development
13269,development
13270,development
13271,development
13272,development
13273,development
13274,development
13275,development
13276,development
13277,holdout
13278,holdout
13279,holdout
13280,development
13281,development
13282,development
13283,holdout
13284,holdout
13285,development
13286,development
13287,development
13288,holdout
13289,development
13290,development
13291,development
13292,development
13293,holdout
13294,development
13295,development
13296,holdout
13297,development
13298,development
13299,holdout
13300,development
13301,development
13302,development
13303,development
13304,development
13305,development
13306,development
13307,holdout
13308,holdout
13309,development
13310,holdout
13311,holdout
13312,development
13313,development
13314,development
13315,holdout
13316,development
13317,holdout
13318,development
13319,development
13320,development
13321,development
13322,development
13323,development
13324,development
13325,development
13326,development
13327,development
13328,development
13329,development
13330,development
13331,holdout
13332,development
13333,development
13334,development
13335,holdout
13336,development
13337,development
13338,development
13339,development
13340,development
13341,development
13342,development
13343,holdout
13344,development
13345,development
13346,development
13347,development
13348,development
13349,development
13350,holdout
13351,development
13352,development
13353,development
13354,development
13355,development
13356,holdout
13357,development
13358,holdout
13359,development
13360,development
13361,development
13362,development
13363,holdout
13364,holdout
13365,development
13366,development
13367,holdout
13368,development
13369,development
13370,holdout
13371,holdout
13372,holdout
13373,development
13374,holdout
13375,development
13376,development
13377,holdout
13378,holdout
13379,development
13380,holdout
13381,holdout
13382,development
13383,holdout
13384,development
13385,development
13386,development
13387,holdout
13388,holdout
13389,development
13390,development
13391,holdout
13392,development
13393,holdout
13394,development
13395,development
13396,development
13397,development
13398,development
13399,development
13400,development
13401,holdout
13402,holdout
13403,development
13404,development
13405,development
13406,development
13407,development
13408,development
13409,holdout
13410,development
13411,development
13412,development
13413,development
13414,holdout
13415,holdout
13416,development
13417,development
13418,development
13419,development
13420,development
13421,holdout
13422,development
13423,holdout
13424,development
13425,holdout
13426,holdout
13427,development
13428,development
13429,development
13430,holdout
13431,development
13432,development
13433,development
13434,development
13435,development
13436,development
13437,holdout
13438,holdout
13439,development
13440,development
13441,holdout
13442,development
13443,holdout
13444,development
13445,development
13446,development
13447,development
13448,holdout
13449,development
13450,development
13451,holdout
13452,development
13453,holdout
13454,development
13455,development
13456,development
13457,holdout
13458,development
13459,development
13460,holdout
13461,holdout
13462,holdout
13463,development
13464,development
13465,holdout
13466,development
13467,development
13468,development
13469,development
13470,development
13471,development
13472,development
13473,holdout
13474,development
13475,development
13476,development
13477,development
13478,development
13479,holdout
13480,holdout
13481,development
13482,development
13483,holdout
13484,development
13485,development
13486,development
13487,development
13488,development
13489,development
13490,development
13491,development
13492,development
13493,development
13494,development
13495,development
13496,development
13497,development
13498,development
13499,holdout
13500,development
13501,development
13502,development
13503,development
13504,development
13505,development
13506,holdout
13507,development
13508,holdout
13509,development
13510,holdout
13511,development
13512,development
13513,development
13514,development
13515,development
13516,holdout
13517,development
13518,development
13519,development
13520,development
13521,holdout
13522,development
13523,development
13524,development
13525,holdout
13526,development
13527,holdout
13528,holdout
13529,development
13530,development
13531,development
13532,development
13533,development
13534,holdout
13535,development
13536,development
13537,holdout
13538,holdout
13539,development
13540,holdout
13541,development
13542,development
13543,development
13544,development
13545,holdout
13546,development
13547,development
13548,development
13549,development
13550,development
13551,holdout
13552,development
13553,development
13554,development
13555,development
13556,development
13557,development
13558,development
13559,development
13560,development
13561,development
13562,holdout
13563,development
13564,development
13565,holdout
13566,holdout
13567,development
13568,holdout
13569,development
13570,development
13571,holdout
13572,development
13573,development
13574,development
13575,development
13576,holdout
13577,development
13578,development
13579,development
13580,development
13581,development
13582,development
13583,development
13584,development
13585,holdout
13586,development
13587,development
13588,holdout
13589,development
13590,development
13591,holdout
13592,holdout
13593,development
13594,development
13595,development
13596,development
13597,development
13598,holdout
13599,development
13600,development
13601,development
13602,development
13603,development
13604,development
13605,development
13606,holdout
13607,development
13608,development
13609,development
13610,development
13611,holdout
13612,development
13613,holdout
13614,development
13615,development
13616,holdout
13617,holdout
13618,development
13619,development
13620,holdout
13621,development
13622,development
13623,development
13624,holdout
13625,development
13626,development
13627,development
13628,development
13629,development
13630,development
13631,development
13632,development
13633,development
13634,development
13635,holdout
13636,holdout
13637,holdout
13638,holdout
13639,development
13640,development
13641,development
13642,development
13643,holdout
13644,development
13645,holdout
13646,development
13647,holdout
13648,development
13649,holdout
13650,development
13651,holdout
13652,development
13653,development
13654,development
13655,development
13656,holdout
13657,development
13658,holdout
13659,holdout
13660,development
13661,holdout
13662,development
13663,development
13664,development
13665,holdout
13666,development
13667,holdout
13668,development
13669,development
13670,development
13671,development
13672,development
13673,development
13674,development
13675,development
13676,development
13677,development
13678,development
13679,development
13680,development
13681,development
13682,development
13683,development
13684,holdout
13685,holdout
13686,development
13687,development
13688,holdout
13689,development
13690,holdout
13691,development
13692,development
13693,holdout
13694,holdout
13695,development
13696,holdout
13697,holdout
13698,development
13699,development
13700,development
13701,development
13702,development
13703,holdout
13704,development
13705,development
13706,holdout
13707,holdout
13708,holdout
13709,holdout
13710,holdout
13711,development
13712,holdout
13713,development
13714,holdout
13715,development
13716,development
13717,holdout
13718,development
13719,development
13720,development
13721,holdout
13722,development
13723,development
13724,development
13725,development
13726,development
13727,development
13728,holdout
13729,development
13730,holdout
13731,development
13732,development
13733,holdout
13734,holdout
13735,development
13736,holdout
13737,development
13738,development
13739,development
13740,development
13741,development
13742,development
13743,development
13744,development
13745,holdout
13746,holdout
13747,holdout
13748,development
13749,development
13750,development
13751,development
13752,development
13753,holdout
13754,development
13755,holdout
13756,holdout
13757,development
13758,development
13759,development
13760,development
13761,holdout
13762,holdout
13763,development
13764,development
13765,development
13766,development
13767,development
13768,development
13769,holdout
13770,development
13771,holdout
13772,holdout
13773,development
13774,development
13775,development
13776,development
13777,holdout
13778,development
13779,holdout
13780,development
13781,development
13782,development
13783,holdout
13784,holdout
13785,holdout
13786,development
13787,development
13788,development
13789,development
13790,development
13791,development
13792,development
13793,development
13794,holdout
13795,holdout
13796,development
13797,holdout
13798,holdout
13799,development
13800,development
13801,development
13802,holdout
13803,holdout
13804,development
13805,development
13806,holdout
13807,development
13808,development
13809,development
13810,development
13811,development
13812,development
13813,development
13814,development
13815,holdout
13816,holdout
13817,development
13818,development
13819,holdout
13820,development
13821,holdout
13822,development
13823,development
13824,development
13825,development
13826,holdout
13827,development
13828,development
13829,holdout
13830,holdout
13831,development
13832,holdout
13833,development
13834,development
13835,holdout
13836,development
13837,development
13838,holdout
13839,development
13840,holdout
13841,holdout
13842,development
13843,development
13844,development
13845,holdout
13846,development
13847,development
13848,holdout
13849,holdout
13850,development
13851,development
13852,development
13853,holdout
13854,holdout
13855,holdout
13856,development
13857,development
13858,development
13859,development
13860,holdout
13861,development
13862,development
13863,holdout
13864,development
13865,holdout
13866,development
13867,development
13868,development
13869,development
13870,development
13871,holdout
13872,development
13873,holdout
13874,development
13875,development
13876,development
13877,holdout
13878,holdout
13879,holdout
13880,holdout
13881,holdout
13882,development
13883,holdout
13884,development
13885,holdout
13886,holdout
13887,development
13888,holdout
13889,development
13890,development
13891,development
13892,development
13893,development
13894,holdout
13895,development
13896,development
13897,development
13898,development
13899,development
13900,holdout
13901,holdout
13902,development
13903,development
13904,holdout
13905,holdout
13906,development
13907,development
13908,development
13909,development
13910,development
13911,holdout
13912,development
13913,development
13914,development
13915,holdout
13916,holdout
13917,development
13918,development
13919,development
13920,development
13921,development
13922,development
13923,holdout
13924,development
13925,development
13926,development
13927,holdout
13928,development
13929,development
13930,holdout
13931,holdout
13932,development
13933,development
13934,development
13935,development
13936,holdout
13937,holdout
13938,holdout
13939,development
13940,holdout
13941,development
13942,holdout
13943,holdout
13944,holdout
13945,holdout
13946,holdout
13947,development
13948,development
13949,development
13950,holdout
13951,development
13952,development
13953,development
13954,development
13955,holdout
13956,holdout
13957,holdout
13958,holdout
13959,development
13960,development
13961,development
13962,development
13963,development
13964,development
13965,development
13966,development
13967,development
13968,development
13969,development
13970,development
13971,development
13972,development
13973,development
13974,development
13975,holdout
13976,holdout
13977,development
13978,holdout
13979,development
13980,holdout
13981,development
13982,development
13983,development
13984,holdout
13985,development
13986,development
13987,development
13988,development
13989,development
13990,holdout
13991,development
13992,holdout
13993,holdout
13994,holdout
13995,development
13996,holdout
13997,holdout
13998,development
13999,development
14000,holdout
14001,holdout
14002,holdout
14003,development
14004,holdout
14005,development
14006,development
14007,development
14008,development
14009,holdout
14010,development
14011,development
14012,development
14013,holdout
14014,development
14015,development
14016,development
14017,development
14018,development
14019,holdout
14020,development
14021,development
14022,holdout
14023,development
14024,development
14025,development
14026,holdout
14027,development
14028,holdout
14029,development
14030,holdout
14031,holdout
14032,development
14033,development
14034,holdout
14035,holdout
14036,development
14037,development
14038,development
14039,development
14040,development
14041,development
14042,holdout
14043,development
14044,development
14045,holdout
14046,development
14047,holdout
14048,holdout
14049,development
14050,development
14051,development
14052,holdout
14053,holdout
14054,development
14055,holdout
14056,development
14057,development
14058,development
14059,development
14060,development
14061,development
14062,holdout
14063,development
14064,holdout
14065,development
14066,development
14067,holdout
14068,development
14069,development
14070,development
14071,holdout
14072,holdout
14073,development
14074,holdout
14075,holdout
14076,development
14077,holdout
14078,development
14079,development
14080,holdout
14081,holdout
14082,holdout
14083,holdout
14084,development
14085,holdout
14086,development
14087,development
14088,development
14089,holdout
14090,development
14091,holdout
14092,holdout
14093,development
14094,development
14095,holdout
14096,development
14097,development
14098,development
14099,holdout
14100,development
14101,holdout
14102,development
14103,development
14104,development
14105,development
14106,development
14107,holdout
14108,development
14109,development
14110,development
14111,development
14112,holdout
14113,development
14114,development
14115,development
14116,development
14117,development
14118,development
14119,development
14120,development
14121,holdout
14122,development
14123,development
14124,development
14125,development
14126,holdout
14127,development
14128,development
14129,holdout
14130,development
14131,holdout
14132,development
14133,development
14134,holdout
14135,holdout
14136,development
14137,development
14138,development
14139,holdout
14140,development
14141,development
14142,development
14143,development
14144,development
14145,development
14146,holdout
14147,development
14148,holdout
14149,development
14150,holdout
14151,development
14152,development
14153,development
14154,development
14155,development
14156,development
14157,development
14158,development
14159,holdout
14160,holdout
14161,development
14162,holdout
14163,development
14164,holdout
14165,development
14166,holdout
14167,development
14168,development
14169,holdout
14170,holdout
14171,development
14172,development
14173,development
14174,development
14175,development
14176,development
14177,development
14178,development
14179,development
14180,development
14181,development
14182,development
14183,development
14184,development
14185,holdout
14186,development
14187,holdout
14188,holdout
14189,development
14190,development
14191,development
14192,development
14193,development
14194,development
14195,development
14196,development
14197,development
14198,holdout
14199,development
14200,development
14201,holdout
14202,development
14203,development
14204,holdout
14205,development
14206,development
14207,development
14208,development
14209,development
14210,holdout
14211,development
14212,holdout
14213,development
14214,development
14215,development
14216,development
14217,development
14218,development
14219,development
14220,development
14221,development
14222,holdout
14223,development
14224,development
14225,holdout
14226,development
14227,holdout
14228,holdout
14229,holdout
14230,holdout
14231,holdout
14232,development
14233,development
14234,development
14235,holdout
14236,development
14237,development
14238,development
14239,holdout
14240,holdout
14241,development
14242,holdout
14243,holdout
14244,development
14245,development
14246,development
14247,holdout
14248,holdout
14249,development
14250,development
14251,development
14252,development
14253,holdout
14254,development
14255,development
14256,holdout
14257,holdout
14258,development
14259,development
14260,development
14261,holdout
14262,development
14263,holdout
14264,development
14265,holdout
14266,development
14267,holdout
14268,development
14269,development
14270,holdout
14271,holdout
14272,holdout
14273,development
14274,development
14275,development
14276,development
14277,holdout
14278,holdout
14279,holdout
14280,development
14281,holdout
14282,holdout
14283,development
14284,development
14285,development
14286,development
14287,development
14288,development
14289,development
14290,development
14291,holdout
14292,development
14293,holdout
14294,development
14295,holdout
14296,development
14297,development
14298,development
14299,development
14300,development
14301,development
14302,development
14303,development
14304,development
14305,development
14306,holdout
14307,development
14308,development
14309,development
14310,development
14311,development
14312,development
14313,holdout
14314,holdout
14315,development
14316,development
14317,development
14318,development
14319,development
14320,development
14321,development
14322,holdout
14323,holdout
14324,development
14325,development
14326,holdout
14327,development
14328,holdout
14329,development
14330,development
14331,development
14332,development
14333,holdout
14334,development
14335,development
14336,development
14337,development
14338,development
14339,development
14340,development
14341,development
14342,development
14343,development
14344,holdout
14345,development
14346,development
14347,holdout
14348,development
14349,development
14350,development
14351,holdout
14352,development
14353,development
14354,development
14355,development
14356,development
14357,development
14358,development
14359,development
14360,holdout
14361,development
14362,development
14363,development
14364,development
14365,holdout
14366,holdout
14367,holdout
14368,development
14369,development
14370,development
14371,development
14372,development
14373,development
14374,holdout
14375,development
14376,holdout
14377,development
14378,development
14379,development
14380,development
14381,development
14382,development
14383,development
14384,development
14385,development
14386,development
14387,development
14388,development
14389,holdout
14390,development
14391,development
14392,development
14393,holdout
14394,holdout
14395,development
14396,development
14397,holdout
14398,holdout
14399,development
14400,holdout
14401,holdout
14402,development
14403,development
14404,development
14405,holdout
14406,holdout
14407,development
14408,development
14409,development
14410,development
14411,holdout
14412,development
14413,development
14414,development
14415,holdout
14416,development
14417,development
14418,development
14419,development
14420,development
14421,development
14422,holdout
14423,development
14424,development
14425,development
14426,holdout
14427,holdout
14428,development
14429,development
14430,holdout
14431,development
14432,development
14433,development
14434,development
14435,holdout
14436,holdout
14437,development
14438,development
14439,development
14440,development
14441,development
14442,holdout
14443,holdout
14444,development
14445,holdout
14446,development
14447,holdout
14448,development
14449,development
14450,development
14451,holdout
14452,development
14453,holdout
14454,development
14455,holdout
14456,development
14457,holdout
14458,holdout
14459,development
14460,development
14461,development
14462,holdout
14463,development
14464,development
14465,development
14466,holdout
14467,development
14468,development
14469,development
14470,holdout
14471,development
14472,holdout
14473,development
14474,holdout
14475,development
14476,development
14477,holdout
14478,development
14479,development
14480,development
14481,development
14482,development
14483,holdout
14484,holdout
14485,development
14486,development
14487,development
14488,holdout
14489,development
14490,development
14491,development
14492,holdout
14493,holdout
14494,holdout
14495,holdout
14496,development
14497,development
14498,development
14499,development
14500,holdout
14501,development
14502,holdout
14503,development
14504,holdout
14505,development
14506,holdout
14507,holdout
14508,development
14509,holdout
14510,holdout
14511,holdout
14512,holdout
14513,holdout
14514,development
14515,development
14516,holdout
14517,development
14518,development
14519,development
14520,holdout
14521,development
14522,holdout
14523,holdout
14524,development
14525,development
14526,development
14527,holdout
14528,holdout
14529,development
14530,development
14531,development
14532,holdout
14533,development
14534,development
14535,development
14536,holdout
14537,development
14538,development
14539,development
14540,holdout
14541,development
14542,development
14543,development
14544,development
14545,development
14546,development
14547,development
14548,holdout
14549,holdout
14550,development
14551,development
14552,holdout
14553,development
14554,holdout
14555,development
14556,development
14557,development
14558,development
14559,development
14560,development
14561,development
14562,development
14563,development
14564,development
14565,development
14566,holdout
14567,development
14568,development
14569,holdout
14570,development
14571,holdout
14572,development
14573,development
14574,development
14575,holdout
14576,development
14577,development
14578,development
14579,holdout
14580,development
14581,development
14582,development
14583,development
14584,holdout
14585,development
14586,development
14587,development
14588,development
14589,development
14590,development
14591,holdout
14592,holdout
14593,development
14594,development
14595,development
14596,development
14597,development
14598,development
14599,holdout
14600,holdout
14601,development
14602,development
14603,development
14604,development
14605,development
14606,development
14607,holdout
14608,holdout
14609,development
14610,development
14611,development
14612,development
14613,development
14614,development
14615,development
14616,holdout
14617,development
14618,holdout
14619,development
14620,holdout
14621,development
14622,development
14623,development
14624,holdout
14625,development
14626,development
14627,holdout
14628,holdout
14629,holdout
14630,development
14631,development
14632,development
14633,holdout
14634,holdout
14635,development
14636,development
14637,development
14638,holdout
14639,development
14640,development
14641,development
14642,holdout
14643,development
14644,holdout
14645,development
14646,holdout
14647,holdout
14648,development
14649,development
14650,development
14651,development
14652,development
14653,development
14654,development
14655,holdout
14656,development
14657,holdout
14658,holdout
14659,development
14660,development
14661,development
14662,holdout
14663,development
14664,development
14665,holdout
14666,development
14667,development
14668,development
14669,development
14670,development
14671,development
14672,development
14673,development
14674,development
14675,development
14676,development
14677,development
14678,development
14679,development
14680,holdout
14681,development
14682,development
14683,holdout
14684,development
14685,holdout
14686,development
14687,holdout
14688,development
14689,development
14690,development
14691,development
14692,development
14693,holdout
14694,holdout
14695,development
14696,development
14697,development
14698,holdout
14699,holdout
14700,development
14701,development
14702,holdout
14703,development
14704,holdout
14705,development
14706,holdout
14707,development
14708,development
14709,holdout
14710,development
14711,development
14712,development
14713,development
14714,development
14715,development
14716,development
14717,development
14718,development
14719,development
14720,development
14721,development
14722,development
14723,development
14724,development
14725,development
14726,development
14727,holdout
14728,holdout
14729,holdout
14730,holdout
14731,development
14732,development
14733,development
14734,development
14735,holdout
14736,holdout
14737,development
14738,development
14739,development
14740,development
14741,holdout
14742,holdout
14743,development
14744,holdout
14745,development
14746,development
14747,development
14748,development
14749,development
14750,holdout
14751,development
14752,development
14753,development
14754,development
14755,development
14756,holdout
14757,holdout
14758,development
14759,development
14760,development
14761,development
14762,development
14763,development
14764,development
14765,development
14766,development
14767,development
14768,development
14769,development
14770,holdout
14771,holdout
14772,development
14773,development
14774,development
14775,holdout
14776,development
14777,development
14778,development
14779,development
14780,development
14781,holdout
14782,holdout
14783,development
14784,development
14785,development
14786,development
14787,development
14788,development
14789,development
14790,development
14791,development
14792,development
14793,development
14794,development
14795,holdout
14796,holdout
14797,development
14798,holdout
14799,holdout
14800,holdout
14801,development
14802,holdout
14803,development
14804,development
14805,holdout
14806,development
14807,holdout
14808,development
14809,development
14810,development
14811,development
14812,holdout
14813,holdout
14814,development
14815,holdout
14816,development
14817,development
14818,development
14819,development
14820,development
14821,development
14822,development
14823,development
14824,development
14825,development
14826,holdout
14827,development
14828,holdout
14829,holdout
14830,development
14831,development
14832,holdout
14833,holdout
14834,holdout
14835,holdout
14836,holdout
14837,development
14838,development
14839,development
14840,development
14841,development
14842,development
14843,development
14844,holdout
14845,development
14846,development
14847,holdout
14848,holdout
14849,holdout
14850,development
14851,development
14852,development
14853,development
14854,holdout
14855,development
14856,development
14857,development
14858,development
14859,holdout
14860,development
14861,development
14862,development
14863,holdout
14864,development
14865,holdout
14866,holdout
14867,development
14868,development
14869,holdout
14870,development
14871,development
14872,development
14873,development
14874,holdout
14875,development
14876,development
14877,development
14878,development
14879,development
14880,development
14881,development
14882,holdout
14883,development
14884,development
14885,development
14886,holdout
14887,development
14888,development
14889,development
14890,development
14891,holdout
14892,development
14893,holdout
14894,development
14895,development
14896,development
14897,development
14898,holdout
14899,development
14900,development
14901,holdout
14902,development
14903,development
14904,development
14905,holdout
14906,development
14907,holdout
14908,development
14909,holdout
14910,development
14911,holdout
14912,development
14913,holdout
14914,holdout
14915,development
14916,development
14917,holdout
14918,development
14919,holdout
14920,holdout
14921,development
14922,development
14923,development
14924,development
14925,development
14926,holdout
14927,development
14928,development
14929,holdout
14930,holdout
14931,development
14932,holdout
14933,development
14934,development
14935,holdout
14936,holdout
14937,development
14938,holdout
14939,development
14940,holdout
14941,holdout
14942,development
14943,development
14944,development
14945,development
14946,development
14947,development
14948,development
14949,development
14950,development
14951,holdout
14952,development
14953,development
14954,development
14955,development
14956,development
14957,development
14958,development
14959,holdout
14960,holdout
14961,development
14962,development
14963,development
14964,development
14965,development
14966,development
14967,holdout
14968,holdout
14969,development
14970,development
14971,development
14972,development
14973,development
14974,development
14975,development
14976,holdout
14977,development
14978,development
14979,holdout
14980,holdout
14981,development
14982,holdout
14983,holdout
14984,development
14985,development
14986,holdout
14987,development
14988,development
14989,holdout
14990,development
14991,development
14992,development
14993,holdout
14994,development
14995,development
14996,development
14997,development
14998,holdout
14999,development
15000,development
15001,development
15002,development
15003,development
15004,development
15005,development
15006,holdout
15007,holdout
15008,holdout
15009,development
15010,holdout
15011,development
15012,holdout
15013,development
15014,holdout
15015,development
15016,development
15017,holdout
15018,holdout
15019,holdout
15020,development
15021,development
15022,development
15023,development
15024,development
15025,development
15026,development
15027,development
15028,development
15029,development
15030,development
15031,holdout
15032,development
15033,holdout
15034,development
15035,development
15036,holdout
15037,holdout
15038,development
15039,development
15040,holdout
15041,development
15042,holdout
15043,development
15044,development
15045,development
15046,development
15047,holdout
15048,development
15049,development
15050,holdout
15051,holdout
15052,holdout
15053,holdout
15054,development
15055,development
15056,holdout
15057,development
15058,holdout
15059,holdout
15060,development
15061,development
15062,development
15063,development
15064,holdout
15065,development
15066,development
15067,holdout
15068,development
15069,development
15070,development
15071,development
15072,development
15073,holdout
15074,development
15075,development
15076,development
15077,development
15078,holdout
15079,development
15080,development
15081,holdout
15082,development
15083,development
15084,development
15085,holdout
15086,holdout
15087,development
15088,development
15089,holdout
15090,development
15091,holdout
15092,holdout
15093,development
15094,development
15095,development
15096,development
15097,development
15098,holdout
15099,development
15100,development
15101,development
15102,development
15103,development
15104,development
15105,holdout
15106,holdout
15107,development
15108,holdout
15109,development
15110,holdout
15111,development
15112,development
15113,holdout
15114,development
15115,holdout
15116,development
15117,development
15118,holdout
15119,holdout
15120,development
15121,development
15122,development
15123,holdout
15124,development
15125,development
15126,development
15127,holdout
15128,development
15129,development
15130,development
15131,development
15132,holdout
15133,holdout
15134,holdout
15135,development
15136,development
15137,development
15138,development
15139,holdout
15140,development
15141,development
15142,development
15143,development
15144,development
15145,development
15146,development
15147,holdout
15148,development
15149,holdout
15150,development
15151,holdout
15152,development
15153,holdout
15154,development
15155,holdout
15156,holdout
15157,development
15158,development
15159,development
15160,development
15161,development
15162,holdout
15163,development
15164,holdout
15165,development
15166,development
15167,holdout
15168,development
15169,development
15170,holdout
15171,holdout
15172,development
15173,holdout
15174,development
15175,development
15176,development
15177,holdout
15178,holdout
15179,development
15180,holdout
15181,holdout
15182,development
15183,holdout
15184,holdout
15185,development
15186,development
15187,development
15188,development
15189,development
15190,holdout
15191,holdout
15192,development
15193,development
15194,development
15195,holdout
15196,holdout
15197,holdout
15198,development
15199,development
15200,holdout
15201,development
15202,development
15203,holdout
15204,development
15205,holdout
15206,development
15207,development
15208,development
15209,holdout
15210,holdout
15211,holdout
15212,holdout
15213,development
15214,development
15215,holdout
15216,development
15217,holdout
15218,development
15219,development
15220,development
15221,development
15222,development
15223,development
15224,holdout
15225,development
15226,development
15227,development
15228,development
15229,development
15230,development
15231,development
15232,development
15233,development
15234,holdout
15235,development
15236,development
15237,development
15238,development
15239,development
15240,development
15241,development
15242,development
15243,holdout
15244,holdout
15245,holdout
15246,development
15247,development
15248,development
15249,development
15250,development
15251,development
15252,development
15253,holdout
15254,development
15255,holdout
15256,development
15257,development
15258,holdout
15259,holdout
15260,development
15261,holdout
15262,holdout
15263,development
15264,development
15265,holdout
15266,development
15267,development
15268,development
15269,holdout
15270,holdout
15271,development
15272,holdout
15273,development
15274,development
15275,development
15276,development
15277,development
15278,holdout
15279,development
15280,development
15281,development
15282,development
15283,holdout
15284,holdout
15285,development
15286,development
15287,development
15288,development
15289,development
15290,holdout
15291,development
15292,development
15293,development
15294,holdout
15295,development
15296,holdout
15297,holdout
15298,development
15299,development
15300,holdout
15301,development
15302,development
15303,development
15304,holdout
15305,holdout
15306,development
15307,development
15308,holdout
15309,development
15310,development
15311,development
15312,development
15313,holdout
15314,holdout
15315,development
15316,holdout
15317,development
15318,development
15319,holdout
15320,holdout
15321,development
15322,holdout
15323,development
15324,development
15325,holdout
15326,development
15327,development
15328,holdout
15329,development
15330,development
15331,holdout
15332,development
15333,development
15334,development
15335,holdout
15336,holdout
15337,holdout
15338,development
15339,development
15340,holdout
15341,development
15342,development
15343,development
15344,holdout
15345,development
15346,development
15347,holdout
15348,development
15349,development
15350,holdout
15351,development
15352,development
15353,holdout
15354,development
15355,development
15356,development
15357,development
15358,development
15359,development
15360,holdout
15361,holdout
15362,holdout
15363,holdout
15364,development
15365,development
15366,development
15367,development
15368,development
15369,holdout
15370,holdout
15371,development
15372,development
15373,holdout
15374,development
15375,development
15376,holdout
15377,development
15378,development
15379,development
15380,holdout
15381,holdout
15382,development
15383,development
15384,holdout
15385,development
15386,development
15387,development
15388,development
15389,development
15390,development
15391,holdout
15392,development
15393,development
15394,development
15395,development
15396,development
15397,holdout
15398,holdout
15399,development
15400,holdout
15401,development
15402,holdout
15403,development
15404,holdout
15405,development
15406,development
15407,holdout
15408,holdout
15409,development
15410,development
15411,holdout
15412,holdout
15413,development
15414,development
15415,development
15416,development
15417,development
15418,development
15419,development
15420,development
15421,development
15422,holdout
15423,development
15424,development
15425,development
15426,holdout
15427,development
15428,holdout
15429,development
15430,holdout
15431,development
15432,development
15433,development
15434,development
15435,holdout
15436,development
15437,development
15438,development
15439,holdout
15440,development
15441,development
15442,development
15443,development
15444,development
15445,development
15446,development
15447,development
15448,holdout
15449,development
15450,development
15451,holdout
15452,holdout
15453,development
15454,development
15455,development
15456,development
15457,development
15458,development
15459,development
15460,development
15461,development
15462,development
15463,holdout
15464,development
15465,development
15466,holdout
15467,development
15468,development
15469,development
15470,holdout
15471,development
15472,holdout
15473,development
15474,holdout
15475,holdout
15476,development
15477,holdout
15478,development
15479,development
15480,development
15481,development
15482,development
15483,development
15484,development
15485,development
15486,development
15487,holdout
15488,holdout
15489,development
15490,development
15491,development
15492,holdout
15493,holdout
15494,development
15495,holdout
15496,development
15497,development
15498,development
15499,holdout
15500,holdout
15501,holdout
15502,holdout
15503,development
15504,development
15505,holdout
15506,development
15507,holdout
15508,development
15509,development
15510,development
15511,development
15512,development
15513,holdout
15514,development
15515,holdout
15516,holdout
15517,development
15518,holdout
15519,development
15520,development
15521,development
15522,development
15523,development
15524,holdout
15525,holdout
15526,holdout
15527,development
15528,development
15529,development
15530,development
15531,development
15532,development
15533,development
15534,development
15535,development
15536,development
15537,holdout
15538,holdout
15539,development
15540,development
15541,development
15542,holdout
15543,development
15544,development
15545,development
15546,development
15547,holdout
15548,development
15549,development
15550,holdout
15551,development
15552,holdout
15553,development
15554,development
15555,holdout
15556,development
15557,development
15558,holdout
15559,development
15560,holdout
15561,development
15562,development
15563,holdout
15564,holdout
15565,development
15566,development
15567,development
15568,development
15569,development
15570,development
15571,development
15572,development
15573,development
15574,holdout
15575,holdout
15576,holdout
15577,development
15578,holdout
15579,development
15580,development
15581,development
15582,development
15583,development
15584,holdout
15585,development
15586,development
15587,development
15588,development
15589,development
15590,development
15591,development
15592,development
15593,holdout
15594,development
15595,holdout
15596,development
15597,development
15598,development
15599,development
15600,development
15601,holdout
15602,development
15603,development
15604,development
15605,development
15606,development
15607,holdout
15608,holdout
15609,development
15610,development
15611,development
15612,development
15613,holdout
15614,holdout
15615,development
15616,holdout
15617,development
15618,holdout
15619,development
15620,holdout
15621,development
15622,holdout
15623,development
15624,development
15625,development
15626,development
15627,holdout
15628,development
15629,holdout
15630,development
15631,development
15632,holdout
15633,development
15634,development
15635,development
15636,development
15637,development
15638,development
15639,holdout
15640,holdout
15641,development
15642,development
15643,development
15644,holdout
15645,holdout
15646,development
15647,holdout
15648,holdout
15649,development
15650,development
15651,development
15652,development
15653,development
15654,holdout
15655,development
15656,development
15657,development
15658,development
15659,development
15660,development
15661,holdout
15662,development
15663,development
15664,development
15665,development
15666,development
15667,development
15668,development
15669,holdout
15670,holdout
15671,holdout
15672,holdout
15673,development
15674,holdout
15675,development
15676,development
15677,development
15678,development
15679,holdout
15680,development
15681,holdout
15682,holdout
15683,development
15684,holdout
15685,development
15686,development
15687,development
15688,holdout
15689,development
15690,development
15691,development
15692,development
15693,development
15694,development
15695,holdout
15696,development
15697,development
15698,holdout
15699,development
15700,development
15701,development
15702,holdout
15703,development
15704,development
15705,development
15706,development
15707,development
15708,development
15709,development
15710,development
15711,development
15712,development
15713,development
15714,development
15715,holdout
15716,development
15717,development
15718,holdout
15719,holdout
15720,development
15721,development
15722,holdout
15723,development
15724,development
15725,holdout
15726,development
15727,development
15728,development
15729,development
15730,development
15731,development
15732,development
15733,development
15734,development
15735,development
15736,development
15737,holdout
15738,holdout
15739,holdout
15740,holdout
15741,development
15742,development
15743,development
15744,holdout
15745,development
15746,holdout
15747,development
15748,development
15749,development
15750,development
15751,development
15752,holdout
15753,development
15754,development
15755,development
15756,holdout
15757,development
15758,development
15759,holdout
15760,holdout
15761,development
15762,development
15763,development
15764,development
15765,development
15766,development
15767,development
15768,holdout
15769,holdout
15770,development
15771,holdout
15772,development
15773,development
15774,holdout
15775,holdout
15776,holdout
15777,development
15778,development
15779,development
15780,holdout
15781,development
15782,holdout
15783,development
15784,holdout
15785,holdout
15786,development
15787,holdout
15788,development
15789,development
15790,holdout
15791,development
15792,development
15793,development
15794,development
15795,holdout
15796,development
15797,development
15798,development
15799,development
15800,holdout
15801,holdout
15802,holdout
15803,holdout
15804,holdout
15805,holdout
15806,development
15807,development
15808,development
15809,holdout
15810,holdout
15811,development
15812,holdout
15813,holdout
15814,development
15815,development
15816,development
15817,holdout
15818,development
15819,development
15820,development
15821,development
15822,development
15823,development
15824,development
15825,development
15826,development
15827,holdout
15828,development
15829,development
15830,development
15831,development
15832,holdout
15833,development
15834,holdout
15835,holdout
15836,development
15837,development
15838,development
15839,holdout
15840,development
15841,development
15842,development
15843,holdout
15844,development
15845,holdout
15846,development
15847,holdout
15848,holdout
15849,development
15850,development
15851,holdout
15852,development
15853,development
15854,development
15855,development
15856,development
15857,development
15858,development
15859,development
15860,development
15861,development
15862,development
15863,holdout
15864,development
15865,holdout
15866,development
15867,holdout
15868,development
15869,holdout
15870,holdout
15871,development
15872,development
15873,development
15874,development
15875,holdout
15876,development
15877,holdout
15878,development
15879,holdout
15880,development
15881,development
15882,development
15883,holdout
15884,development
15885,holdout
15886,holdout
15887,development
15888,development
15889,development
15890,development
15891,development
15892,development
15893,development
15894,development
15895,development
15896,holdout
15897,development
15898,development
15899,development
15900,holdout
15901,development
15902,development
15903,development
15904,development
15905,development
15906,development
15907,holdout
15908,development
15909,development
15910,holdout
15911,development
15912,holdout
15913,development
15914,holdout
15915,development
15916,development
15917,development
15918,holdout
15919,development
15920,holdout
15921,development
15922,development
15923,development
15924,development
15925,holdout
15926,holdout
15927,development
15928,holdout
15929,development
15930,development
15931,development
15932,development
15933,holdout
15934,development
15935,development
15936,holdout
15937,development
15938,holdout
15939,development
15940,development
15941,development
15942,development
15943,holdout
15944,development
15945,holdout
15946,holdout
15947,development
15948,development
15949,development
15950,holdout
15951,holdout
15952,holdout
15953,development
15954,development
15955,development
15956,development
15957,holdout
15958,development
15959,development
15960,development
15961,holdout
15962,holdout
15963,holdout
15964,holdout
15965,development
15966,development
15967,development
15968,development
15969,development
15970,holdout
15971,holdout
15972,holdout
15973,development
15974,development
15975,development
15976,holdout
15977,development
15978,development
15979,development
15980,holdout
15981,development
15982,development
15983,development
15984,development
15985,development
15986,development
15987,development
15988,development
15989,development
15990,development
15991,development
15992,development
15993,holdout
15994,holdout
15995,development
15996,holdout
15997,holdout
15998,development
15999,holdout
16000,development
16001,development
16002,holdout
16003,holdout
16004,development
16005,development
16006,development
16007,development
16008,holdout
16009,development
16010,development
16011,development
16012,development
16013,development
16014,holdout
16015,development
16016,development
16017,development
16018,development
16019,development
16020,development
16021,holdout
16022,development
16023,development
16024,holdout
16025,development
16026,development
16027,development
16028,development
16029,development
16030,development
16031,development
16032,development
16033,holdout
16034,holdout
16035,development
16036,holdout
16037,holdout
16038,development
16039,development
16040,development
16041,development
16042,development
16043,holdout
16044,development
16045,development
16046,development
16047,development
16048,development
16049,development
16050,development
16051,development
16052,development
16053,development
16054,development
16055,development
16056,holdout
16057,development
16058,development
16059,holdout
16060,development
16061,holdout
16062,development
16063,development
16064,holdout
16065,holdout
16066,development
16067,holdout
16068,development
16069,development
16070,holdout
16071,holdout
16072,holdout
16073,development
16074,holdout
16075,holdout
16076,development
16077,development
16078,development
16079,development
16080,development
16081,holdout
16082,development
16083,development
16084,development
16085,development
16086,development
16087,holdout
16088,development
16089,development
16090,development
16091,development
16092,development
16093,holdout
16094,development
16095,development
16096,development
16097,development
16098,development
16099,development
16100,development
16101,development
16102,holdout
16103,development
16104,holdout
16105,holdout
16106,development
16107,development
16108,holdout
16109,holdout
16110,holdout
16111,development
16112,development
16113,development
16114,development
16115,development
16116,development
16117,holdout
16118,development
16119,development
16120,development
16121,development
16122,development
16123,development
16124,development
16125,holdout
16126,development
16127,holdout
16128,development
16129,holdout
16130,development
16131,development
16132,development
16133,development
16134,holdout
16135,holdout
16136,development
16137,development
16138,development
16139,holdout
16140,development
16141,development
16142,development
16143,development
16144,development
16145,development
16146,development
16147,holdout
16148,development
16149,development
16150,development
16151,development
16152,development
16153,development
16154,holdout
16155,development
16156,development
16157,development
16158,development
16159,development
16160,development
16161,development
16162,development
16163,holdout
16164,development
16165,development
16166,holdout
16167,holdout
16168,development
16169,holdout
16170,development
16171,holdout
16172,development
16173,holdout
16174,development
16175,holdout
16176,development
16177,development
16178,development
16179,holdout
16180,development
16181,development
16182,holdout
16183,holdout
16184,development
16185,holdout
16186,development
16187,development
16188,development
16189,development
16190,development
16191,holdout
16192,development
16193,development
16194,development
16195,development
16196,development
16197,holdout
16198,development
16199,development
16200,development
16201,development
16202,development
16203,development
16204,development
16205,development
16206,development
16207,development
16208,holdout
16209,holdout
16210,development
16211,development
16212,development
16213,development
16214,development
16215,development
16216,development
16217,development
16218,development
16219,holdout
16220,holdout
16221,development
16222,development
16223,holdout
16224,development
16225,development
16226,development
16227,development
16228,development
16229,development
16230,holdout
16231,development
16232,development
16233,development
16234,development
16235,development
16236,development
16237,holdout
16238,development
16239,holdout
16240,development
16241,holdout
16242,development
16243,development
16244,development
16245,development
16246,development
16247,development
16248,development
16249,holdout
16250,holdout
16251,development
16252,development
16253,development
16254,development
16255,development
16256,development
16257,development
16258,development
16259,development
16260,development
16261,development
16262,development
16263,development
16264,development
16265,holdout
16266,development
16267,development
16268,development
16269,development
16270,development
16271,development
16272,holdout
16273,development
16274,development
16275,holdout
16276,holdout
16277,development
16278,holdout
16279,development
16280,development
16281,holdout
16282,holdout
16283,development
16284,development
16285,development
16286,development
16287,development
16288,development
16289,development
16290,development
16291,holdout
16292,development
16293,development
16294,development
16295,development
16296,development
16297,holdout
16298,development
16299,development
16300,holdout
16301,development
16302,development
16303,development
16304,development
16305,development
16306,holdout
16307,holdout
16308,holdout
16309,development
16310,development
16311,development
16312,holdout
16313,development
16314,holdout
16315,development
16316,development
16317,development
16318,holdout
16319,development
16320,development
16321,development
16322,development
16323,holdout
16324,development
16325,development
16326,development
16327,development
16328,development
16329,development
16330,development
16331,development
16332,holdout
16333,development
16334,development
16335,development
16336,development
16337,holdout
16338,development
16339,development
16340,holdout
16341,holdout
16342,development
16343,development
16344,development
16345,holdout
16346,development
16347,development
16348,development
16349,development
16350,development
16351,development
16352,development
16353,development
16354,development
16355,holdout
16356,development
16357,holdout
16358,development
16359,holdout
16360,development
16361,development
16362,development
16363,development
16364,development
16365,development
16366,development
16367,development
16368,holdout
16369,development
16370,holdout
16371,development
16372,holdout
16373,holdout
16374,development
16375,holdout
16376,holdout
16377,development
16378,development
16379,holdout
16380,development
16381,development
16382,development
16383,development
16384,development
16385,development
16386,development
16387,development
16388,development
16389,holdout
16390,development
16391,development
16392,development
16393,development
16394,holdout
16395,holdout
16396,development
16397,development
16398,development
16399,holdout
16400,development
16401,development
16402,development
16403,development
16404,development
16405,development
16406,development
16407,development
16408,holdout
16409,holdout
16410,development
16411,holdout
16412,development
16413,development
16414,development
16415,development
16416,holdout
16417,development
16418,development
16419,holdout
16420,holdout
16421,development
16422,holdout
16423,development
16424,holdout
16425,holdout
16426,holdout
16427,development
16428,holdout
16429,development
16430,development
16431,development
16432,development
16433,development
16434,development
16435,development
16436,holdout
16437,development
16438,development
16439,development
16440,development
16441,development
16442,development
16443,development
16444,holdout
16445,development
16446,development
16447,development
16448,development
16449,holdout
16450,holdout
16451,development
16452,development
16453,holdout
16454,development
16455,development
16456,holdout
16457,holdout
16458,holdout
16459,development
16460,development
16461,holdout
16462,development
16463,holdout
16464,development
16465,development
16466,development
16467,development
16468,development
16469,holdout
16470,holdout
16471,development
16472,development
16473,development
16474,development
16475,holdout
16476,development
16477,development
16478,development
16479,holdout
16480,development
16481,development
16482,holdout
16483,holdout
16484,development
16485,development
16486,development
16487,development
16488,holdout
16489,holdout
16490,development
16491,holdout
16492,development
16493,development
16494,holdout
16495,holdout
16496,development
16497,development
16498,holdout
16499,development
16500,development
16501,development
16502,holdout
16503,development
16504,development
16505,development
16506,development
16507,development
16508,development
16509,development
16510,development
16511,holdout
16512,holdout
16513,development
16514,development
16515,development
16516,holdout
16517,development
16518,development
16519,development
16520,development
16521,development
16522,holdout
16523,development
16524,development
16525,holdout
16526,development
16527,holdout
16528,holdout
16529,development
16530,development
16531,development
16532,holdout
16533,development
16534,holdout
16535,holdout
16536,holdout
16537,development
16538,development
16539,holdout
16540,development
16541,development
16542,holdout
16543,development
16544,development
16545,development
16546,development
16547,development
16548,development
16549,development
16550,development
16551,holdout
16552,holdout
16553,development
16554,development
16555,development
16556,development
16557,development
16558,development
16559,development
16560,development
16561,development
16562,holdout
16563,development
16564,holdout
16565,development
16566,development
16567,development
16568,holdout
16569,development
16570,development
16571,development
16572,development
16573,development
16574,development
16575,development
16576,development
16577,development
16578,holdout
16579,development
16580,holdout
16581,holdout
16582,development
16583,development
16584,development
16585,development
16586,development
16587,development
16588,development
16589,development
16590,holdout
16591,development
16592,development
16593,development
16594,development
16595,development
16596,development
16597,development
16598,holdout
16599,development
16600,development
16601,development
16602,holdout
16603,holdout
16604,development
16605,development
16606,holdout
16607,holdout
16608,development
16609,holdout
16610,development
16611,development
16612,development
16613,development
16614,development
16615,development
16616,development
16617,development
16618,holdout
16619,development
16620,development
16621,development
16622,holdout
16623,development
16624,holdout
16625,holdout
16626,development
16627,development
16628,development
16629,development
16630,development
16631,holdout
16632,development
16633,holdout
16634,development
16635,development
16636,development
16637,holdout
16638,development
16639,development
16640,development
16641,development
16642,development
16643,development
16644,holdout
16645,development
16646,holdout
16647,holdout
16648,development
16649,holdout
16650,development
16651,development
16652,development
16653,development
16654,development
16655,holdout
16656,holdout
16657,development
16658,holdout
16659,holdout
16660,development
16661,development
16662,holdout
16663,holdout
16664,holdout
16665,development
16666,development
16667,development
16668,development
16669,holdout
16670,development
16671,development
16672,development
16673,development
16674,holdout
16675,development
16676,holdout
16677,development
16678,holdout
16679,development
16680,development
16681,development
16682,holdout
16683,holdout
16684,development
16685,development
16686,holdout
16687,holdout
16688,development
16689,development
16690,development
16691,development
16692,development
16693,holdout
16694,development
16695,development
16696,holdout
16697,development
16698,development
16699,development
16700,development
16701,development
16702,holdout
16703,development
16704,holdout
16705,holdout
16706,development
16707,development
16708,holdout
16709,development
16710,holdout
16711,development
16712,holdout
16713,development
16714,development
16715,holdout
16716,development
16717,development
16718,development
16719,development
16720,development
16721,development
16722,holdout
16723,development
16724,development
16725,holdout
16726,development
16727,holdout
16728,holdout
16729,development
16730,development
16731,holdout
16732,holdout
16733,holdout
16734,development
16735,development
16736,development
16737,holdout
16738,development
16739,holdout
16740,development
16741,holdout
16742,holdout
16743,development
16744,holdout
16745,development
16746,holdout
16747,development
16748,development
16749,holdout
16750,development
16751,holdout
16752,development
16753,development
16754,development
16755,development
16756,holdout
16757,development
16758,development
16759,development
16760,development
16761,development
16762,development
16763,holdout
16764,holdout
16765,holdout
16766,development
16767,development
16768,development
16769,development
16770,development
16771,holdout
16772,development
16773,holdout
16774,development
16775,holdout
16776,holdout
16777,development
16778,development
16779,holdout
16780,development
16781,development
16782,holdout
16783,holdout
16784,development
16785,holdout
16786,development
16787,holdout
16788,holdout
16789,development
16790,development
16791,holdout
16792,development
16793,development
16794,development
16795,holdout
16796,holdout
16797,development
16798,development
16799,development
16800,development
16801,holdout
16802,development
16803,development
16804,development
16805,development
16806,development
16807,development
16808,development
16809,holdout
16810,development
16811,development
16812,development
16813,development
16814,development
16815,development
16816,holdout
16817,development
16818,holdout
16819,holdout
16820,development
16821,development
16822,development
16823,development
16824,holdout
16825,development
16826,development
16827,development
16828,development
16829,holdout
16830,development
16831,holdout
16832,development
16833,development
16834,development
16835,development
16836,holdout
16837,development
16838,holdout
16839,development
16840,development
16841,holdout
16842,development
16843,development
16844,holdout
16845,holdout
16846,development
16847,development
16848,development
16849,development
16850,development
16851,development
16852,holdout
16853,development
16854,development
16855,development
16856,holdout
16857,development
16858,holdout
16859,development
16860,holdout
16861,development
16862,holdout
16863,development
16864,development
16865,development
16866,development
16867,holdout
16868,development
16869,development
16870,development
16871,development
16872,development
16873,development
16874,development
16875,development
16876,holdout
16877,holdout
16878,development
16879,development
16880,development
16881,development
16882,development
16883,development
16884,development
16885,development
16886,development
16887,development
16888,development
16889,development
16890,development
16891,holdout
16892,holdout
16893,development
16894,development
16895,development
16896,development
16897,holdout
16898,holdout
16899,development
16900,development
16901,development
16902,development
16903,development
16904,development
16905,development
16906,development
16907,development
16908,development
16909,holdout
16910,development
16911,development
16912,development
16913,development
16914,holdout
16915,holdout
16916,holdout
16917,development
16918,holdout
16919,holdout
16920,development
16921,holdout
16922,holdout
16923,development
16924,holdout
16925,development
16926,development
16927,development
16928,development
16929,development
16930,holdout
16931,holdout
16932,holdout
16933,holdout
16934,development
16935,development
16936,development
16937,development
16938,development
16939,development
16940,holdout
16941,development
16942,holdout
16943,development
16944,holdout
16945,development
16946,development
16947,development
16948,holdout
16949,development
16950,development
16951,development
16952,holdout
16953,development
16954,holdout
16955,holdout
16956,development
16957,development
16958,development
16959,development
16960,holdout
16961,development
16962,holdout
16963,development
16964,development
16965,development
16966,development
16967,holdout
16968,development
16969,development
16970,development
16971,development
16972,development
16973,development
16974,development
16975,development
16976,development
16977,holdout
16978,development
16979,development
16980,holdout
16981,development
16982,development
16983,development
16984,development
16985,development
16986,development
16987,holdout
16988,development
16989,holdout
16990,development
16991,development
16992,holdout
16993,development
16994,holdout
16995,holdout
16996,development
16997,development
16998,development
16999,development
17000,development
17001,holdout
17002,development
17003,holdout
17004,holdout
17005,development
17006,holdout
17007,development
17008,development
17009,holdout
17010,holdout
17011,holdout
17012,holdout
17013,development
17014,development
17015,development
17016,development
17017,holdout
17018,development
17019,holdout
17020,holdout
17021,development
17022,development
17023,holdout
17024,development
17025,development
17026,development
17027,development
17028,holdout
17029,development
17030,development
17031,development
17032,development
17033,development
17034,holdout
17035,development
17036,development
17037,development
17038,holdout
17039,holdout
17040,development
17041,development
17042,development
17043,development
17044,development
17045,holdout
17046,holdout
17047,development
17048,development
17049,holdout
17050,development
17051,holdout
17052,development
17053,development
17054,holdout
17055,development
17056,development
17057,holdout
17058,holdout
17059,development
17060,holdout
17061,development
17062,development
17063,development
17064,holdout
17065,development
17066,holdout
17067,development
17068,development
17069,development
17070,development
17071,development
17072,holdout
17073,development
17074,development
17075,holdout
17076,development
17077,development
17078,development
17079,development
17080,development
17081,holdout
17082,development
17083,development
17084,development
17085,development
17086,holdout
17087,development
17088,development
17089,holdout
17090,holdout
17091,holdout
17092,holdout
17093,development
17094,development
17095,development
17096,development
17097,development
17098,holdout
17099,development
17100,holdout
17101,development
17102,holdout
17103,holdout
17104,development
17105,development
17106,development
17107,development
17108,development
17109,development
17110,development
17111,development
17112,holdout
17113,holdout
17114,development
17115,development
17116,development
17117,development
17118,holdout
17119,development
17120,development
17121,development
17122,development
17123,development
17124,development
17125,development
17126,development
17127,holdout
17128,development
17129,development
17130,development
17131,development
17132,holdout
17133,development
17134,development
17135,development
17136,development
17137,holdout
17138,development
17139,development
17140,development
17141,development
17142,holdout
17143,development
17144,holdout
17145,holdout
17146,development
17147,development
17148,holdout
17149,development
17150,development
17151,development
17152,holdout
17153,development
17154,holdout
17155,holdout
17156,holdout
17157,development
17158,development
17159,development
17160,holdout
17161,development
17162,holdout
17163,development
17164,development
17165,development
17166,development
17167,development
17168,development
17169,holdout
17170,holdout
17171,development
17172,development
17173,holdout
17174,holdout
17175,development
17176,development
17177,development
17178,development
17179,development
17180,development
17181,development
17182,holdout
17183,development
17184,development
17185,development
17186,holdout
17187,development
17188,development
17189,development
17190,holdout
17191,holdout
17192,development
17193,development
17194,development
17195,development
17196,holdout
17197,development
17198,development
17199,development
17200,development
17201,holdout
17202,development
17203,development
17204,holdout
17205,development
17206,development
17207,development
17208,development
17209,development
17210,development
17211,development
17212,development
17213,holdout
17214,development
17215,holdout
17216,development
17217,holdout
17218,holdout
17219,development
17220,development
17221,development
17222,development
17223,holdout
17224,development
17225,development
17226,development
17227,holdout
17228,development
17229,holdout
17230,development
17231,development
17232,development
17233,holdout
17234,development
17235,development
17236,development
17237,holdout
17238,development
17239,development
17240,development
17241,development
17242,holdout
17243,holdout
17244,development
17245,development
17246,development
17247,development
17248,development
17249,development
17250,development
17251,development
17252,development
17253,development
17254,development
17255,development
17256,development
17257,development
17258,development
17259,development
17260,development
17261,holdout
17262,holdout
17263,development
17264,development
17265,development
17266,holdout
17267,holdout
17268,development
17269,development
17270,development
17271,development
17272,holdout
17273,holdout
17274,holdout
17275,development
17276,development
17277,holdout
17278,development
17279,development
17280,holdout
17281,holdout
17282,development
17283,development
17284,holdout
17285,development
17286,development
17287,development
17288,development
17289,holdout
17290,holdout
17291,holdout
17292,holdout
17293,development
17294,development
17295,development
17296,holdout
17297,development
17298,development
17299,development
17300,development
17301,holdout
17302,development
17303,development
17304,development
17305,development
17306,development
17307,holdout
17308,development
17309,development
17310,holdout
17311,development
17312,development
17313,development
17314,development
17315,development
17316,development
17317,development
17318,holdout
17319,development
17320,development
17321,development
17322,holdout
17323,development
17324,holdout
17325,development
17326,development
17327,development
17328,development
17329,development
17330,development
17331,development
17332,holdout
17333,development
17334,holdout
17335,development
17336,holdout
17337,development
17338,holdout
17339,holdout
17340,holdout
17341,holdout
17342,development
17343,holdout
17344,holdout
17345,development
17346,development
17347,development
17348,development
17349,development
17350,development
17351,holdout
17352,development
17353,development
17354,development
17355,holdout
17356,development
17357,development
17358,development
17359,development
17360,holdout
17361,development
17362,holdout
17363,development
17364,development
17365,development
17366,holdout
17367,development
17368,holdout
17369,development
17370,development
17371,holdout
17372,development
17373,holdout
17374,development
17375,holdout
17376,holdout
17377,development
17378,holdout
17379,development
17380,development
17381,holdout
17382,development
17383,development
17384,holdout
17385,development
17386,development
17387,holdout
17388,holdout
17389,development
17390,holdout
17391,development
17392,development
17393,development
17394,holdout
17395,holdout
17396,development
17397,development
17398,development
17399,development
17400,development
17401,development
17402,development
17403,development
17404,development
17405,development
17406,development
17407,holdout
17408,development
17409,holdout
17410,development
17411,development
17412,development
17413,development
17414,development
17415,holdout
17416,development
17417,holdout
17418,development
17419,development
17420,development
17421,development
17422,development
17423,development
17424,holdout
17425,development
17426,development
17427,holdout
17428,development
17429,development
17430,development
17431,holdout
17432,holdout
17433,development
17434,development
17435,development
17436,development
17437,development
17438,development
17439,holdout
17440,development
17441,development
17442,holdout
17443,development
17444,development
17445,development
17446,holdout
17447,development
17448,development
17449,development
17450,development
17451,holdout
17452,development
17453,development
17454,holdout
17455,holdout
17456,development
17457,development
17458,development
17459,development
17460,development
17461,development
17462,holdout
17463,development
17464,development
17465,holdout
17466,holdout
17467,development
17468,development
17469,development
17470,development
17471,development
17472,holdout
17473,holdout
17474,holdout
17475,development
17476,holdout
17477,holdout
17478,development
17479,development
17480,development
17481,development
17482,holdout
17483,development
17484,development
17485,development
17486,development
17487,development
17488,holdout
17489,development
17490,development
17491,holdout
17492,development
17493,development
17494,development
17495,development
17496,development
17497,holdout
17498,development
17499,development
17500,holdout
17501,development
17502,development
17503,development
17504,holdout
17505,development
17506,holdout
17507,holdout
17508,development
17509,holdout
17510,development
17511,holdout
17512,holdout
17513,development
17514,holdout
17515,development
17516,development
17517,development
17518,development
17519,development
17520,development
17521,development
17522,development
17523,holdout
17524,development
17525,holdout
17526,development
17527,development
17528,development
17529,development
17530,holdout
17531,development
17532,development
17533,development
17534,development
17535,development
17536,development
17537,development
17538,holdout
17539,development
17540,development
17541,development
17542,development
17543,development
17544,development
17545,development
17546,development
17547,holdout
17548,development
17549,holdout
17550,holdout
17551,development
17552,development
17553,holdout
17554,development
17555,development
17556,development
17557,development
17558,development
17559,development
17560,development
17561,development
17562,development
17563,holdout
17564,development
17565,development
17566,development
17567,development
17568,holdout
17569,holdout
17570,development
17571,holdout
17572,holdout
17573,development
17574,development
17575,development
17576,development
17577,development
17578,holdout
17579,holdout
17580,development
17581,holdout
17582,development
17583,holdout
17584,development
17585,development
17586,holdout
17587,holdout
17588,development
17589,development
17590,development
17591,holdout
17592,development
17593,development
17594,development
17595,development
17596,development
17597,development
17598,development
17599,development
17600,development
17601,development
17602,development
17603,holdout
17604,development
17605,holdout
17606,development
17607,development
17608,development
17609,development
17610,development
17611,development
17612,holdout
17613,development
17614,development
17615,development
17616,development
17617,development
17618,development
17619,holdout
17620,holdout
17621,development
17622,development
17623,development
17624,holdout
17625,development
17626,development
17627,development
17628,development
17629,holdout
17630,holdout
17631,holdout
17632,holdout
17633,development
17634,development
17635,development
17636,holdout
17637,holdout
17638,development
17639,development
17640,holdout
17641,development
17642,development
17643,development
17644,development
17645,development
17646,development
17647,development
17648,holdout
17649,holdout
17650,development
17651,holdout
17652,holdout
17653,development
17654,development
17655,development
17656,development
17657,development
17658,development
17659,development
17660,holdout
17661,development
17662,holdout
17663,development
17664,development
17665,development
17666,development
17667,development
17668,development
17669,holdout
17670,development
17671,development
17672,holdout
17673,development
17674,development
17675,development
17676,development
17677,holdout
17678,development
17679,development
17680,holdout
17681,development
17682,development
17683,holdout
17684,development
17685,development
17686,development
17687,development
17688,holdout
17689,holdout
17690,development
17691,development
17692,holdout
17693,holdout
17694,development
17695,holdout
17696,development
17697,development
17698,development
17699,holdout
17700,development
17701,holdout
17702,development
17703,development
17704,development
17705,development
17706,development
17707,development
17708,holdout
17709,holdout
17710,development
17711,holdout
17712,development
17713,holdout
17714,holdout
17715,development
17716,holdout
17717,development
17718,development
17719,development
17720,holdout
17721,development
17722,development
17723,development
17724,development
17725,development
17726,development
17727,holdout
17728,development
17729,development
17730,holdout
17731,development
17732,holdout
17733,development
17734,development
17735,development
17736,development
17737,development
17738,development
17739,holdout
17740,development
17741,development
17742,development
17743,holdout
17744,development
17745,holdout
17746,development
17747,holdout
17748,development
17749,holdout
17750,development
17751,holdout
17752,holdout
17753,development
17754,holdout
17755,development
17756,development
17757,development
17758,development
17759,development
17760,development
17761,holdout
17762,holdout
17763,holdout
17764,development
17765,development
17766,development
17767,holdout
17768,holdout
17769,development
17770,holdout
17771,holdout
17772,holdout
17773,development
17774,development
17775,holdout
17776,development
17777,development
17778,development
17779,development
17780,development
17781,development
17782,holdout
17783,holdout
17784,development
17785,holdout
17786,development
17787,holdout
17788,holdout
17789,holdout
17790,development
17791,holdout
17792,development
17793,holdout
17794,development
17795,development
17796,development
17797,development
17798,development
17799,holdout
17800,development
17801,development
17802,holdout
17803,development
17804,development
17805,development
17806,development
17807,development
17808,development
17809,development
17810,holdout
17811,development
17812,development
17813,holdout
17814,development
17815,development
17816,holdout
17817,holdout
17818,holdout
17819,development
17820,development
17821,development
17822,holdout
17823,development
17824,holdout
17825,development
17826,development
17827,development
17828,development
17829,development
17830,development
17831,development
17832,development
17833,development
17834,development
17835,development
17836,holdout
17837,holdout
17838,development
17839,development
17840,holdout
17841,development
17842,development
17843,development
17844,development
17845,development
17846,development
17847,development
17848,development
17849,holdout
17850,holdout
17851,development
17852,development
17853,holdout
17854,holdout
17855,development
17856,development
17857,holdout
17858,development
17859,development
17860,development
17861,development
17862,development
17863,development
17864,development
17865,holdout
17866,holdout
17867,development
17868,development
17869,development
17870,holdout
17871,development
17872,holdout
17873,development
17874,development
17875,development
17876,development
17877,development
17878,development
17879,development
17880,holdout
17881,development
17882,development
17883,holdout
17884,holdout
17885,development
17886,development
17887,development
17888,development
17889,development
17890,development
17891,development
17892,holdout
17893,holdout
17894,development
17895,development
17896,development
17897,development
17898,holdout
17899,development
17900,development
17901,development
17902,holdout
17903,development
17904,development
17905,holdout
17906,development
17907,holdout
17908,development
17909,development
17910,development
17911,development
17912,development
17913,development
17914,development
17915,development
17916,holdout
17917,holdout
17918,development
17919,development
17920,development
17921,development
17922,development
17923,holdout
17924,development
17925,development
17926,development
17927,holdout
17928,development
17929,development
17930,development
17931,holdout
17932,holdout
17933,development
17934,development
17935,development
17936,development
17937,holdout
17938,holdout
17939,development
17940,holdout
17941,development
17942,development
17943,holdout
17944,development
17945,development
17946,holdout
17947,development
17948,development
17949,development
17950,development
17951,holdout
17952,development
17953,development
17954,development
17955,holdout
17956,development
17957,development
17958,holdout
17959,holdout
17960,development
17961,holdout
17962,development
17963,development
17964,holdout
17965,development
17966,development
17967,development
17968,development
17969,development
17970,development
17971,development
17972,development
17973,development
17974,development
17975,development
17976,development
17977,holdout
17978,development
17979,development
17980,holdout
17981,development
17982,development
17983,holdout
17984,holdout
17985,development
17986,development
17987,development
17988,holdout
17989,holdout
17990,holdout
17991,holdout
17992,holdout
17993,development
17994,development
17995,development
17996,holdout
17997,development
17998,holdout
17999,development
18000,holdout
18001,development
18002,development
18003,development
18004,holdout
18005,development
18006,development
18007,development
18008,development
18009,holdout
18010,holdout
18011,development
18012,development
18013,holdout
18014,development
18015,development
18016,development
18017,development
18018,holdout
18019,development
18020,development
18021,development
18022,development
18023,development
18024,development
18025,holdout
18026,holdout
18027,holdout
18028,holdout
18029,holdout
18030,development
18031,holdout
18032,development
18033,development
18034,development
18035,development
18036,development
18037,development
18038,development
18039,development
18040,development
18041,development
18042,development
18043,development
18044,development
18045,development
18046,holdout
18047,holdout
18048,holdout
18049,development
18050,development
18051,development
18052,holdout
18053,holdout
18054,development
18055,development
18056,development
18057,development
18058,development
18059,development
18060,holdout
18061,holdout
18062,development
18063,development
18064,development
18065,holdout
18066,development
18067,development
18068,holdout
18069,development
18070,development
18071,development
18072,development
18073,holdout
18074,holdout
18075,development
18076,development
18077,holdout
18078,development
18079,holdout
18080,development
18081,development
18082,holdout
18083,holdout
18084,holdout
18085,development
18086,holdout
18087,development
18088,holdout
18089,holdout
18090,development
18091,development
18092,development
18093,holdout
18094,development
18095,development
18096,development
18097,holdout
18098,development
18099,development
18100,development
18101,development
18102,holdout
18103,development
18104,development
18105,development
18106,development
18107,development
18108,development
18109,development
18110,development
18111,holdout
18112,development
18113,development
18114,development
18115,development
18116,development
18117,holdout
18118,development
18119,development
18120,holdout
18121,holdout
18122,development
18123,holdout
18124,development
18125,development
18126,development
18127,development
18128,development
18129,development
18130,development
18131,holdout
18132,development
18133,development
18134,holdout
18135,development
18136,development
18137,holdout
18138,development
18139,development
18140,holdout
18141,holdout
18142,development
18143,development
18144,development
18145,development
18146,holdout
18147,development
18148,development
18149,development
18150,holdout
18151,holdout
18152,development
18153,development
18154,development
18155,development
18156,holdout
18157,development
18158,holdout
18159,development
18160,development
18161,holdout
18162,development
18163,development
18164,development
18165,holdout
18166,development
18167,development
18168,holdout
18169,holdout
18170,development
18171,development
18172,development
18173,development
18174,holdout
18175,development
18176,development
18177,development
18178,development
18179,development
18180,holdout
18181,development
18182,development
18183,development
18184,holdout
18185,development
18186,holdout
18187,development
18188,development
18189,holdout
18190,development
18191,holdout
18192,development
18193,development
18194,holdout
18195,holdout
18196,holdout
18197,development
18198,development
18199,development
18200,holdout
18201,development
18202,holdout
18203,development
18204,holdout
18205,development
18206,development
18207,development
18208,holdout
18209,development
18210,development
18211,development
18212,holdout
18213,development
18214,holdout
18215,development
18216,development
18217,development
18218,development
18219,holdout
18220,development
18221,development
18222,development
18223,development
18224,development
18225,holdout
18226,development
18227,development
18228,development
18229,holdout
18230,holdout
18231,holdout
18232,holdout
18233,development
18234,development
18235,development
18236,holdout
18237,holdout
18238,development
18239,holdout
18240,development
18241,development
18242,holdout
18243,development
18244,development
18245,holdout
18246,holdout
18247,development
18248,holdout
18249,holdout
18250,holdout
18251,development
18252,development
18253,development
18254,holdout
18255,development
18256,development
18257,development
18258,development
18259,development
18260,holdout
18261,development
18262,development
18263,development
18264,holdout
18265,holdout
18266,holdout
18267,development
18268,development
18269,development
18270,development
18271,holdout
18272,holdout
18273,development
18274,development
18275,development
18276,development
18277,development
18278,development
18279,holdout
18280,development
18281,holdout
18282,development
18283,holdout
18284,development
18285,development
18286,development
18287,development
18288,development
18289,development
18290,development
18291,development
18292,development
18293,holdout
18294,holdout
18295,development
18296,development
18297,development
18298,development
18299,development
18300,holdout
18301,development
18302,holdout
18303,holdout
18304,holdout
18305,development
18306,development
18307,development
18308,holdout
18309,holdout
18310,development
18311,development
18312,holdout
18313,holdout
18314,development
18315,development
18316,development
18317,holdout
18318,holdout
18319,development
18320,holdout
18321,development
18322,development
18323,holdout
18324,development
18325,development
18326,development
18327,development
18328,development
18329,holdout
18330,development
18331,development
18332,holdout
18333,development
18334,holdout
18335,development
18336,development
18337,holdout
18338,holdout
18339,development
18340,development
18341,holdout
18342,development
18343,holdout
18344,holdout
18345,development
18346,holdout
18347,holdout
18348,holdout
18349,development
18350,development
18351,holdout
18352,holdout
18353,development
18354,development
18355,development
18356,development
18357,development
18358,development
18359,development
18360,development
18361,development
18362,development
18363,holdout
18364,holdout
18365,development
18366,development
18367,development
18368,development
18369,holdout
18370,development
18371,development
18372,development
18373,development
18374,holdout
18375,development
18376,development
18377,development
18378,holdout
18379,development
18380,development
18381,development
18382,development
18383,development
18384,holdout
18385,development
18386,holdout
18387,development
18388,development
18389,holdout
18390,development
18391,holdout
18392,development
18393,holdout
18394,development
18395,development
18396,holdout
18397,development
18398,development
18399,development
18400,development
18401,holdout
18402,holdout
18403,holdout
18404,development
18405,holdout
18406,development
18407,development
18408,holdout
18409,development
18410,development
18411,development
18412,development
18413,development
18414,holdout
18415,holdout
18416,holdout
18417,holdout
18418,development
18419,development
18420,development
18421,development
18422,development
18423,development
18424,development
18425,development
18426,development
18427,development
18428,development
18429,holdout
18430,development
18431,development
18432,development
18433,development
18434,development
18435,holdout
18436,development
18437,development
18438,development
18439,holdout
18440,holdout
18441,holdout
18442,holdout
18443,development
18444,holdout
18445,holdout
18446,development
18447,development
18448,development
18449,development
18450,holdout
18451,holdout
18452,development
18453,development
18454,development
18455,holdout
18456,development
18457,development
18458,development
18459,development
18460,development
18461,development
18462,development
18463,development
18464,development
18465,development
18466,holdout
18467,holdout
18468,holdout
18469,development
18470,development
18471,holdout
18472,development
18473,development
18474,holdout
18475,development
18476,development
18477,development
18478,holdout
18479,holdout
18480,development
18481,development
18482,development
18483,development
18484,development
18485,holdout
18486,holdout
18487,development
18488,holdout
18489,development
18490,development
18491,development
18492,development
18493,holdout
18494,development
18495,development
18496,development
18497,development
18498,development
18499,development
18500,development
18501,development
18502,holdout
18503,development
18504,development
18505,development
18506,development
18507,development
18508,development
18509,development
18510,development
18511,development
18512,development
18513,development
18514,development
18515,holdout
18516,holdout
18517,development
18518,development
18519,development
18520,development
18521,development
18522,development
18523,holdout
18524,development
18525,development
18526,development
18527,holdout
18528,development
18529,holdout
18530,development
18531,development
18532,development
18533,holdout
18534,holdout
18535,development
18536,development
18537,development
18538,holdout
18539,development
18540,holdout
18541,holdout
18542,development
18543,holdout
18544,development
18545,development
18546,holdout
18547,development
18548,development
18549,holdout
18550,development
18551,development
18552,holdout
18553,development
18554,development
18555,development
18556,development
18557,holdout
18558,development
18559,holdout
18560,holdout
18561,development
18562,development
18563,development
18564,development
18565,development
18566,development
18567,development
18568,holdout
18569,development
18570,development
18571,development
18572,holdout
18573,development
18574,development
18575,holdout
18576,development
18577,development
18578,development
18579,development
18580,development
18581,development
18582,development
18583,holdout
18584,development
18585,development
18586,development
18587,development
18588,holdout
18589,development
18590,development
18591,development
18592,holdout
18593,development
18594,development
18595,development
18596,development
18597,development
18598,development
18599,development
18600,development
18601,development
18602,holdout
18603,holdout
18604,holdout
18605,holdout
18606,development
18607,development
18608,development
18609,development
18610,holdout
18611,development
18612,development
18613,holdout
18614,holdout
18615,development
18616,development
18617,holdout
18618,development
18619,development
18620,holdout
18621,holdout
18622,development
18623,holdout
18624,holdout
18625,development
18626,development
18627,development
18628,development
18629,development
18630,development
18631,development
18632,development
18633,development
18634,development
18635,holdout
18636,holdout
18637,holdout
18638,development
18639,holdout
18640,development
18641,development
18642,development
18643,development
18644,holdout
18645,holdout
18646,development
18647,development
18648,holdout
18649,development
18650,development
18651,development
18652,development
18653,holdout
18654,development
18655,holdout
18656,development
18657,development
18658,development
18659,development
18660,holdout
18661,development
18662,holdout
18663,development
18664,development
18665,development
18666,development
18667,development
18668,development
18669,holdout
18670,development
18671,holdout
18672,holdout
18673,holdout
18674,holdout
18675,development
18676,development
18677,development
18678,holdout
18679,development
18680,development
18681,development
18682,development
18683,development
18684,holdout
18685,development
18686,holdout
18687,development
18688,holdout
18689,development
18690,development
18691,holdout
18692,holdout
18693,development
18694,development
18695,development
18696,holdout
18697,development
18698,development
18699,holdout
18700,development
18701,holdout
18702,development
18703,holdout
18704,development
18705,development
18706,development
18707,development
18708,holdout
18709,development
18710,development
18711,development
18712,development
18713,development
18714,development
18715,development
18716,development
18717,development
18718,development
18719,holdout
18720,development
18721,development
18722,development
18723,development
18724,holdout
18725,development
18726,holdout
18727,holdout
18728,development
18729,development
18730,development
18731,development
18732,development
18733,development
18734,holdout
18735,holdout
18736,development
18737,holdout
18738,development
18739,development
18740,holdout
18741,development
18742,development
18743,development
18744,holdout
18745,holdout
18746,development
18747,development
18748,holdout
18749,holdout
18750,development
18751,holdout
18752,holdout
18753,holdout
18754,development
18755,development
18756,development
18757,holdout
18758,development
18759,development
18760,development
18761,development
18762,holdout
18763,development
18764,development
18765,development
18766,development
18767,development
18768,development
18769,development
18770,holdout
18771,holdout
18772,development
18773,development
18774,development
18775,holdout
18776,development
18777,development
18778,development
18779,holdout
18780,development
18781,development
18782,development
18783,holdout
18784,holdout
18785,holdout
18786,development
18787,development
18788,development
18789,holdout
18790,holdout
18791,holdout
18792,development
18793,development
18794,development
18795,holdout
18796,development
18797,development
18798,development
18799,development
18800,development
18801,development
18802,development
18803,holdout
18804,development
18805,development
18806,holdout
18807,development
18808,development
18809,development
18810,development
18811,development
18812,development
18813,development
18814,development
18815,development
18816,development
18817,holdout
18818,development
18819,development
18820,development
18821,development
18822,holdout
18823,holdout
18824,holdout
18825,holdout
18826,development
18827,holdout
18828,development
18829,development
18830,development
18831,development
18832,development
18833,development
18834,development
18835,development
18836,development
18837,holdout
18838,holdout
18839,development
18840,holdout
18841,development
18842,holdout
18843,holdout
18844,development
18845,development
18846,development
18847,holdout
18848,development
18849,holdout
18850,development
18851,holdout
18852,development
18853,development
18854,development
18855,development
18856,development
18857,development
18858,development
18859,development
18860,development
18861,development
18862,holdout
18863,development
18864,development
18865,development
18866,development
18867,development
18868,development
18869,development
18870,holdout
18871,development
18872,development
18873,development
18874,development
18875,development
18876,development
18877,development
18878,development
18879,development
18880,holdout
18881,development
18882,development
18883,development
18884,development
18885,development
18886,development
18887,holdout
18888,holdout
18889,development
18890,development
18891,holdout
18892,development
18893,development
18894,development
18895,development
18896,development
18897,holdout
18898,development
18899,development
18900,development
18901,development
18902,development
18903,development
18904,development
18905,holdout
18906,development
18907,development
18908,holdout
18909,holdout
18910,holdout
18911,development
18912,development
18913,development
18914,development
18915,development
18916,holdout
18917,development
18918,development
18919,development
18920,development
18921,development
18922,holdout
18923,development
18924,development
18925,development
18926,development
18927,development
18928,development
18929,holdout
18930,development
18931,development
18932,development
18933,holdout
18934,development
18935,development
18936,holdout
18937,development
18938,development
18939,development
18940,development
18941,holdout
18942,development
18943,holdout
18944,development
18945,development
18946,holdout
18947,development
18948,development
18949,development
18950,development
18951,development
18952,development
18953,development
18954,holdout
18955,holdout
18956,development
18957,development
18958,development
18959,development
18960,development
18961,development
18962,development
18963,development
18964,development
18965,development
18966,development
18967,holdout
18968,development
18969,development
18970,holdout
18971,development
18972,development
18973,development
18974,development
18975,development
18976,development
18977,development
18978,development
18979,development
18980,holdout
18981,development
18982,development
18983,development
18984,development
18985,holdout
18986,development
18987,development
18988,development
18989,development
18990,development
18991,holdout
18992,development
18993,development
18994,development
18995,development
18996,development
18997,development
18998,holdout
18999,holdout
19000,development
19001,development
19002,development
19003,development
19004,development
19005,development
19006,development
19007,development
19008,development
19009,development
19010,development
19011,development
19012,holdout
19013,holdout
19014,development
19015,development
19016,holdout
19017,development
19018,development
19019,development
19020,holdout
19021,holdout
19022,holdout
19023,development
19024,development
19025,development
19026,development
19027,development
19028,development
19029,holdout
19030,holdout
19031,development
19032,development
19033,development
19034,development
19035,development
19036,development
19037,development
19038,development
19039,development
19040,development
19041,holdout
19042,holdout
19043,development
19044,development
19045,development
19046,holdout
19047,holdout
19048,development
19049,development
19050,development
19051,holdout
19052,development
19053,development
19054,development
19055,holdout
19056,development
19057,development
19058,development
19059,development
19060,development
19061,holdout
19062,development
19063,development
19064,development
19065,holdout
19066,development
19067,development
19068,holdout
19069,development
19070,development
19071,development
19072,development
19073,development
19074,development
19075,holdout
19076,holdout
19077,development
19078,development
19079,development
19080,development
19081,development
19082,development
19083,development
19084,development
19085,holdout
19086,holdout
19087,development
19088,development
19089,holdout
19090,development
19091,development
19092,development
19093,development
19094,development
19095,holdout
19096,development
19097,holdout
19098,development
19099,development
19100,development
19101,development
19102,development
19103,development
19104,development
19105,development
19106,holdout
19107,development
19108,holdout
19109,development
19110,development
19111,holdout
19112,holdout
19113,development
19114,development
19115,development
19116,development
19117,holdout
19118,development
19119,development
19120,development
19121,development
19122,holdout
19123,development
19124,development
19125,development
19126,development
19127,development
19128,holdout
19129,development
19130,development
19131,development
19132,holdout
19133,development
19134,holdout
19135,holdout
19136,development
19137,development
19138,development
19139,development
19140,development
19141,holdout
19142,development
19143,development
19144,development
19145,development
19146,holdout
19147,development
19148,development
19149,holdout
19150,development
19151,development
19152,development
19153,development
19154,development
19155,development
19156,development
19157,holdout
19158,development
19159,development
19160,development
19161,holdout
19162,development
19163,development
19164,development
19165,development
19166,development
19167,holdout
19168,development
19169,holdout
19170,holdout
19171,development
19172,holdout
19173,development
19174,holdout
19175,development
19176,development
19177,holdout
19178,development
19179,development
19180,development
19181,development
19182,development
19183,development
19184,development
19185,development
19186,development
19187,development
19188,development
19189,development
19190,development
19191,holdout
19192,development
19193,development
19194,holdout
19195,development
19196,development
19197,development
19198,holdout
19199,holdout
19200,development
19201,holdout
19202,development
19203,development
19204,holdout
19205,development
19206,development
19207,holdout
19208,holdout
19209,holdout
19210,development
19211,development
19212,development
19213,holdout
19214,holdout
19215,holdout
19216,development
19217,development
19218,development
19219,development
19220,development
19221,development
19222,development
19223,development
19224,development
19225,holdout
19226,development
19227,development
19228,development
19229,development
19230,development
19231,development
19232,development
19233,development
19234,development
19235,development
19236,development
19237,holdout
19238,development
19239,development
19240,development
19241,holdout
19242,holdout
19243,development
19244,holdout
19245,development
19246,development
19247,holdout
19248,holdout
19249,holdout
19250,holdout
19251,development
19252,development
19253,development
19254,development
19255,development
19256,development
19257,development
19258,holdout
19259,holdout
19260,holdout
19261,development
19262,development
19263,development
19264,holdout
19265,holdout
19266,development
19267,development
19268,development
19269,development
19270,development
19271,holdout
19272,development
19273,holdout
19274,development
19275,holdout
19276,development
19277,development
19278,development
19279,holdout
19280,development
19281,development
19282,holdout
19283,development
19284,development
19285,development
19286,development
19287,holdout
19288,development
19289,development
19290,holdout
19291,development
19292,development
19293,development
19294,development
19295,holdout
19296,development
19297,development
19298,development
19299,development
19300,development
19301,development
19302,development
19303,development
19304,development
19305,development
19306,development
19307,development
19308,development
19309,holdout
19310,development
19311,holdout
19312,holdout
19313,development
19314,development
19315,development
19316,development
19317,development
19318,development
19319,development
19320,holdout
19321,development
19322,development
19323,holdout
19324,development
19325,development
19326,development
19327,development
19328,development
19329,development
19330,development
19331,development
19332,holdout
19333,development
19334,development
19335,holdout
19336,holdout
19337,holdout
19338,development
19339,development
19340,development
19341,development
19342,development
19343,development
19344,development
19345,holdout
19346,development
19347,holdout
19348,development
19349,development
19350,development
19351,development
19352,holdout
19353,development
19354,development
19355,development
19356,development
19357,development
19358,holdout
19359,holdout
19360,development
19361,holdout
19362,development
19363,development
19364,development
19365,development
19366,development
19367,development
19368,development
19369,development
19370,holdout
19371,development
19372,development
19373,holdout
19374,holdout
19375,development
19376,holdout
19377,holdout
19378,development
19379,holdout
19380,development
19381,development
19382,holdout
19383,holdout
19384,holdout
19385,development
19386,holdout
19387,development
19388,development
19389,development
19390,development
19391,holdout
19392,holdout
19393,development
19394,development
19395,development
19396,holdout
19397,development
19398,development
19399,holdout
19400,development
19401,development
19402,development
19403,development
19404,development
19405,holdout
19406,development
19407,holdout
19408,development
19409,development
19410,holdout
19411,development
19412,development
19413,holdout
19414,development
19415,holdout
19416,development
19417,holdout
19418,development
19419,development
19420,holdout
19421,development
19422,development
19423,development
19424,development
19425,development
19426,development
19427,holdout
19428,holdout
19429,holdout
19430,development
19431,development
19432,holdout
19433,development
19434,holdout
19435,development
19436,development
19437,holdout
19438,development
19439,development
19440,holdout
19441,development
19442,holdout
19443,development
19444,development
19445,development
19446,development
19447,development
19448,holdout
19449,development
19450,development
19451,development
19452,development
19453,development
19454,holdout
19455,holdout
19456,development
19457,development
19458,development
19459,development
19460,development
19461,development
19462,development
19463,development
19464,development
19465,development
19466,holdout
19467,development
19468,holdout
19469,development
19470,development
19471,holdout
19472,development
19473,holdout
19474,development
19475,holdout
19476,development
19477,holdout
19478,development
19479,development
19480,development
19481,development
19482,development
19483,development
19484,development
19485,development
19486,development
19487,development
19488,holdout
19489,holdout
19490,development
19491,holdout
19492,holdout
19493,development
19494,development
19495,development
19496,development
19497,development
19498,development
19499,development
19500,development
19501,holdout
19502,development
19503,development
19504,development
19505,development
19506,development
19507,development
19508,holdout
19509,development
19510,development
19511,development
19512,holdout
19513,development
19514,development
19515,development
19516,holdout
19517,development
19518,holdout
19519,holdout
19520,development
19521,holdout
19522,development
19523,holdout
19524,holdout
19525,development
19526,development
19527,holdout
19528,development
19529,development
19530,holdout
19531,development
19532,holdout
19533,development
19534,holdout
19535,development
19536,development
19537,holdout
19538,holdout
19539,development
19540,development
19541,development
19542,holdout
19543,development
19544,development
19545,development
19546,development
19547,development
19548,development
19549,holdout
19550,development
19551,holdout
19552,holdout
19553,development
19554,development
19555,development
19556,holdout
19557,development
19558,development
19559,development
19560,development
19561,holdout
19562,development
19563,development
19564,development
19565,development
19566,holdout
19567,holdout
19568,development
19569,development
19570,development
19571,development
19572,development
19573,holdout
19574,holdout
19575,development
19576,development
19577,development
19578,development
19579,holdout
19580,development
19581,development
19582,development
19583,development
19584,development
19585,development
19586,holdout
19587,holdout
19588,holdout
19589,holdout
19590,development
19591,development
19592,development
19593,development
19594,development
19595,development
19596,development
19597,holdout
19598,development
19599,development
19600,development
19601,holdout
19602,holdout
19603,holdout
19604,holdout
19605,development
19606,development
19607,development
19608,development
19609,holdout
19610,development
19611,development
19612,development
19613,development
19614,development
19615,holdout
19616,development
19617,development
19618,holdout
19619,holdout
19620,development
19621,development
19622,development
19623,development
19624,development
19625,holdout
19626,development
19627,development
19628,development
19629,development
19630,holdout
19631,holdout
19632,development
19633,development
19634,development
19635,development
19636,development
19637,development
19638,development
19639,development
19640,development
19641,development
19642,development
19643,holdout
19644,development
19645,holdout
19646,development
19647,holdout
19648,development
19649,holdout
19650,holdout
19651,development
19652,development
19653,development
19654,development
19655,development
19656,development
19657,holdout
19658,development
19659,development
19660,holdout
19661,holdout
19662,development
19663,development
19664,development
19665,development
19666,development
19667,development
19668,development
19669,development
19670,holdout
19671,development
19672,development
19673,development
19674,holdout
19675,holdout
19676,development
19677,development
19678,development
19679,development
19680,development
19681,development
19682,holdout
19683,holdout
19684,holdout
19685,development
19686,development
19687,holdout
19688,holdout
19689,development
19690,development
19691,development
19692,development
19693,holdout
19694,holdout
19695,holdout
19696,development
19697,holdout
19698,development
19699,development
19700,development
19701,development
19702,development
19703,development
19704,development
19705,development
19706,development
19707,development
19708,development
19709,development
19710,development
19711,development
19712,development
19713,development
19714,development
19715,development
19716,development
19717,holdout
19718,development
19719,development
19720,development
19721,development
19722,development
19723,development
19724,development
19725,development
19726,holdout
19727,development
19728,development
19729,development
19730,holdout
19731,holdout
19732,development
19733,development
19734,development
19735,holdout
19736,development
19737,development
19738,development
19739,development
19740,holdout
19741,development
19742,development
19743,development
19744,development
19745,holdout
19746,development
19747,holdout
19748,development
19749,development
19750,development
19751,development
19752,development
19753,development
19754,holdout
19755,development
19756,development
19757,development
19758,development
19759,development
19760,development
19761,development
19762,development
19763,holdout
19764,development
19765,holdout
19766,development
19767,holdout
19768,holdout
19769,development
19770,development
19771,development
19772,holdout
19773,development
19774,development
19775,development
19776,development
19777,development
19778,development
19779,holdout
19780,holdout
19781,holdout
19782,development
19783,development
19784,holdout
19785,holdout
19786,development
19787,development
19788,holdout
19789,development
19790,development
19791,holdout
19792,development
19793,holdout
19794,development
19795,development
19796,development
19797,development
19798,development
19799,holdout
19800,development
19801,holdout
19802,development
19803,development
19804,holdout
19805,holdout
19806,holdout
19807,development
19808,development
19809,holdout
19810,holdout
19811,holdout
19812,holdout
19813,development
19814,development
19815,development
19816,development
19817,development
19818,holdout
19819,holdout
19820,development
19821,development
19822,holdout
19823,holdout
19824,holdout
19825,development
19826,development
19827,holdout
19828,development
19829,holdout
19830,development
19831,development
19832,development
19833,holdout
19834,development
19835,development
19836,development
19837,development
19838,holdout
19839,development
19840,development
19841,development
19842,development
19843,development
19844,development
19845,holdout
19846,development
19847,development
19848,development
19849,development
19850,development
19851,development
19852,holdout
19853,development
19854,development
19855,development
19856,development
19857,development
19858,development
19859,development
19860,development
19861,development
19862,development
19863,development
19864,development
19865,development
19866,holdout
19867,development
19868,holdout
19869,development
19870,development
19871,holdout
19872,development
19873,development
19874,development
19875,development
19876,development
19877,development
19878,development
19879,development
19880,development
19881,holdout
19882,holdout
19883,holdout
19884,development
19885,development
19886,development
19887,development
19888,development
19889,development
19890,development
19891,development
19892,holdout
19893,holdout
19894,development
19895,holdout
19896,development
19897,development
19898,development
19899,holdout
19900,holdout
19901,development
19902,development
19903,holdout
19904,holdout
19905,development
19906,holdout
19907,holdout
19908,development
19909,development
19910,development
19911,development
19912,development
19913,development
19914,development
19915,development
19916,development
19917,holdout
19918,holdout
19919,holdout
19920,development
19921,development
19922,development
19923,holdout
19924,development
19925,development
19926,development
19927,holdout
19928,holdout
19929,development
19930,development
19931,holdout
19932,development
19933,development
19934,development
19935,development
19936,holdout
19937,development
19938,holdout
19939,development
19940,development
19941,development
19942,holdout
19943,development
19944,holdout
19945,holdout
19946,development
19947,development
19948,development
19949,development
19950,development
19951,development
19952,development
19953,development
19954,development
19955,development
19956,development
19957,development
19958,development
19959,development
19960,development
19961,development
19962,development
19963,development
19964,development
19965,development
19966,holdout
19967,holdout
19968,development
19969,holdout
19970,development
19971,holdout
19972,development
19973,development
19974,development
19975,development
19976,development
19977,development
19978,development
19979,holdout
19980,development
19981,holdout
19982,development
19983,development
19984,development
19985,development
19986,development
19987,holdout
19988,development
19989,development
19990,holdout
19991,development
19992,development
19993,development
19994,development
19995,holdout
19996,development
19997,holdout
19998,holdout
19999,holdout
20000,development
20001,development
20002,development
20003,development
20004,holdout
20005,holdout
20006,development
20007,development
20008,development
20009,holdout
20010,development
20011,holdout
20012,holdout
20013,development
20014,development
20015,holdout
20016,holdout
20017,holdout
20018,development
20019,development
20020,development
20021,holdout
20022,holdout
20023,holdout
20024,development
20025,development
20026,development
20027,development
20028,development
20029,development
20030,development
20031,development
20032,holdout
20033,holdout
20034,holdout
20035,holdout
20036,development
20037,development
20038,development
20039,holdout
20040,development
20041,development
20042,development
20043,development
20044,development
20045,holdout
20046,development
20047,development
20048,development
20049,holdout
20050,holdout
20051,holdout
20052,development
20053,development
20054,development
20055,development
20056,development
20057,holdout
20058,holdout
20059,development
20060,development
20061,development
20062,development
20063,holdout
20064,development
20065,development
20066,holdout
20067,holdout
20068,holdout
20069,holdout
20070,development
20071,development
20072,development
20073,holdout
20074,development
20075,holdout
20076,holdout
20077,holdout
20078,holdout
20079,holdout
20080,development
20081,development
20082,holdout
20083,development
20084,holdout
20085,development
20086,development
20087,development
20088,development
20089,holdout
20090,development
20091,holdout
20092,development
20093,development
20094,development
20095,holdout
20096,development
20097,holdout
20098,development
20099,holdout
20100,development
20101,development
20102,development
20103,development
20104,development
20105,development
20106,holdout
20107,development
20108,development
20109,holdout
20110,development
20111,development
20112,development
20113,development
20114,development
20115,development
20116,development
20117,development
20118,development
20119,development
20120,development
20121,holdout
20122,holdout
20123,holdout
20124,development
20125,development
20126,development
20127,development
20128,development
20129,development
20130,development
20131,development
20132,development
20133,development
20134,development
20135,development
20136,development
20137,development
20138,holdout
20139,holdout
20140,development
20141,holdout
20142,development
20143,holdout
20144,holdout
20145,development
20146,development
20147,development
20148,development
20149,development
20150,holdout
20151,holdout
20152,development
20153,development
20154,development
20155,development
20156,development
20157,development
20158,development
20159,development
20160,holdout
20161,development
20162,holdout
20163,development
20164,development
20165,development
20166,development
20167,holdout
20168,development
20169,development
20170,development
20171,development
20172,holdout
20173,development
20174,holdout
20175,development
20176,holdout
20177,holdout
20178,development
20179,development
20180,development
20181,holdout
20182,holdout
20183,holdout
20184,development
20185,development
20186,development
20187,development
20188,development
20189,development
20190,development
20191,development
20192,holdout
20193,holdout
20194,development
20195,development
20196,development
20197,development
20198,development
20199,development
20200,development
20201,development
20202,holdout
20203,development
20204,holdout
20205,development
20206,development
20207,development
20208,holdout
20209,development
20210,development
20211,development
20212,holdout
20213,development
20214,development
20215,development
20216,development
20217,development
20218,development
20219,holdout
20220,development
20221,holdout
20222,holdout
20223,holdout
20224,development
20225,development
20226,development
20227,development
20228,holdout
20229,development
20230,holdout
20231,development
20232,holdout
20233,holdout
20234,development
20235,development
20236,development
20237,development
20238,development
20239,development
20240,development
20241,development
20242,holdout
20243,holdout
20244,development
20245,development
20246,development
20247,holdout
20248,development
20249,development
20250,development
20251,development
20252,holdout
20253,development
20254,holdout
20255,development
20256,development
20257,development
20258,development
20259,development
20260,development
20261,holdout
20262,development
20263,holdout
20264,development
20265,holdout
20266,development
20267,development
20268,development
20269,holdout
20270,holdout
20271,development
20272,holdout
20273,development
20274,development
20275,development
20276,holdout
20277,development
20278,holdout
20279,development
20280,development
20281,holdout
20282,development
20283,development
20284,holdout
20285,development
20286,holdout
20287,development
20288,development
20289,holdout
20290,development
20291,holdout
20292,holdout
20293,development
20294,development
20295,holdout
20296,development
20297,development
20298,development
20299,development
20300,development
20301,holdout
20302,holdout
20303,development
20304,holdout
20305,development
20306,development
20307,holdout
20308,development
20309,development
20310,development
20311,development
20312,holdout
20313,development
20314,development
20315,development
20316,holdout
20317,holdout
20318,development
20319,development
20320,development
20321,development
20322,development
20323,holdout
20324,development
20325,development
20326,development
20327,development
20328,holdout
20329,development
20330,development
20331,development
20332,development
20333,holdout
20334,development
20335,development
20336,development
20337,development
20338,development
20339,development
20340,development
20341,development
20342,development
20343,development
20344,development
20345,development
20346,holdout
20347,development
20348,holdout
20349,development
20350,development
20351,development
20352,development
20353,development
20354,holdout
20355,development
20356,holdout
20357,holdout
20358,holdout
20359,development
20360,development
20361,development
20362,development
20363,development
20364,development
20365,holdout
20366,development
20367,development
20368,development
20369,development
20370,holdout
20371,development
20372,development
20373,holdout
20374,holdout
20375,development
20376,development
20377,development
20378,development
20379,development
20380,development
20381,holdout
20382,development
20383,development
20384,development
20385,development
20386,development
20387,holdout
20388,development
20389,development
20390,development
20391,development
20392,development
20393,holdout
20394,development
20395,development
20396,development
20397,holdout
20398,development
20399,holdout
20400,holdout
20401,development
20402,holdout
20403,development
20404,development
20405,development
20406,holdout
20407,development
20408,development
20409,holdout
20410,holdout
20411,development
20412,development
20413,development
20414,development
20415,development
20416,development
20417,development
20418,development
20419,development
20420,development
20421,development
20422,development
20423,development
20424,holdout
20425,development
20426,holdout
20427,development
20428,holdout
20429,holdout
20430,development
20431,development
20432,development
20433,development
20434,holdout
20435,development
20436,development
20437,holdout
20438,holdout
20439,development
20440,development
20441,development
20442,development
20443,holdout
20444,development
20445,development
20446,development
20447,development
20448,development
20449,holdout
20450,development
20451,holdout
20452,development
20453,holdout
20454,development
20455,development
20456,development
20457,holdout
20458,holdout
20459,development
20460,development
20461,development
20462,holdout
20463,development
20464,holdout
20465,development
20466,development
20467,development
20468,development
20469,holdout
20470,development
20471,development
20472,holdout
20473,development
20474,development
20475,development
20476,development
20477,holdout
20478,development
20479,development
20480,holdout
20481,development
20482,development
20483,development
20484,development
20485,development
20486,development
20487,holdout
20488,holdout
20489,development
20490,development
20491,holdout
20492,development
20493,development
20494,development
20495,development
20496,development
20497,development
20498,development
20499,development
20500,development
20501,development
20502,development
20503,holdout
20504,holdout
20505,development
20506,holdout
20507,holdout
20508,development
20509,development
20510,holdout
20511,development
20512,holdout
20513,development
20514,holdout
20515,holdout
20516,development
20517,development
20518,holdout
20519,development
20520,development
20521,development
20522,development
20523,development
20524,development
20525,development
20526,development
20527,development
20528,development
20529,development
20530,development
20531,development
20532,holdout
20533,holdout
20534,development
20535,development
20536,development
20537,development
20538,development
20539,holdout
20540,holdout
20541,development
20542,holdout
20543,development
20544,holdout
20545,development
20546,holdout
20547,development
20548,holdout
20549,development
20550,development
20551,holdout
20552,development
20553,development
20554,holdout
20555,development
20556,development
20557,holdout
20558,development
20559,holdout
20560,development
20561,development
20562,development
20563,holdout
20564,development
20565,holdout
20566,holdout
20567,development
20568,holdout
20569,development
20570,holdout
20571,holdout
20572,holdout
20573,development
20574,development
20575,development
20576,holdout
20577,holdout
20578,development
20579,development
20580,development
20581,development
20582,holdout
20583,holdout
20584,holdout
20585,development
20586,development
20587,development
20588,development
20589,holdout
20590,development
20591,holdout
20592,holdout
20593,holdout
20594,development
20595,development
20596,holdout
20597,holdout
20598,development
20599,development
20600,development
20601,holdout
20602,holdout
20603,development
20604,holdout
20605,holdout
20606,development
20607,holdout
20608,development
20609,development
20610,development
20611,holdout
20612,holdout
20613,holdout
20614,development
20615,development
20616,development
20617,development
20618,holdout
20619,holdout
20620,development
20621,holdout
20622,development
20623,development
20624,development
20625,development
20626,holdout
20627,development
20628,development
20629,development
20630,holdout
20631,holdout
20632,development
20633,development
20634,development
20635,holdout
20636,development
20637,development
20638,development
20639,holdout
20640,holdout
20641,development
20642,holdout
20643,development
20644,development
20645,development
20646,development
20647,development
20648,development
20649,development
20650,holdout
20651,development
20652,development
20653,development
20654,holdout
20655,holdout
20656,development
20657,holdout
20658,development
20659,development
20660,development
20661,development
20662,development
20663,development
20664,development
20665,development
20666,development
20667,development
20668,holdout
20669,holdout
20670,development
20671,development
20672,holdout
20673,development
20674,holdout
20675,development
20676,development
20677,development
20678,holdout
20679,holdout
20680,development
20681,holdout
20682,holdout
20683,holdout
20684,holdout
20685,development
20686,holdout
20687,holdout
20688,development
20689,development
20690,holdout
20691,development
20692,holdout
20693,development
20694,holdout
20695,development
20696,development
20697,development
20698,development
20699,development
20700,development
20701,development
20702,holdout
20703,development
20704,development
20705,holdout
20706,development
20707,holdout
20708,development
20709,development
20710,holdout
20711,development
20712,development
20713,development
20714,development
20715,holdout
20716,development
20717,development
20718,holdout
20719,development
20720,development
20721,holdout
20722,development
20723,development
20724,holdout
20725,development
20726,development
20727,development
20728,development
20729,development
20730,development
20731,development
20732,holdout
20733,development
20734,development
20735,development
20736,development
20737,development
20738,holdout
20739,development
20740,development
20741,development
20742,development
20743,development
20744,holdout
20745,development
20746,development
20747,holdout
20748,development
20749,development
20750,development
20751,development
20752,development
20753,development
20754,holdout
20755,development
20756,development
20757,holdout
20758,development
20759,development
20760,development
20761,development
20762,development
20763,development
20764,development
20765,holdout
20766,holdout
20767,holdout
20768,holdout
20769,development
20770,development
20771,holdout
20772,development
20773,development
20774,holdout
20775,holdout
20776,development
20777,holdout
20778,development
20779,holdout
20780,holdout
20781,development
20782,development
20783,development
20784,development
20785,development
20786,holdout
20787,development
20788,development
20789,development
20790,holdout
20791,development
20792,development
20793,holdout
20794,development
20795,development
20796,development
20797,development
20798,development
20799,holdout
20800,development
20801,development
20802,development
20803,holdout
20804,development
20805,development
20806,development
20807,development
20808,development
20809,development
20810,development
20811,holdout
20812,development
20813,holdout
20814,development
20815,holdout
20816,development
20817,holdout
20818,development
20819,development
20820,development
20821,development
20822,development
20823,development
20824,holdout
20825,development
20826,development
20827,development
20828,holdout
20829,holdout
20830,development
20831,development
20832,development
20833,development
20834,development
20835,development
20836,holdout
20837,development
20838,holdout
20839,development
20840,development
20841,development
20842,holdout
20843,development
20844,development
20845,development
20846,holdout
20847,development
20848,development
20849,development
20850,development
20851,development
20852,holdout
20853,development
20854,holdout
20855,development
20856,holdout
20857,development
20858,development
20859,development
20860,development
20861,development
20862,development
20863,development
20864,holdout
20865,development
20866,development
20867,development
20868,holdout
20869,holdout
20870,development
20871,development
20872,development
20873,development
20874,holdout
20875,development
20876,development
20877,development
20878,development
20879,development
20880,development
20881,holdout
20882,development
20883,development
20884,development
20885,development
20886,development
20887,holdout
20888,development
20889,development
20890,development
20891,development
20892,development
20893,holdout
20894,development
20895,development
20896,holdout
20897,development
20898,development
20899,development
20900,holdout
20901,development
20902,development
20903,development
20904,holdout
20905,development
20906,development
20907,development
20908,development
20909,development
20910,development
20911,holdout
20912,holdout
20913,development
20914,holdout
20915,holdout
20916,holdout
20917,holdout
20918,development
20919,development
20920,holdout
20921,development
20922,holdout
20923,development
20924,development
20925,development
20926,development
20927,development
20928,development
20929,development
20930,development
20931,development
20932,development
20933,development
20934,development
20935,holdout
20936,holdout
20937,holdout
20938,development
20939,development
20940,holdout
20941,development
20942,development
20943,development
20944,development
20945,holdout
20946,development
20947,development
20948,holdout
20949,holdout
20950,holdout
20951,development
20952,development
20953,development
20954,development
20955,development
20956,development
20957,development
20958,development
20959,holdout
20960,development
20961,development
20962,holdout
20963,development
20964,holdout
20965,development
20966,development
20967,development
20968,development
20969,development
20970,development
20971,holdout
20972,development
20973,development
20974,holdout
20975,holdout
20976,holdout
20977,holdout
20978,development
20979,development
20980,development
20981,holdout
20982,development
20983,development
20984,development
20985,development
20986,development
20987,development
20988,holdout
20989,holdout
20990,development
20991,development
20992,development
20993,development
20994,development
20995,holdout
20996,development
20997,development
20998,development
20999,development
21000,development
21001,development
21002,development
21003,development
21004,development
21005,holdout
21006,development
21007,development
21008,development
21009,holdout
21010,holdout
21011,holdout
21012,development
21013,development
21014,development
21015,development
21016,holdout
21017,development
21018,holdout
21019,holdout
21020,development
21021,development
21022,development
21023,holdout
21024,development
21025,development
21026,development
21027,holdout
21028,holdout
21029,development
21030,holdout
21031,holdout
21032,holdout
21033,development
21034,development
21035,development
21036,holdout
21037,development
21038,development
21039,development
21040,development
21041,holdout
21042,development
21043,development
21044,holdout
21045,holdout
21046,development
21047,development
21048,holdout
21049,development
21050,holdout
21051,holdout
21052,holdout
21053,development
21054,development
21055,development
21056,development
21057,development
21058,development
21059,development
21060,development
21061,development
21062,development
21063,holdout
21064,development
21065,holdout
21066,holdout
21067,holdout
21068,holdout
21069,development
21070,development
21071,development
21072,development
21073,development
21074,development
21075,development
21076,development
21077,development
21078,development
21079,development
21080,development
21081,holdout
21082,development
21083,holdout
21084,development
21085,development
21086,holdout
21087,development
21088,holdout
21089,development
21090,development
21091,development
21092,development
21093,development
21094,development
21095,development
21096,development
21097,development
21098,development
21099,development
21100,development
21101,development
21102,holdout
21103,development
21104,holdout
21105,development
21106,development
21107,development
21108,development
21109,development
21110,development
21111,development
21112,development
21113,development
21114,holdout
21115,development
21116,holdout
21117,development
21118,development
21119,development
21120,development
21121,development
21122,development
21123,development
21124,holdout
21125,development
21126,development
21127,holdout
21128,holdout
21129,holdout
21130,development
21131,development
21132,development
21133,development
21134,development
21135,holdout
21136,holdout
21137,development
21138,development
21139,development
21140,development
21141,holdout
21142,development
21143,development
21144,development
21145,development
21146,development
21147,development
21148,holdout
21149,holdout
21150,development
21151,development
21152,development
21153,development
21154,holdout
21155,development
21156,holdout
21157,holdout
21158,development
21159,holdout
21160,development
21161,development
21162,holdout
21163,holdout
21164,holdout
21165,development
21166,development
21167,holdout
21168,development
21169,development
21170,holdout
21171,holdout
21172,development
21173,holdout
21174,development
21175,development
21176,development
21177,development
21178,development
21179,holdout
21180,holdout
21181,holdout
21182,holdout
21183,holdout
21184,development
21185,development
21186,holdout
21187,holdout
21188,development
21189,development
21190,development
21191,development
21192,development
21193,development
21194,development
21195,development
21196,development
21197,development
21198,holdout
21199,development
21200,holdout
21201,development
21202,holdout
21203,development
21204,holdout
21205,holdout
21206,holdout
21207,development
21208,development
21209,holdout
21210,development
21211,development
21212,development
21213,development
21214,holdout
21215,holdout
21216,development
21217,development
21218,development
21219,holdout
21220,development
21221,development
21222,development
21223,development
21224,development
21225,holdout
21226,development
21227,holdout
21228,holdout
21229,development
21230,holdout
21231,development
21232,development
21233,development
21234,development
21235,holdout
21236,development
21237,holdout
21238,development
21239,development
21240,development
21241,holdout
21242,development
21243,development
21244,development
21245,development
21246,development
21247,development
21248,development
21249,holdout
21250,holdout
21251,development
21252,development
21253,holdout
21254,development
21255,development
21256,development
21257,development
21258,development
21259,development
21260,development
21261,development
21262,development
21263,development
21264,holdout
21265,development
21266,holdout
21267,development
21268,development
21269,development
21270,development
21271,holdout
21272,development
21273,development
21274,holdout
21275,holdout
21276,holdout
21277,development
21278,development
21279,development
21280,holdout
21281,holdout
21282,development
21283,development
21284,development
21285,development
21286,development
21287,holdout
21288,holdout
21289,development
21290,holdout
21291,development
21292,development
21293,holdout
21294,development
21295,development
21296,development
21297,development
21298,development
21299,development
21300,development
21301,development
21302,development
21303,holdout
21304,holdout
21305,holdout
21306,development
21307,development
21308,development
21309,development
21310,development
21311,development
21312,development
21313,development
21314,holdout
21315,development
21316,holdout
21317,holdout
21318,development
21319,development
21320,development
21321,development
21322,development
21323,development
21324,development
21325,development
21326,holdout
21327,development
21328,development
21329,development
21330,development
21331,development
21332,holdout
21333,development
21334,development
21335,holdout
21336,holdout
21337,development
21338,holdout
21339,development
21340,development
21341,development
21342,development
21343,development
21344,development
21345,holdout
21346,development
21347,development
21348,development
21349,development
21350,development
21351,development
21352,development
21353,holdout
21354,development
21355,holdout
21356,development
21357,development
21358,holdout
21359,development
21360,development
21361,development
21362,development
21363,holdout
21364,development
21365,development
21366,development
21367,holdout
21368,development
21369,development
21370,development
21371,development
21372,development
21373,holdout
21374,development
21375,development
21376,development
21377,holdout
21378,development
21379,development
21380,development
21381,holdout
21382,holdout
21383,holdout
21384,development
21385,development
21386,development
21387,development
21388,development
21389,development
21390,development
21391,development
21392,development
21393,holdout
21394,development
21395,development
21396,holdout
21397,development
21398,development
21399,development
21400,holdout
21401,development
21402,development
21403,holdout
21404,development
21405,development
21406,development
21407,development
21408,development
21409,development
21410,development
21411,development
21412,holdout
21413,development
21414,holdout
21415,development
21416,development
21417,development
21418,development
21419,development
21420,development
21421,development
21422,development
21423,holdout
21424,development
21425,development
21426,development
21427,development
21428,holdout
21429,development
21430,development
21431,development
21432,development
21433,development
21434,development
21435,development
21436,holdout
21437,development
21438,development
21439,development
21440,development
21441,development
21442,development
21443,development
21444,development
21445,holdout
21446,holdout
21447,holdout
21448,development
21449,development
21450,holdout
21451,holdout
21452,development
21453,development
21454,development
21455,development
21456,development
21457,development
21458,development
21459,holdout
21460,holdout
21461,development
21462,development
21463,development
21464,holdout
21465,development
21466,development
21467,holdout
21468,development
21469,holdout
21470,development
21471,development
21472,development
21473,holdout
21474,development
21475,development
21476,holdout
21477,development
21478,development
21479,holdout
21480,holdout
21481,development
21482,development
21483,development
21484,development
21485,holdout
21486,holdout
21487,development
21488,development
21489,development
21490,development
21491,holdout
21492,development
21493,development
21494,development
21495,holdout
21496,development
21497,holdout
21498,development
21499,development
21500,development
21501,development
21502,holdout
21503,holdout
21504,development
21505,holdout
21506,holdout
21507,development
21508,holdout
21509,holdout
21510,development
21511,holdout
21512,development
21513,development
21514,development
21515,holdout
21516,holdout
21517,development
21518,development
21519,holdout
21520,holdout
21521,development
21522,development
21523,development
21524,development
21525,development
21526,development
21527,development
21528,holdout
21529,development
21530,development
21531,development
21532,development
21533,development
21534,development
21535,development
21536,development
21537,holdout
21538,development
21539,holdout
21540,development
21541,development
21542,holdout
21543,holdout
21544,development
21545,development
21546,development
21547,holdout
21548,holdout
21549,development
21550,holdout
21551,development
21552,holdout
21553,development
21554,development
21555,development
21556,holdout
21557,development
21558,development
21559,development
21560,holdout
21561,development
21562,development
21563,development
21564,development
21565,development
21566,holdout
21567,holdout
21568,development
21569,development
21570,development
21571,development
21572,development
21573,development
21574,holdout
21575,holdout
21576,holdout
21577,development
21578,development
21579,development
21580,development
21581,holdout
21582,development
21583,holdout
21584,development
21585,development
21586,development
21587,development
21588,development
21589,development
21590,development
21591,development
21592,development
21593,development
21594,development
21595,development
21596,holdout
21597,development
21598,development
21599,holdout
21600,development
21601,development
21602,development
21603,holdout
21604,holdout
21605,development
21606,holdout
21607,development
21608,development
21609,holdout
21610,development
21611,development
21612,development
21613,development
21614,development
21615,development
21616,development
21617,holdout
21618,holdout
21619,development
21620,holdout
21621,development
21622,development
21623,development
21624,development
21625,development
21626,development
21627,development
21628,holdout
21629,development
21630,holdout
21631,development
21632,development
21633,development
21634,development
21635,holdout
21636,development
21637,development
21638,development
21639,development
21640,development
21641,holdout
21642,development
21643,development
21644,development
21645,development
21646,development
21647,development
21648,development
21649,development
21650,development
21651,development
21652,development
21653,development
21654,development
21655,development
21656,holdout
21657,holdout
21658,development
21659,holdout
21660,development
21661,development
21662,development
21663,development
21664,development
21665,development
21666,holdout
21667,development
21668,development
21669,holdout
21670,development
21671,development
21672,holdout
21673,development
21674,development
21675,holdout
21676,holdout
21677,holdout
21678,development
21679,development
21680,development
21681,holdout
21682,holdout
21683,development
21684,development
21685,development
21686,holdout
21687,holdout
21688,holdout
21689,development
21690,development
21691,development
21692,development
21693,development
21694,holdout
21695,development
21696,holdout
21697,development
21698,development
21699,development
21700,development
21701,holdout
21702,holdout
21703,holdout
21704,holdout
21705,development
21706,development
21707,holdout
21708,development
21709,development
21710,development
21711,development
21712,holdout
21713,development
21714,development
21715,development
21716,holdout
21717,development
21718,development
21719,development
21720,development
21721,holdout
21722,development
21723,development
21724,development
21725,development
21726,development
21727,development
21728,holdout
21729,development
21730,development
21731,holdout
21732,holdout
21733,holdout
21734,holdout
21735,development
21736,holdout
21737,development
21738,holdout
21739,development
21740,holdout
21741,development
21742,holdout
21743,development
21744,holdout
21745,development
21746,holdout
21747,holdout
21748,development
21749,development
21750,holdout
21751,development
21752,development
21753,development
21754,development
21755,development
21756,development
21757,holdout
21758,development
21759,holdout
21760,development
21761,development
21762,holdout
21763,development
21764,holdout
21765,holdout
21766,development
21767,development
21768,development
21769,development
21770,development
21771,holdout
21772,development
21773,development
21774,development
21775,development
21776,development
21777,development
21778,holdout
21779,development
21780,development
21781,development
21782,development
21783,development
21784,holdout
21785,development
21786,holdout
21787,development
21788,development
21789,development
21790,development
21791,development
21792,development
21793,holdout
21794,development
21795,development
21796,development
21797,holdout
21798,development
21799,development
21800,development
21801,development
21802,development
21803,development
21804,development
21805,development
21806,development
21807,development
21808,development
21809,development
21810,development
21811,development
21812,holdout
21813,development
21814,development
21815,development
21816,holdout
21817,holdout
21818,development
21819,holdout
21820,development
21821,development
21822,holdout
21823,holdout
21824,development
21825,holdout
21826,development
21827,development
21828,development
21829,development
21830,development
21831,development
21832,development
21833,development
21834,development
21835,development
21836,development
21837,development
21838,holdout
21839,development
21840,development
21841,development
21842,development
21843,holdout
21844,holdout
21845,development
21846,development
21847,development
21848,development
21849,development
21850,development
21851,development
21852,development
21853,holdout
21854,development
21855,development
21856,development
21857,holdout
21858,holdout
21859,development
21860,development
21861,holdout
21862,development
21863,development
21864,holdout
21865,development
21866,development
21867,development
21868,holdout
21869,holdout
21870,development
21871,holdout
21872,development
21873,development
21874,development
21875,development
21876,development
21877,holdout
21878,development
21879,development
21880,development
21881,development
21882,development
21883,development
21884,holdout
21885,holdout
21886,development
21887,holdout
21888,holdout
21889,holdout
21890,development
21891,development
21892,development
21893,development
21894,development
21895,development
21896,development
21897,holdout
21898,development
21899,holdout
21900,development
21901,holdout
21902,holdout
21903,development
21904,development
21905,holdout
21906,holdout
21907,development
21908,development
21909,development
21910,development
21911,development
21912,holdout
21913,development
21914,development
21915,development
21916,development
21917,development
21918,holdout
21919,development
21920,holdout
21921,development
21922,development
21923,development
21924,development
21925,holdout
21926,development
21927,holdout
21928,holdout
21929,development
21930,development
21931,development
21932,development
21933,development
21934,holdout
21935,development
21936,development
21937,development
21938,development
21939,development
21940,holdout
21941,holdout
21942,holdout
21943,holdout
21944,development
21945,holdout
21946,development
21947,holdout
21948,development
21949,development
21950,development
21951,development
21952,development
21953,holdout
21954,development
21955,development
21956,development
21957,holdout
21958,development
21959,development
21960,development
21961,development
21962,development
21963,development
21964,holdout
21965,holdout
21966,holdout
21967,development
21968,holdout
21969,development
21970,development
21971,holdout
21972,development
21973,development
21974,development
21975,development
21976,holdout
21977,development
21978,development
21979,development
21980,development
21981,development
21982,development
21983,development
21984,development
21985,holdout
21986,development
21987,development
21988,holdout
21989,development
21990,holdout
21991,holdout
21992,development
21993,development
21994,holdout
21995,development
21996,development
21997,holdout
21998,holdout
21999,holdout
22000,development
22001,development
22002,development
22003,development
22004,holdout
22005,development
22006,holdout
22007,development
22008,development
22009,development
22010,holdout
22011,holdout
22012,development
22013,development
22014,development
22015,development
22016,holdout
22017,holdout
22018,development
22019,development
22020,development
22021,holdout
22022,holdout
22023,development
22024,development
22025,development
22026,development
22027,development
22028,holdout
22029,holdout
22030,holdout
22031,holdout
22032,development
22033,development
22034,development
22035,development
22036,development
22037,holdout
22038,development
22039,development
22040,development
22041,development
22042,development
22043,development
22044,development
22045,development
22046,development
22047,holdout
22048,development
22049,development
22050,development
22051,holdout
22052,development
22053,holdout
22054,development
22055,development
22056,holdout
22057,development
22058,holdout
22059,development
22060,development
22061,holdout
22062,holdout
22063,development
22064,holdout
22065,holdout
22066,development
22067,development
22068,development
22069,development
22070,holdout
22071,holdout
22072,development
22073,development
22074,development
22075,development
22076,development
22077,holdout
22078,development
22079,development
22080,development
22081,holdout
22082,holdout
22083,holdout
22084,holdout
22085,holdout
22086,holdout
22087,development
22088,development
22089,development
22090,development
22091,development
22092,development
22093,holdout
22094,development
22095,development
22096,development
22097,development
22098,development
22099,development
22100,development
22101,development
22102,holdout
22103,development
22104,holdout
22105,holdout
22106,holdout
22107,development
22108,holdout
22109,development
22110,holdout
22111,development
22112,development
22113,development
22114,development
22115,holdout
22116,development
22117,development
22118,holdout
22119,holdout
22120,development
22121,development
22122,holdout
22123,development
22124,holdout
22125,holdout
22126,holdout
22127,holdout
22128,holdout
22129,holdout
22130,development
22131,development
22132,holdout
22133,holdout
22134,development
22135,holdout
22136,holdout
22137,development
22138,holdout
22139,development
22140,holdout
22141,development
22142,development
22143,development
22144,development
22145,holdout
22146,development
22147,development
22148,development
22149,development
22150,holdout
22151,development
22152,development
22153,development
22154,holdout
22155,development
22156,development
22157,development
22158,development
22159,development
22160,holdout
22161,development
22162,development
22163,holdout
22164,development
22165,development
22166,development
22167,holdout
22168,holdout
22169,holdout
22170,development
22171,development
22172,development
22173,holdout
22174,holdout
22175,development
22176,development
22177,development
22178,development
22179,holdout
22180,development
22181,holdout
22182,holdout
22183,holdout
22184,development
22185,development
22186,development
22187,development
22188,development
22189,holdout
22190,development
22191,holdout
22192,development
22193,development
22194,development
22195,holdout
22196,development
22197,holdout
22198,holdout
22199,development
22200,development
22201,development
22202,development
22203,holdout
22204,development
22205,development
22206,holdout
22207,holdout
22208,development
22209,development
22210,development
22211,development
22212,development
22213,development
22214,development
22215,development
22216,holdout
22217,development
22218,holdout
22219,development
22220,development
22221,development
22222,development
22223,development
22224,holdout
22225,development
22226,development
22227,development
22228,holdout
22229,holdout
22230,development
22231,holdout
22232,holdout
22233,development
22234,development
22235,development
22236,development
22237,development
22238,development
22239,holdout
22240,development
22241,development
22242,holdout
22243,development
22244,development
22245,holdout
22246,development
22247,holdout
22248,development
22249,holdout
22250,holdout
22251,development
22252,holdout
22253,holdout
22254,holdout
22255,development
22256,holdout
22257,holdout
22258,holdout
22259,holdout
22260,development
22261,holdout
22262,holdout
22263,holdout
22264,holdout
22265,development
22266,development
22267,holdout
22268,development
22269,development
22270,development
22271,holdout
22272,development
22273,development
22274,holdout
22275,development
22276,holdout
22277,holdout
22278,development
22279,holdout
22280,development
22281,development
22282,development
22283,development
22284,development
22285,holdout
22286,holdout
22287,development
22288,development
22289,holdout
22290,holdout
22291,holdout
22292,holdout
22293,development
22294,development
22295,holdout
22296,development
22297,holdout
22298,holdout
22299,holdout
22300,development
22301,development
22302,holdout
22303,development
22304,holdout
22305,development
22306,holdout
22307,development
22308,holdout
22309,holdout
22310,development
22311,holdout
22312,holdout
22313,development
22314,development
22315,development
22316,development
22317,development
22318,development
22319,holdout
22320,development
22321,development
22322,development
22323,development
22324,development
22325,development
22326,holdout
22327,development
22328,development
22329,development
22330,holdout
22331,development
22332,development
22333,development
22334,development
22335,development
22336,development
22337,development
22338,development
22339,holdout
22340,holdout
22341,holdout
22342,development
22343,development
22344,development
22345,development
22346,holdout
22347,development
22348,holdout
22349,development
22350,development
22351,development
22352,development
22353,development
22354,development
22355,development
22356,development
22357,development
22358,development
22359,development
22360,holdout
22361,holdout
22362,development
22363,development
22364,development
22365,development
22366,development
22367,development
22368,holdout
22369,holdout
22370,development
22371,holdout
22372,development
22373,development
22374,development
22375,development
22376,holdout
22377,development
22378,development
22379,holdout
22380,holdout
22381,development
22382,holdout
22383,development
22384,holdout
22385,development
22386,development
22387,development
22388,development
22389,holdout
22390,development
22391,development
22392,development
22393,development
22394,development
22395,development
22396,holdout
22397,holdout
22398,holdout
22399,development
22400,development
22401,development
22402,holdout
22403,development
22404,development
22405,development
22406,development
22407,holdout
22408,development
22409,development
22410,development
22411,holdout
22412,development
22413,development
22414,holdout
22415,holdout
22416,development
22417,development
22418,development
22419,holdout
22420,development
22421,development
22422,holdout
22423,development
22424,holdout
22425,holdout
22426,holdout
22427,holdout
22428,holdout
22429,holdout
22430,development
22431,development
22432,development
22433,development
22434,development
22435,development
22436,development
22437,development
22438,development
22439,development
22440,development
22441,holdout
22442,holdout
22443,development
22444,development
22445,development
22446,development
22447,development
22448,development
22449,holdout
22450,holdout
22451,development
22452,development
22453,holdout
22454,development
22455,development
22456,development
22457,holdout
22458,development
22459,holdout
22460,holdout
22461,development
22462,development
22463,development
22464,development
22465,development
22466,holdout
22467,holdout
22468,development
22469,development
22470,holdout
22471,development
22472,holdout
22473,holdout
22474,development
22475,development
22476,holdout
22477,development
22478,development
22479,development
22480,development
22481,development
22482,development
22483,development
22484,holdout
22485,holdout
22486,development
22487,holdout
22488,holdout
22489,holdout
22490,development
22491,development
22492,development
22493,holdout
22494,development
22495,development
22496,development
22497,development
22498,holdout
22499,development
22500,holdout
22501,development
22502,holdout
22503,holdout
22504,development
22505,development
22506,holdout
22507,development
22508,development
22509,development
22510,development
22511,development
22512,development
22513,development
22514,holdout
22515,holdout
22516,development
22517,development
22518,development
22519,development
22520,development
22521,holdout
22522,development
22523,development
22524,holdout
22525,development
22526,holdout
22527,development
22528,holdout
22529,development
22530,development
22531,development
22532,development
22533,development
22534,development
22535,development
22536,development
22537,holdout
22538,development
22539,development
22540,development
22541,development
22542,development
22543,development
22544,development
22545,development
22546,holdout
22547,development
22548,development
22549,development
22550,holdout
22551,development
22552,development
22553,holdout
22554,development
22555,development
22556,development
22557,development
22558,development
22559,development
22560,development
22561,development
22562,development
22563,development
22564,development
22565,development
22566,holdout
22567,holdout
22568,development
22569,holdout
22570,development
22571,development
22572,holdout
22573,holdout
22574,development
22575,development
22576,holdout
22577,holdout
22578,holdout
22579,development
22580,development
22581,holdout
22582,holdout
22583,holdout
22584,development
22585,development
22586,holdout
22587,development
22588,development
22589,development
22590,holdout
22591,holdout
22592,development
22593,development
22594,development
22595,holdout
22596,development
22597,development
22598,development
22599,holdout
22600,holdout
22601,development
22602,holdout
22603,holdout
22604,development
22605,development
22606,development
22607,development
22608,development
22609,holdout
22610,development
22611,holdout
22612,development
22613,development
22614,development
22615,holdout
22616,development
22617,development
22618,development
22619,development
22620,holdout
22621,development
22622,development
22623,development
22624,development
22625,holdout
22626,development
22627,development
22628,holdout
22629,development
22630,development
22631,development
22632,development
22633,holdout
22634,holdout
22635,development
22636,holdout
22637,development
22638,holdout
22639,development
22640,development
22641,holdout
22642,holdout
22643,holdout
22644,development
22645,development
22646,development
22647,development
22648,development
22649,development
22650,holdout
22651,development
22652,holdout
22653,holdout
22654,development
22655,development
22656,development
22657,development
22658,development
22659,holdout
22660,holdout
22661,holdout
22662,development
22663,development
22664,development
22665,holdout
22666,development
22667,holdout
22668,development
22669,development
22670,development
22671,development
22672,development
22673,holdout
22674,holdout
22675,development
22676,development
22677,development
22678,holdout
22679,development
22680,development
22681,development
22682,development
22683,holdout
22684,holdout
22685,development
22686,development
22687,development
22688,development
22689,development
22690,development
22691,holdout
22692,holdout
22693,development
22694,development
22695,development
22696,holdout
22697,development
22698,development
22699,development
22700,development
22701,development
22702,holdout
22703,development
22704,development
22705,development
22706,holdout
22707,holdout
22708,holdout
22709,development
22710,development
22711,development
22712,development
22713,development
22714,holdout
22715,development
22716,holdout
22717,development
22718,development
22719,holdout
22720,holdout
22721,development
22722,development
22723,development
22724,development
22725,development
22726,development
22727,development
22728,holdout
22729,development
22730,development
22731,holdout
22732,development
22733,development
22734,development
22735,development
22736,development
22737,holdout
22738,holdout
22739,development
22740,development
22741,development
22742,development
22743,development
22744,development
22745,development
22746,development
22747,holdout
22748,holdout
22749,holdout
22750,development
22751,development
22752,development
22753,development
22754,development
22755,development
22756,development
22757,development
22758,development
22759,development
22760,development
22761,development
22762,development
22763,holdout
22764,holdout
22765,development
22766,holdout
22767,development
22768,development
22769,development
22770,development
22771,holdout
22772,holdout
22773,holdout
22774,development
22775,development
22776,development
22777,development
22778,development
22779,development
22780,development
22781,development
22782,development
22783,development
22784,holdout
22785,development
22786,development
22787,holdout
22788,development
22789,development
22790,development
22791,holdout
22792,development
22793,holdout
22794,development
22795,holdout
22796,holdout
22797,development
22798,development
22799,holdout
22800,development
22801,development
22802,holdout
22803,holdout
22804,development
22805,development
22806,holdout
22807,development
22808,holdout
22809,development
22810,development
22811,development
22812,development
22813,holdout
22814,development
22815,development
22816,development
22817,development
22818,development
22819,development
22820,development
22821,development
22822,development
22823,development
22824,development
22825,holdout
22826,development
22827,holdout
22828,development
22829,development
22830,development
22831,development
22832,development
22833,holdout
22834,development
22835,development
22836,development
22837,holdout
22838,holdout
22839,development
22840,development
22841,development
22842,development
22843,development
22844,development
22845,holdout
22846,development
22847,holdout
22848,development
22849,development
22850,development
22851,holdout
22852,holdout
22853,development
22854,development
22855,development
22856,holdout
22857,development
22858,holdout
22859,holdout
22860,development
22861,development
22862,development
22863,development
22864,development
22865,development
22866,development
22867,holdout
22868,development
22869,development
22870,development
22871,holdout
22872,development
22873,holdout
22874,development
22875,development
22876,development
22877,development
22878,development
22879,development
22880,development
22881,development
22882,holdout
22883,holdout
22884,holdout
22885,development
22886,development
22887,development
22888,holdout
22889,holdout
22890,development
22891,development
22892,development
22893,development
22894,development
22895,holdout
22896,development
22897,holdout
22898,development
22899,development
22900,holdout
22901,development
22902,development
22903,development
22904,development
22905,development
22906,development
22907,development
22908,development
22909,holdout
22910,development
22911,development
22912,development
22913,holdout
22914,development
22915,development
22916,holdout
22917,holdout
22918,development
22919,holdout
22920,holdout
22921,holdout
22922,development
22923,development
22924,holdout
22925,holdout
22926,development
22927,development
22928,holdout
22929,holdout
22930,development
22931,development
22932,development
22933,holdout
22934,development
22935,holdout
22936,development
22937,development
22938,development
22939,holdout
22940,development
22941,development
22942,development
22943,holdout
22944,development
22945,holdout
22946,development
22947,development
22948,holdout
22949,development
22950,holdout
22951,development
22952,development
22953,development
22954,holdout
22955,development
22956,development
22957,holdout
22958,holdout
22959,development
22960,development
22961,development
22962,holdout
22963,holdout
22964,development
22965,development
22966,development
22967,development
22968,development
22969,development
22970,development
22971,development
22972,development
22973,development
22974,holdout
22975,development
22976,holdout
22977,holdout
22978,development
22979,development
22980,holdout
22981,development
22982,holdout
22983,holdout
22984,holdout
22985,development
22986,holdout
22987,holdout
22988,holdout
22989,development
22990,development
22991,holdout
22992,development
22993,development
22994,development
22995,holdout
22996,holdout
22997,development
22998,development
22999,holdout
23000,development
23001,development
23002,holdout
23003,holdout
23004,holdout
23005,development
23006,holdout
23007,development
23008,holdout
23009,development
23010,holdout
23011,development
23012,development
23013,holdout
23014,holdout
23015,holdout
23016,development
23017,holdout
23018,development
23019,development
23020,holdout
23021,holdout
23022,development
23023,development
23024,holdout
23025,development
23026,development
23027,development
23028,development
23029,development
23030,development
23031,holdout
23032,development
23033,holdout
23034,holdout
23035,holdout
23036,development
23037,development
23038,development
23039,holdout
23040,development
23041,development
23042,development
23043,holdout
23044,development
23045,development
23046,holdout
23047,development
23048,development
23049,holdout
23050,development
23051,development
23052,development
23053,development
23054,development
23055,development
23056,development
23057,development
23058,holdout
23059,development
23060,holdout
23061,holdout
23062,development
23063,development
23064,development
23065,development
23066,development
23067,development
23068,development
23069,holdout
23070,development
23071,development
23072,development
23073,holdout
23074,development
23075,development
23076,development
23077,development
23078,holdout
23079,development
23080,development
23081,development
23082,development
23083,holdout
23084,development
23085,development
23086,development
23087,holdout
23088,development
23089,development
23090,development
23091,development
23092,holdout
23093,development
23094,development
23095,holdout
23096,development
23097,development
23098,development
23099,development
23100,development
23101,development
23102,development
23103,development
23104,development
23105,development
23106,holdout
23107,development
23108,holdout
23109,holdout
23110,holdout
23111,development
23112,development
23113,holdout
23114,development
23115,development
23116,development
23117,development
23118,development
23119,development
23120,development
23121,holdout
23122,development
23123,holdout
23124,holdout
23125,development
23126,holdout
23127,development
23128,development
23129,holdout
23130,development
23131,development
23132,development
23133,development
23134,holdout
23135,holdout
23136,holdout
23137,holdout
23138,development
23139,development
23140,holdout
23141,holdout
23142,development
23143,development
23144,holdout
23145,holdout
23146,holdout
23147,development
23148,development
23149,development
23150,development
23151,development
23152,holdout
23153,development
23154,development
23155,holdout
23156,development
23157,development
23158,development
23159,development
23160,development
23161,development
23162,development
23163,development
23164,holdout
23165,development
23166,development
23167,development
23168,development
23169,development
23170,development
23171,development
23172,holdout
23173,holdout
23174,holdout
23175,holdout
23176,holdout
23177,holdout
23178,development
23179,holdout
23180,development
23181,development
23182,development
23183,development
23184,development
23185,holdout
23186,development
23187,development
23188,development
23189,development
23190,development
23191,development
23192,holdout
23193,development
23194,holdout
23195,development
23196,development
23197,holdout
23198,development
23199,development
23200,development
23201,development
23202,development
23203,development
23204,development
23205,holdout
23206,holdout
23207,holdout
23208,development
23209,development
23210,development
23211,holdout
23212,development
23213,holdout
23214,development
23215,development
23216,development
23217,development
23218,holdout
23219,development
23220,development
23221,development
23222,holdout
23223,holdout
23224,development
23225,development
23226,development
23227,holdout
23228,development
23229,development
23230,development
23231,development
23232,holdout
23233,development
23234,development
23235,development
23236,development
23237,holdout
23238,development
23239,development
23240,development
23241,development
23242,development
23243,development
23244,development
23245,development
23246,development
23247,development
23248,development
23249,development
23250,development
23251,development
23252,development
23253,development
23254,holdout
23255,development
23256,development
23257,development
23258,development
23259,development
23260,development
23261,holdout
23262,development
23263,development
23264,holdout
23265,development
23266,holdout
23267,development
23268,development
23269,holdout
23270,holdout
23271,development
23272,development
23273,development
23274,holdout
23275,development
23276,development
23277,development
23278,development
23279,development
23280,development
23281,holdout
23282,holdout
23283,holdout
23284,development
23285,development
23286,holdout
23287,development
23288,holdout
23289,development
23290,holdout
23291,development
23292,development
23293,holdout
23294,development
23295,development
23296,holdout
23297,holdout
23298,development
23299,development
23300,development
23301,development
23302,development
23303,development
23304,holdout
23305,development
23306,development
23307,development
23308,development
23309,development
23310,development
23311,holdout
23312,development
23313,development
23314,development
23315,development
23316,development
23317,development
23318,development
23319,holdout
23320,development
23321,development
23322,holdout
23323,development
23324,holdout
23325,holdout
23326,development
23327,development
23328,development
23329,development
23330,development
23331,holdout
23332,development
23333,holdout
23334,development
23335,holdout
23336,holdout
23337,holdout
23338,development
23339,development
23340,development
23341,holdout
23342,development
23343,development
23344,holdout
23345,development
23346,development
23347,development
23348,development
23349,holdout
23350,holdout
23351,development
23352,development
23353,development
23354,development
23355,development
23356,development
23357,development
23358,development
23359,development
23360,development
23361,holdout
23362,development
23363,development
23364,development
23365,development
23366,development
23367,holdout
23368,development
23369,development
23370,development
23371,holdout
23372,holdout
23373,development
23374,development
23375,development
23376,holdout
23377,holdout
23378,development
23379,holdout
23380,development
23381,holdout
23382,development
23383,development
23384,holdout
23385,development
23386,holdout
23387,development
23388,holdout
23389,development
23390,holdout
23391,holdout
23392,development
23393,development
23394,holdout
23395,holdout
23396,development
23397,development
23398,development
23399,development
23400,holdout
23401,holdout
23402,development
23403,development
23404,development
23405,development
23406,development
23407,holdout
23408,holdout
23409,development
23410,holdout
23411,development
23412,holdout
23413,development
23414,holdout
23415,holdout
23416,development
23417,development
23418,holdout
23419,development
23420,development
23421,development
23422,development
23423,development
23424,development
23425,holdout
23426,holdout
23427,development
23428,development
23429,holdout
23430,holdout
23431,development
23432,development
23433,holdout
23434,development
23435,development
23436,holdout
23437,development
23438,development
23439,development
23440,holdout
23441,holdout
23442,development
23443,development
23444,development
23445,development
23446,development
23447,holdout
23448,holdout
23449,development
23450,development
23451,development
23452,development
23453,development
23454,development
23455,holdout
23456,development
23457,development
23458,development
23459,holdout
23460,holdout
23461,development
23462,holdout
23463,development
23464,development
23465,holdout
23466,development
23467,development
23468,development
23469,development
23470,development
23471,holdout
23472,development
23473,development
23474,development
23475,holdout
23476,development
23477,development
23478,development
23479,development
23480,development
23481,development
23482,development
23483,development
23484,development
23485,development
23486,holdout
23487,development
23488,holdout
23489,development
23490,development
23491,development
23492,development
23493,holdout
23494,holdout
23495,development
23496,development
23497,holdout
23498,holdout
23499,holdout
23500,development
23501,development
23502,development
23503,development
23504,development
23505,holdout
23506,development
23507,development
23508,development
23509,development
23510,holdout
23511,development
23512,development
23513,development
23514,development
23515,holdout
23516,development
23517,holdout
23518,development
23519,development
23520,holdout
23521,development
23522,holdout
23523,development
23524,development
23525,development
23526,development
23527,development
23528,development
23529,holdout
23530,development
23531,development
23532,development
23533,holdout
23534,holdout
23535,development
23536,development
23537,development
23538,development
23539,holdout
23540,development
23541,development
23542,development
23543,development
23544,holdout
23545,development
23546,development
23547,development
23548,development
23549,holdout
23550,development
23551,development
23552,development
23553,holdout
23554,development
23555,development
23556,development
23557,holdout
23558,holdout
23559,development
23560,development
23561,development
23562,development
23563,holdout
23564,development
23565,development
23566,holdout
23567,development
23568,development
23569,development
23570,holdout
23571,development
23572,development
23573,holdout
23574,development
23575,development
23576,development
23577,development
23578,development
23579,development
23580,development
23581,development
23582,development
23583,holdout
23584,holdout
23585,development
23586,holdout
23587,development
23588,development
23589,development
23590,development
23591,development
23592,development
23593,development
23594,development
23595,development
23596,holdout
23597,development
23598,development
23599,development
23600,development
23601,development
23602,development
23603,development
23604,holdout
23605,development
23606,development
23607,development
23608,development
23609,development
23610,development
23611,holdout
23612,development
23613,development
23614,development
23615,holdout
23616,development
23617,development
23618,holdout
23619,holdout
23620,development
23621,development
23622,development
23623,holdout
23624,development
23625,development
23626,holdout
23627,development
23628,holdout
23629,development
23630,development
23631,holdout
23632,development
23633,development
23634,holdout
23635,development
23636,holdout
23637,development
23638,holdout
23639,development
23640,development
23641,development
23642,development
23643,development
23644,development
23645,development
23646,development
23647,holdout
23648,holdout
23649,development
23650,development
23651,development
23652,holdout
23653,development
23654,holdout
23655,holdout
23656,development
23657,development
23658,holdout
23659,development
23660,development
23661,development
23662,holdout
23663,development
23664,development
23665,holdout
23666,development
23667,holdout
23668,development
23669,development
23670,development
23671,holdout
23672,development
23673,development
23674,development
23675,development
23676,holdout
23677,holdout
23678,development
23679,holdout
23680,development
23681,development
23682,development
23683,development
23684,holdout
23685,development
23686,holdout
23687,holdout
23688,development
23689,development
23690,development
23691,development
23692,holdout
23693,holdout
23694,development
23695,holdout
23696,holdout
23697,development
23698,development
23699,development
23700,development
23701,holdout
23702,development
23703,development
23704,development
23705,development
23706,holdout
23707,holdout
23708,development
23709,development
23710,development
23711,development
23712,development
23713,holdout
23714,development
23715,development
23716,holdout
23717,development
23718,holdout
23719,development
23720,development
23721,development
23722,development
23723,holdout
23724,development
23725,development
23726,development
23727,holdout
23728,development
23729,development
23730,holdout
23731,development
23732,development
23733,holdout
23734,holdout
23735,holdout
23736,holdout
23737,development
23738,development
23739,development
23740,holdout
23741,development
23742,holdout
23743,holdout
23744,development
23745,development
23746,holdout
23747,holdout
23748,development
23749,holdout
23750,holdout
23751,holdout
23752,development
23753,development
23754,holdout
23755,development
23756,holdout
23757,development
23758,development
23759,development
23760,development
23761,development
23762,development
23763,holdout
23764,holdout
23765,development
23766,development
23767,development
23768,development
23769,development
23770,development
23771,development
23772,development
23773,development
23774,development
23775,development
23776,holdout
23777,holdout
23778,development
23779,development
23780,development
23781,development
23782,development
23783,holdout
23784,development
23785,development
23786,development
23787,holdout
23788,development
23789,development
23790,development
23791,development
23792,development
23793,development
23794,development
23795,development
23796,development
23797,holdout
23798,development
23799,development
23800,development
23801,development
23802,development
23803,development
23804,development
23805,development
23806,development
23807,development
23808,development
23809,holdout
23810,development
23811,holdout
23812,holdout
23813,development
23814,development
23815,development
23816,development
23817,development
23818,holdout
23819,development
23820,holdout
23821,holdout
23822,development
23823,development
23824,development
23825,development
23826,holdout
23827,development
23828,development
23829,development
23830,development
23831,development
23832,development
23833,development
23834,holdout
23835,development
23836,holdout
23837,development
23838,development
23839,development
23840,holdout
23841,development
23842,development
23843,development
23844,holdout
23845,development
23846,development
23847,development
23848,development
23849,development
23850,development
23851,holdout
23852,development
23853,development
23854,holdout
23855,holdout
23856,holdout
23857,development
23858,holdout
23859,development
23860,development
23861,holdout
23862,development
23863,development
23864,holdout
23865,development
23866,development
23867,holdout
23868,development
23869,development
23870,development
23871,holdout
23872,holdout
23873,holdout
23874,holdout
23875,development
23876,development
23877,development
23878,development
23879,holdout
23880,development
23881,development
23882,holdout
23883,holdout
23884,development
23885,development
23886,holdout
23887,holdout
23888,development
23889,development
23890,development
23891,holdout
23892,holdout
23893,holdout
23894,development
23895,development
23896,development
23897,development
23898,development
23899,development
23900,development
23901,development
23902,holdout
23903,development
23904,holdout
23905,development
23906,development
23907,development
23908,development
23909,development
23910,development
23911,development
23912,development
23913,development
23914,holdout
23915,development
23916,development
23917,holdout
23918,development
23919,holdout
23920,development
23921,holdout
23922,development
23923,development
23924,holdout
23925,development
23926,holdout
23927,development
23928,holdout
23929,development
23930,development
23931,development
23932,holdout
23933,development
23934,holdout
23935,holdout
23936,holdout
23937,development
23938,development
23939,development
23940,development
23941,development
23942,development
23943,development
23944,holdout
23945,development
23946,development
23947,development
23948,development
23949,development
23950,development
23951,development
23952,holdout
23953,holdout
23954,development
23955,development
23956,development
23957,holdout
23958,holdout
23959,development
23960,development
23961,development
23962,development
23963,development
23964,development
23965,development
23966,development
23967,holdout
23968,development
23969,development
23970,development
23971,holdout
23972,holdout
23973,holdout
23974,holdout
23975,holdout
23976,holdout
23977,development
23978,holdout
23979,holdout
23980,development
23981,holdout
23982,development
23983,development
23984,holdout
23985,development
23986,holdout
23987,development
23988,holdout
23989,development
23990,holdout
23991,development
23992,development
23993,holdout
23994,development
23995,development
23996,holdout
23997,development
23998,holdout
23999,development
